time,Clear sky GHI
2020/1/1 9:00,212.2011108
2020/1/1 10:00,402.8196716
2020/1/1 11:00,558.1630859
2020/1/1 12:00,654.6060181
2020/1/1 13:00,681.7824097
2020/1/1 14:00,637.9672241
2020/1/1 15:00,529.7451782
2020/1/1 16:00,368.990387
2020/1/1 17:00,180.4425659
2020/1/1 18:00,29.58468246
2020/1/1 19:00,0
2020/1/1 20:00,0
2020/1/1 21:00,0
2020/1/1 22:00,0
2020/1/1 23:00,0
2020/1/2 0:00,0
2020/1/2 1:00,0
2020/1/2 2:00,0
2020/1/2 3:00,0
2020/1/2 4:00,0
2020/1/2 5:00,0
2020/1/2 6:00,0
2020/1/2 7:00,0
2020/1/2 8:00,48.13088989
2020/1/2 9:00,233.2792206
2020/1/2 10:00,428.7592773
2020/1/2 11:00,584.8334351
2020/1/2 12:00,680.550354
2020/1/2 13:00,706.4830933
2020/1/2 14:00,661.5712891
2020/1/2 15:00,551.2192993
2020/1/2 16:00,386.8708191
2020/1/2 17:00,191.7563171
2020/1/2 18:00,32.08588028
2020/1/2 19:00,0
2020/1/2 20:00,0
2020/1/2 21:00,0
2020/1/2 22:00,0
2020/1/2 23:00,0
2020/1/3 0:00,0
2020/1/3 1:00,0
2020/1/3 2:00,0
2020/1/3 3:00,0
2020/1/3 4:00,0
2020/1/3 5:00,0
2020/1/3 6:00,0
2020/1/3 7:00,0
2020/1/3 8:00,47.55705643
2020/1/3 9:00,234.0895996
2020/1/3 10:00,430.5397339
2020/1/3 11:00,587.5444946
2020/1/3 12:00,685.4827271
2020/1/3 13:00,714.6727295
2020/1/3 14:00,672.6641235
2020/1/3 15:00,562.8363037
2020/1/3 16:00,396.1681824
2020/1/3 17:00,197.6243134
2020/1/3 18:00,33.67077637
2020/1/3 19:00,0
2020/1/3 20:00,0
2020/1/3 21:00,0
2020/1/3 22:00,0
2020/1/3 23:00,0
2020/1/4 0:00,0
2020/1/4 1:00,0
2020/1/4 2:00,0
2020/1/4 3:00,0
2020/1/4 4:00,0
2020/1/4 5:00,0
2020/1/4 6:00,0
2020/1/4 7:00,0
2020/1/4 8:00,41.12238693
2020/1/4 9:00,209.0470886
2020/1/4 10:00,402.2649536
2020/1/4 11:00,561.2262573
2020/1/4 12:00,660.2229614
2020/1/4 13:00,688.6951294
2020/1/4 14:00,645.8895874
2020/1/4 15:00,536.9482422
2020/1/4 16:00,373.9037476
2020/1/4 17:00,183.697937
2020/1/4 18:00,31.89635277
2020/1/4 19:00,0
2020/1/4 20:00,0
2020/1/4 21:00,0
2020/1/4 22:00,0
2020/1/4 23:00,0
2020/1/5 0:00,0
2020/1/5 1:00,0
2020/1/5 2:00,0
2020/1/5 3:00,0
2020/1/5 4:00,0
2020/1/5 5:00,0
2020/1/5 6:00,0
2020/1/5 7:00,0
2020/1/5 8:00,44.65655899
2020/1/5 9:00,223.964859
2020/1/5 10:00,418.6971741
2020/1/5 11:00,575.6192627
2020/1/5 12:00,673.9629517
2020/1/5 13:00,703.5966797
2020/1/5 14:00,661.8504639
2020/1/5 15:00,555.375061
2020/1/5 16:00,395.289917
2020/1/5 17:00,201.8799744
2020/1/5 18:00,36.41326904
2020/1/5 19:00,0
2020/1/5 20:00,0
2020/1/5 21:00,0
2020/1/5 22:00,0
2020/1/5 23:00,0
2020/1/6 0:00,0
2020/1/6 1:00,0
2020/1/6 2:00,0
2020/1/6 3:00,0
2020/1/6 4:00,0
2020/1/6 5:00,0
2020/1/6 6:00,0
2020/1/6 7:00,0
2020/1/6 8:00,43.78696442
2020/1/6 9:00,220.7100372
2020/1/6 10:00,416.9202271
2020/1/6 11:00,575.9733276
2020/1/6 12:00,675.7263794
2020/1/6 13:00,706.0252075
2020/1/6 14:00,665.0667114
2020/1/6 15:00,557.9702148
2020/1/6 16:00,395.7911682
2020/1/6 17:00,200.9975586
2020/1/6 18:00,36.69222641
2020/1/6 19:00,0
2020/1/6 20:00,0
2020/1/6 21:00,0
2020/1/6 22:00,0
2020/1/6 23:00,0
2020/1/7 0:00,0
2020/1/7 1:00,0
2020/1/7 2:00,0
2020/1/7 3:00,0
2020/1/7 4:00,0
2020/1/7 5:00,0
2020/1/7 6:00,0
2020/1/7 7:00,0
2020/1/7 8:00,41.54555511
2020/1/7 9:00,213.5609131
2020/1/7 10:00,408.9062195
2020/1/7 11:00,568.6193848
2020/1/7 12:00,669.0038452
2020/1/7 13:00,699.6030884
2020/1/7 14:00,658.6430054
2020/1/7 15:00,549.6878052
2020/1/7 16:00,384.9102478
2020/1/7 17:00,191.6673431
2020/1/7 18:00,35.16165924
2020/1/7 19:00,0
2020/1/7 20:00,0
2020/1/7 21:00,0
2020/1/7 22:00,0
2020/1/7 23:00,0
2020/1/8 0:00,0
2020/1/8 1:00,0
2020/1/8 2:00,0
2020/1/8 3:00,0
2020/1/8 4:00,0
2020/1/8 5:00,0
2020/1/8 6:00,0
2020/1/8 7:00,0
2020/1/8 8:00,40.28759766
2020/1/8 9:00,213.9575195
2020/1/8 10:00,420.8161011
2020/1/8 11:00,594.5622559
2020/1/8 12:00,704.2231445
2020/1/8 13:00,739.1356201
2020/1/8 14:00,701.9539185
2020/1/8 15:00,594.2160645
2020/1/8 16:00,425.9872131
2020/1/8 17:00,221.1092834
2020/1/8 18:00,42.217659
2020/1/8 19:00,0
2020/1/8 20:00,0
2020/1/8 21:00,0
2020/1/8 22:00,0
2020/1/8 23:00,0
2020/1/9 0:00,0
2020/1/9 1:00,0
2020/1/9 2:00,0
2020/1/9 3:00,0
2020/1/9 4:00,0
2020/1/9 5:00,0
2020/1/9 6:00,0
2020/1/9 7:00,0
2020/1/9 8:00,41.41026306
2020/1/9 9:00,213.536026
2020/1/9 10:00,409.2615051
2020/1/9 11:00,569.7265015
2020/1/9 12:00,671.0857544
2020/1/9 13:00,702.5739746
2020/1/9 14:00,662.1820068
2020/1/9 15:00,554.8915405
2020/1/9 16:00,392.3495178
2020/1/9 17:00,199.372467
2020/1/9 18:00,38.64966965
2020/1/9 19:00,0
2020/1/9 20:00,0
2020/1/9 21:00,0
2020/1/9 22:00,0
2020/1/9 23:00,0
2020/1/10 0:00,0
2020/1/10 1:00,0
2020/1/10 2:00,0
2020/1/10 3:00,0
2020/1/10 4:00,0
2020/1/10 5:00,0
2020/1/10 6:00,0
2020/1/10 7:00,0
2020/1/10 8:00,41.29480362
2020/1/10 9:00,215.4334564
2020/1/10 10:00,414.2160339
2020/1/10 11:00,577.3713379
2020/1/10 12:00,681.3754272
2020/1/10 13:00,715.6964722
2020/1/10 14:00,678.071167
2020/1/10 15:00,571.8683472
2020/1/10 16:00,407.894928
2020/1/10 17:00,210.2593384
2020/1/10 18:00,41.39003754
2020/1/10 19:00,0
2020/1/10 20:00,0
2020/1/10 21:00,0
2020/1/10 22:00,0
2020/1/10 23:00,0
2020/1/11 0:00,0
2020/1/11 1:00,0
2020/1/11 2:00,0
2020/1/11 3:00,0
2020/1/11 4:00,0
2020/1/11 5:00,0
2020/1/11 6:00,0
2020/1/11 7:00,0
2020/1/11 8:00,37.55097961
2020/1/11 9:00,195.9390259
2020/1/11 10:00,383.5788574
2020/1/11 11:00,539.3366089
2020/1/11 12:00,635.1248169
2020/1/11 13:00,659.4265747
2020/1/11 14:00,612.0200806
2020/1/11 15:00,504.1596069
2020/1/11 16:00,350.1913452
2020/1/11 17:00,174.5754089
2020/1/11 18:00,35.26816177
2020/1/11 19:00,0
2020/1/11 20:00,0
2020/1/11 21:00,0
2020/1/11 22:00,0
2020/1/11 23:00,0
2020/1/12 0:00,0
2020/1/12 1:00,0
2020/1/12 2:00,0
2020/1/12 3:00,0
2020/1/12 4:00,0
2020/1/12 5:00,0
2020/1/12 6:00,0
2020/1/12 7:00,0
2020/1/12 8:00,39.79875183
2020/1/12 9:00,210.2457123
2020/1/12 10:00,408.236908
2020/1/12 11:00,572.3049927
2020/1/12 12:00,677.4101563
2020/1/12 13:00,712.5787964
2020/1/12 14:00,675.7592163
2020/1/12 15:00,569.9486694
2020/1/12 16:00,406.1108093
2020/1/12 17:00,209.5404358
2020/1/12 18:00,42.4157753
2020/1/12 19:00,0
2020/1/12 20:00,0
2020/1/12 21:00,0
2020/1/12 22:00,0
2020/1/12 23:00,0
2020/1/13 0:00,0
2020/1/13 1:00,0
2020/1/13 2:00,0
2020/1/13 3:00,0
2020/1/13 4:00,0
2020/1/13 5:00,0
2020/1/13 6:00,0
2020/1/13 7:00,0
2020/1/13 8:00,44.39659882
2020/1/13 9:00,231.538681
2020/1/13 10:00,435.7591248
2020/1/13 11:00,601.8399048
2020/1/13 12:00,707.3341675
2020/1/13 13:00,741.8477173
2020/1/13 14:00,703.1500244
2020/1/13 15:00,594.7559204
2020/1/13 16:00,427.3554382
2020/1/13 17:00,224.2439117
2020/1/13 18:00,46.96170425
2020/1/13 19:00,0
2020/1/13 20:00,0
2020/1/13 21:00,0
2020/1/13 22:00,0
2020/1/13 23:00,0
2020/1/14 0:00,0
2020/1/14 1:00,0
2020/1/14 2:00,0
2020/1/14 3:00,0
2020/1/14 4:00,0
2020/1/14 5:00,0
2020/1/14 6:00,0
2020/1/14 7:00,0
2020/1/14 8:00,38.23832703
2020/1/14 9:00,203.3278351
2020/1/14 10:00,397.4779358
2020/1/14 11:00,559.0471802
2020/1/14 12:00,661.2836304
2020/1/14 13:00,692.8984375
2020/1/14 14:00,652.1503296
2020/1/14 15:00,545.9785156
2020/1/14 16:00,386.7731934
2020/1/14 17:00,199.0204926
2020/1/14 18:00,42.24666977
2020/1/14 19:00,0
2020/1/14 20:00,0
2020/1/14 21:00,0
2020/1/14 22:00,0
2020/1/14 23:00,0
2020/1/15 0:00,0
2020/1/15 1:00,0
2020/1/15 2:00,0
2020/1/15 3:00,0
2020/1/15 4:00,0
2020/1/15 5:00,0
2020/1/15 6:00,0
2020/1/15 7:00,0
2020/1/15 8:00,38.02401733
2020/1/15 9:00,204.2424622
2020/1/15 10:00,404.6445618
2020/1/15 11:00,573.3499756
2020/1/15 12:00,684.0800171
2020/1/15 13:00,725.3743286
2020/1/15 14:00,693.8828735
2020/1/15 15:00,592.3741455
2020/1/15 16:00,431.2452393
2020/1/15 17:00,232.5047455
2020/1/15 18:00,51.27855301
2020/1/15 19:00,0
2020/1/15 20:00,0
2020/1/15 21:00,0
2020/1/15 22:00,0
2020/1/15 23:00,0
2020/1/16 0:00,0
2020/1/16 1:00,0
2020/1/16 2:00,0
2020/1/16 3:00,0
2020/1/16 4:00,0
2020/1/16 5:00,0
2020/1/16 6:00,0
2020/1/16 7:00,0
2020/1/16 8:00,38.13417053
2020/1/16 9:00,202.3174286
2020/1/16 10:00,397.9963074
2020/1/16 11:00,561.8787842
2020/1/16 12:00,666.1801147
2020/1/16 13:00,699.8052368
2020/1/16 14:00,661.2045288
2020/1/16 15:00,552.4382935
2020/1/16 16:00,386.7655945
2020/1/16 17:00,196.1089935
2020/1/16 18:00,42.18397141
2020/1/16 19:00,0
2020/1/16 20:00,0
2020/1/16 21:00,0
2020/1/16 22:00,0
2020/1/16 23:00,0
2020/1/17 0:00,0
2020/1/17 1:00,0
2020/1/17 2:00,0
2020/1/17 3:00,0
2020/1/17 4:00,0
2020/1/17 5:00,0
2020/1/17 6:00,0
2020/1/17 7:00,0
2020/1/17 8:00,37.02434921
2020/1/17 9:00,199.3576355
2020/1/17 10:00,397.6004639
2020/1/17 11:00,566.5489502
2020/1/17 12:00,677.1393433
2020/1/17 13:00,717.0474243
2020/1/17 14:00,683.9445801
2020/1/17 15:00,581.0204468
2020/1/17 16:00,419.2661743
2020/1/17 17:00,222.9088593
2020/1/17 18:00,50.24456406
2020/1/17 19:00,0
2020/1/17 20:00,0
2020/1/17 21:00,0
2020/1/17 22:00,0
2020/1/17 23:00,0
2020/1/18 0:00,0
2020/1/18 1:00,0
2020/1/18 2:00,0
2020/1/18 3:00,0
2020/1/18 4:00,0
2020/1/18 5:00,0
2020/1/18 6:00,0
2020/1/18 7:00,0
2020/1/18 8:00,41.78626633
2020/1/18 9:00,220.2584686
2020/1/18 10:00,421.3604736
2020/1/18 11:00,586.5325317
2020/1/18 12:00,692.3203125
2020/1/18 13:00,727.7387085
2020/1/18 14:00,690.1135254
2020/1/18 15:00,583.3057251
2020/1/18 16:00,418.3927002
2020/1/18 17:00,220.8963165
2020/1/18 18:00,50.44008636
2020/1/18 19:00,0
2020/1/18 20:00,0
2020/1/18 21:00,0
2020/1/18 22:00,0
2020/1/18 23:00,0
2020/1/19 0:00,0
2020/1/19 1:00,0
2020/1/19 2:00,0
2020/1/19 3:00,0
2020/1/19 4:00,0
2020/1/19 5:00,0
2020/1/19 6:00,0
2020/1/19 7:00,0
2020/1/19 8:00,40.52627945
2020/1/19 9:00,215.5000458
2020/1/19 10:00,414.6343994
2020/1/19 11:00,579.5172119
2020/1/19 12:00,686.4058228
2020/1/19 13:00,723.9411621
2020/1/19 14:00,688.0213623
2020/1/19 15:00,581.2345581
2020/1/19 16:00,415.4909973
2020/1/19 17:00,218.8430328
2020/1/19 18:00,51.15761566
2020/1/19 19:00,0
2020/1/19 20:00,0
2020/1/19 21:00,0
2020/1/19 22:00,0
2020/1/19 23:00,0
2020/1/20 0:00,0
2020/1/20 1:00,0
2020/1/20 2:00,0
2020/1/20 3:00,0
2020/1/20 4:00,0
2020/1/20 5:00,0
2020/1/20 6:00,0
2020/1/20 7:00,0
2020/1/20 8:00,44.16802216
2020/1/20 9:00,229.5600891
2020/1/20 10:00,432.8899231
2020/1/20 11:00,598.6896362
2020/1/20 12:00,704.8942261
2020/1/20 13:00,741.1814575
2020/1/20 14:00,704.8508301
2020/1/20 15:00,598.5432129
2020/1/20 16:00,432.7546082
2020/1/20 17:00,231.4403534
2020/1/20 18:00,54.27313232
2020/1/20 19:00,0
2020/1/20 20:00,0
2020/1/20 21:00,0
2020/1/20 22:00,0
2020/1/20 23:00,0
2020/1/21 0:00,0
2020/1/21 1:00,0
2020/1/21 2:00,0
2020/1/21 3:00,0
2020/1/21 4:00,0
2020/1/21 5:00,0
2020/1/21 6:00,0
2020/1/21 7:00,0
2020/1/21 8:00,40.84107208
2020/1/21 9:00,215.1217041
2020/1/21 10:00,413.7868958
2020/1/21 11:00,578.197998
2020/1/21 12:00,684.6065063
2020/1/21 13:00,721.8912964
2020/1/21 14:00,686.2565308
2020/1/21 15:00,581.9560547
2020/1/21 16:00,420.4215088
2020/1/21 17:00,225.5102997
2020/1/21 18:00,54.34086609
2020/1/21 19:00,3.22E-17
2020/1/21 20:00,0
2020/1/21 21:00,0
2020/1/21 22:00,0
2020/1/21 23:00,0
2020/1/22 0:00,0
2020/1/22 1:00,0
2020/1/22 2:00,0
2020/1/22 3:00,0
2020/1/22 4:00,0
2020/1/22 5:00,0
2020/1/22 6:00,0
2020/1/22 7:00,0
2020/1/22 8:00,38.79562378
2020/1/22 9:00,204.7939911
2020/1/22 10:00,402.8813477
2020/1/22 11:00,569.5048828
2020/1/22 12:00,679.3740234
2020/1/22 13:00,720.8051147
2020/1/22 14:00,689.6817627
2020/1/22 15:00,589.1759033
2020/1/22 16:00,429.8047485
2020/1/22 17:00,234.1224823
2020/1/22 18:00,57.66822815
2020/1/22 19:00,1.05E-09
2020/1/22 20:00,0
2020/1/22 21:00,0
2020/1/22 22:00,0
2020/1/22 23:00,0
2020/1/23 0:00,0
2020/1/23 1:00,0
2020/1/23 2:00,0
2020/1/23 3:00,0
2020/1/23 4:00,0
2020/1/23 5:00,0
2020/1/23 6:00,0
2020/1/23 7:00,0
2020/1/23 8:00,40.0466156
2020/1/23 9:00,211.4933929
2020/1/23 10:00,413.9382629
2020/1/23 11:00,583.7145386
2020/1/23 12:00,693.9390259
2020/1/23 13:00,733.2374268
2020/1/23 14:00,699.9799805
2020/1/23 15:00,597.9199829
2020/1/23 16:00,437.3643799
2020/1/23 17:00,239.692627
2020/1/23 18:00,59.87859726
2020/1/23 19:00,0.016371066
2020/1/23 20:00,0
2020/1/23 21:00,0
2020/1/23 22:00,0
2020/1/23 23:00,0
2020/1/24 0:00,0
2020/1/24 1:00,0
2020/1/24 2:00,0
2020/1/24 3:00,0
2020/1/24 4:00,0
2020/1/24 5:00,0
2020/1/24 6:00,0
2020/1/24 7:00,0
2020/1/24 8:00,39.54665756
2020/1/24 9:00,208.9818573
2020/1/24 10:00,411.7410278
2020/1/24 11:00,582.7598267
2020/1/24 12:00,694.6550293
2020/1/24 13:00,735.9332886
2020/1/24 14:00,704.762207
2020/1/24 15:00,603.7377319
2020/1/24 16:00,442.8535156
2020/1/24 17:00,244.1233673
2020/1/24 18:00,61.81348801
2020/1/24 19:00,0.039743457
2020/1/24 20:00,0
2020/1/24 21:00,0
2020/1/24 22:00,0
2020/1/24 23:00,0
2020/1/25 0:00,0
2020/1/25 1:00,0
2020/1/25 2:00,0
2020/1/25 3:00,0
2020/1/25 4:00,0
2020/1/25 5:00,0
2020/1/25 6:00,0
2020/1/25 7:00,0
2020/1/25 8:00,37.64530182
2020/1/25 9:00,196.9785004
2020/1/25 10:00,390.9851685
2020/1/25 11:00,556.2131348
2020/1/25 12:00,664.0975952
2020/1/25 13:00,702.052063
2020/1/25 14:00,667.5980225
2020/1/25 15:00,568.3390503
2020/1/25 16:00,415.6214905
2020/1/25 17:00,228.5336456
2020/1/25 18:00,58.79408646
2020/1/25 19:00,0.061599452
2020/1/25 20:00,0
2020/1/25 21:00,0
2020/1/25 22:00,0
2020/1/25 23:00,0
2020/1/26 0:00,0
2020/1/26 1:00,0
2020/1/26 2:00,0
2020/1/26 3:00,0
2020/1/26 4:00,0
2020/1/26 5:00,0
2020/1/26 6:00,0
2020/1/26 7:00,0
2020/1/26 8:00,41.03683853
2020/1/26 9:00,215.756073
2020/1/26 10:00,420.9330444
2020/1/26 11:00,593.6417236
2020/1/26 12:00,708.1376953
2020/1/26 13:00,752.779541
2020/1/26 14:00,724.9672241
2020/1/26 15:00,623.4342651
2020/1/26 16:00,457.3990173
2020/1/26 17:00,252.4891968
2020/1/26 18:00,65.70101929
2020/1/26 19:00,0.109764077
2020/1/26 20:00,0
2020/1/26 21:00,0
2020/1/26 22:00,0
2020/1/26 23:00,0
2020/1/27 0:00,0
2020/1/27 1:00,0
2020/1/27 2:00,0
2020/1/27 3:00,0
2020/1/27 4:00,0
2020/1/27 5:00,0
2020/1/27 6:00,0
2020/1/27 7:00,0
2020/1/27 8:00,42.21340942
2020/1/27 9:00,218.4620514
2020/1/27 10:00,427.8804626
2020/1/27 11:00,604.442627
2020/1/27 12:00,720.1452637
2020/1/27 13:00,763.3985596
2020/1/27 14:00,732.8978271
2020/1/27 15:00,625.9182129
2020/1/27 16:00,452.9518433
2020/1/27 17:00,245.8379211
2020/1/27 18:00,63.95726776
2020/1/27 19:00,0.15538992
2020/1/27 20:00,0
2020/1/27 21:00,0
2020/1/27 22:00,0
2020/1/27 23:00,0
2020/1/28 0:00,0
2020/1/28 1:00,0
2020/1/28 2:00,0
2020/1/28 3:00,0
2020/1/28 4:00,0
2020/1/28 5:00,0
2020/1/28 6:00,0
2020/1/28 7:00,0
2020/1/28 8:00,45.10667801
2020/1/28 9:00,228.717865
2020/1/28 10:00,434.6233521
2020/1/28 11:00,604.8371582
2020/1/28 12:00,717.5543213
2020/1/28 13:00,761.3233032
2020/1/28 14:00,731.0772095
2020/1/28 15:00,628.1135864
2020/1/28 16:00,462.2136536
2020/1/28 17:00,257.1334229
2020/1/28 18:00,68.86457825
2020/1/28 19:00,0.215715945
2020/1/28 20:00,0
2020/1/28 21:00,0
2020/1/28 22:00,0
2020/1/28 23:00,0
2020/1/29 0:00,0
2020/1/29 1:00,0
2020/1/29 2:00,0
2020/1/29 3:00,0
2020/1/29 4:00,0
2020/1/29 5:00,0
2020/1/29 6:00,0
2020/1/29 7:00,0
2020/1/29 8:00,38.8308754
2020/1/29 9:00,198.984314
2020/1/29 10:00,402.2330322
2020/1/29 11:00,580.7371826
2020/1/29 12:00,700.9464722
2020/1/29 13:00,748.9176636
2020/1/29 14:00,722.3769531
2020/1/29 15:00,622.8800659
2020/1/29 16:00,460.5767517
2020/1/29 17:00,258.6087646
2020/1/29 18:00,70.74677277
2020/1/29 19:00,0.29024899
2020/1/29 20:00,0
2020/1/29 21:00,0
2020/1/29 22:00,0
2020/1/29 23:00,0
2020/1/30 0:00,0
2020/1/30 1:00,0
2020/1/30 2:00,0
2020/1/30 3:00,0
2020/1/30 4:00,0
2020/1/30 5:00,0
2020/1/30 6:00,0
2020/1/30 7:00,0
2020/1/30 8:00,60.13811874
2020/1/30 9:00,278.0346375
2020/1/30 10:00,500.6358032
2020/1/30 11:00,680.9524536
2020/1/30 12:00,798.6968994
2020/1/30 13:00,843.0758667
2020/1/30 14:00,811.3216553
2020/1/30 15:00,704.3625488
2020/1/30 16:00,531.239624
2020/1/30 17:00,311.8096924
2020/1/30 18:00,90.97087097
2020/1/30 19:00,0.420151591
2020/1/30 20:00,0
2020/1/30 21:00,0
2020/1/30 22:00,0
2020/1/30 23:00,0
2020/1/31 0:00,0
2020/1/31 1:00,0
2020/1/31 2:00,0
2020/1/31 3:00,0
2020/1/31 4:00,0
2020/1/31 5:00,0
2020/1/31 6:00,0
2020/1/31 7:00,0
2020/1/31 8:00,55.31198883
2020/1/31 9:00,260.8019714
2020/1/31 10:00,479.1170654
2020/1/31 11:00,656.3572388
2020/1/31 12:00,771.3968506
2020/1/31 13:00,813.5476685
2020/1/31 14:00,779.9155884
2020/1/31 15:00,673.0123291
2020/1/31 16:00,502.4876709
2020/1/31 17:00,288.8654785
2020/1/31 18:00,82.47655487
2020/1/31 19:00,0.475941271
2020/1/31 20:00,0
2020/1/31 21:00,0
2020/1/31 22:00,0
2020/1/31 23:00,0
2020/2/1 0:00,0
2020/2/1 1:00,0
2020/2/1 2:00,0
2020/2/1 3:00,0
2020/2/1 4:00,0
2020/2/1 5:00,0
2020/2/1 6:00,0
2020/2/1 7:00,0
2020/2/1 8:00,46.52774048
2020/2/1 9:00,226.007309
2020/2/1 10:00,430.6827087
2020/2/1 11:00,600.9255371
2020/2/1 12:00,714.8991089
2020/2/1 13:00,760.4071045
2020/2/1 14:00,731.0721436
2020/2/1 15:00,630.2805786
2020/2/1 16:00,468.1855469
2020/2/1 17:00,266.0708618
2020/2/1 18:00,75.83242798
2020/2/1 19:00,0.551040888
2020/2/1 20:00,0
2020/2/1 21:00,0
2020/2/1 22:00,0
2020/2/1 23:00,0
2020/2/2 0:00,0
2020/2/2 1:00,0
2020/2/2 2:00,0
2020/2/2 3:00,0
2020/2/2 4:00,0
2020/2/2 5:00,0
2020/2/2 6:00,0
2020/2/2 7:00,0
2020/2/2 8:00,36.70109558
2020/2/2 9:00,178.1304474
2020/2/2 10:00,361.6239014
2020/2/2 11:00,527.4404907
2020/2/2 12:00,642.0008545
2020/2/2 13:00,689.0715942
2020/2/2 14:00,662.5093384
2020/2/2 15:00,564.7976074
2020/2/2 16:00,408.9261475
2020/2/2 17:00,224.0457306
2020/2/2 18:00,64.11198425
2020/2/2 19:00,0.580332756
2020/2/2 20:00,0
2020/2/2 21:00,0
2020/2/2 22:00,0
2020/2/2 23:00,0
2020/2/3 0:00,0
2020/2/3 1:00,0
2020/2/3 2:00,0
2020/2/3 3:00,0
2020/2/3 4:00,0
2020/2/3 5:00,0
2020/2/3 6:00,0
2020/2/3 7:00,0
2020/2/3 8:00,46.98610306
2020/2/3 9:00,225.7185516
2020/2/3 10:00,427.2168274
2020/2/3 11:00,594.8290405
2020/2/3 12:00,702.1083374
2020/2/3 13:00,736.8416138
2020/2/3 14:00,697.8599243
2020/2/3 15:00,592.6395264
2020/2/3 16:00,432.9246826
2020/2/3 17:00,240.3876038
2020/2/3 18:00,69.1625824
2020/2/3 19:00,0.690586209
2020/2/3 20:00,0
2020/2/3 21:00,0
2020/2/3 22:00,0
2020/2/3 23:00,0
2020/2/4 0:00,0
2020/2/4 1:00,0
2020/2/4 2:00,0
2020/2/4 3:00,0
2020/2/4 4:00,0
2020/2/4 5:00,0
2020/2/4 6:00,0
2020/2/4 7:00,0
2020/2/4 8:00,42.26618195
2020/2/4 9:00,203.5256042
2020/2/4 10:00,401.3844604
2020/2/4 11:00,573.6027832
2020/2/4 12:00,688.578064
2020/2/4 13:00,732.1730957
2020/2/4 14:00,701.673645
2020/2/4 15:00,599.9467163
2020/2/4 16:00,438.968811
2020/2/4 17:00,244.8046875
2020/2/4 18:00,71.19311523
2020/2/4 19:00,0.808508873
2020/2/4 20:00,0
2020/2/4 21:00,0
2020/2/4 22:00,0
2020/2/4 23:00,0
2020/2/5 0:00,0
2020/2/5 1:00,0
2020/2/5 2:00,0
2020/2/5 3:00,0
2020/2/5 4:00,0
2020/2/5 5:00,0
2020/2/5 6:00,0
2020/2/5 7:00,0
2020/2/5 8:00,48.71744537
2020/2/5 9:00,232.1085358
2020/2/5 10:00,440.5593872
2020/2/5 11:00,614.8739014
2020/2/5 12:00,728.7437744
2020/2/5 13:00,770.5091553
2020/2/5 14:00,738.2119751
2020/2/5 15:00,634.7926636
2020/2/5 16:00,470.3419189
2020/2/5 17:00,267.6360168
2020/2/5 18:00,79.49816895
2020/2/5 19:00,0.994514287
2020/2/5 20:00,0
2020/2/5 21:00,0
2020/2/5 22:00,0
2020/2/5 23:00,0
2020/2/6 0:00,0
2020/2/6 1:00,0
2020/2/6 2:00,0
2020/2/6 3:00,0
2020/2/6 4:00,0
2020/2/6 5:00,0
2020/2/6 6:00,0
2020/2/6 7:00,0
2020/2/6 8:00,43.01334381
2020/2/6 9:00,201.1660004
2020/2/6 10:00,397.1612549
2020/2/6 11:00,568.3768311
2020/2/6 12:00,681.7142334
2020/2/6 13:00,723.1969604
2020/2/6 14:00,691.0171509
2020/2/6 15:00,590.8110352
2020/2/6 16:00,434.3378601
2020/2/6 17:00,244.2992554
2020/2/6 18:00,72.66630554
2020/2/6 19:00,1.029089928
2020/2/6 20:00,0
2020/2/6 21:00,0
2020/2/6 22:00,0
2020/2/6 23:00,0
2020/2/7 0:00,0
2020/2/7 1:00,0
2020/2/7 2:00,0
2020/2/7 3:00,0
2020/2/7 4:00,0
2020/2/7 5:00,0
2020/2/7 6:00,0
2020/2/7 7:00,0
2020/2/7 8:00,47.34850693
2020/2/7 9:00,221.7418671
2020/2/7 10:00,427.6796265
2020/2/7 11:00,602.9185791
2020/2/7 12:00,720.1679077
2020/2/7 13:00,766.5875244
2020/2/7 14:00,738.506897
2020/2/7 15:00,637.7075806
2020/2/7 16:00,474.4963684
2020/2/7 17:00,272.316864
2020/2/7 18:00,82.62786102
2020/2/7 19:00,1.262531877
2020/2/7 20:00,0
2020/2/7 21:00,0
2020/2/7 22:00,0
2020/2/7 23:00,0
2020/2/8 0:00,0
2020/2/8 1:00,0
2020/2/8 2:00,0
2020/2/8 3:00,0
2020/2/8 4:00,0
2020/2/8 5:00,0
2020/2/8 6:00,0
2020/2/8 7:00,0
2020/2/8 8:00,54.51180649
2020/2/8 9:00,246.6816559
2020/2/8 10:00,457.8503113
2020/2/8 11:00,632.5975952
2020/2/8 12:00,746.817688
2020/2/8 13:00,789.0393677
2020/2/8 14:00,756.3882446
2020/2/8 15:00,652.1350708
2020/2/8 16:00,486.2831116
2020/2/8 17:00,280.614624
2020/2/8 18:00,86.26181793
2020/2/8 19:00,1.443913102
2020/2/8 20:00,0
2020/2/8 21:00,0
2020/2/8 22:00,0
2020/2/8 23:00,0
2020/2/9 0:00,0
2020/2/9 1:00,0
2020/2/9 2:00,0
2020/2/9 3:00,0
2020/2/9 4:00,0
2020/2/9 5:00,0
2020/2/9 6:00,0
2020/2/9 7:00,0
2020/2/9 8:00,56.66174698
2020/2/9 9:00,251.6120148
2020/2/9 10:00,461.7424927
2020/2/9 11:00,634.5994873
2020/2/9 12:00,749.6605835
2020/2/9 13:00,795.4915161
2020/2/9 14:00,766.4580688
2020/2/9 15:00,664.7373047
2020/2/9 16:00,499.965332
2020/2/9 17:00,292.8483582
2020/2/9 18:00,91.40648651
2020/2/9 19:00,1.636683106
2020/2/9 20:00,0
2020/2/9 21:00,0
2020/2/9 22:00,0
2020/2/9 23:00,0
2020/2/10 0:00,0
2020/2/10 1:00,0
2020/2/10 2:00,0
2020/2/10 3:00,0
2020/2/10 4:00,0
2020/2/10 5:00,0
2020/2/10 6:00,0
2020/2/10 7:00,0
2020/2/10 8:00,52.01189804
2020/2/10 9:00,229.9172974
2020/2/10 10:00,435.1639099
2020/2/10 11:00,608.4899292
2020/2/10 12:00,723.2977905
2020/2/10 13:00,766.8886719
2020/2/10 14:00,735.2285767
2020/2/10 15:00,632.7530518
2020/2/10 16:00,470.6160278
2020/2/10 17:00,271.1508179
2020/2/10 18:00,85.70114899
2020/2/10 19:00,1.744251132
2020/2/10 20:00,0
2020/2/10 21:00,0
2020/2/10 22:00,0
2020/2/10 23:00,0
2020/2/11 0:00,0
2020/2/11 1:00,0
2020/2/11 2:00,0
2020/2/11 3:00,0
2020/2/11 4:00,0
2020/2/11 5:00,0
2020/2/11 6:00,0
2020/2/11 7:00,0
2020/2/11 8:00,52.83605957
2020/2/11 9:00,231.375351
2020/2/11 10:00,437.2315674
2020/2/11 11:00,610.8001709
2020/2/11 12:00,727.3687744
2020/2/11 13:00,774.7244263
2020/2/11 14:00,747.8225708
2020/2/11 15:00,649.4286499
2020/2/11 16:00,489.2155457
2020/2/11 17:00,287.4653931
2020/2/11 18:00,91.95309448
2020/2/11 19:00,1.964284062
2020/2/11 20:00,0
2020/2/11 21:00,0
2020/2/11 22:00,0
2020/2/11 23:00,0
2020/2/12 0:00,0
2020/2/12 1:00,0
2020/2/12 2:00,0
2020/2/12 3:00,0
2020/2/12 4:00,0
2020/2/12 5:00,0
2020/2/12 6:00,0
2020/2/12 7:00,0
2020/2/12 8:00,52.85202789
2020/2/12 9:00,228.7546539
2020/2/12 10:00,433.8198853
2020/2/12 11:00,608.1325073
2020/2/12 12:00,725.2814941
2020/2/12 13:00,772.1109619
2020/2/12 14:00,744.0779419
2020/2/12 15:00,643.796936
2020/2/12 16:00,481.9031372
2020/2/12 17:00,280.8221741
2020/2/12 18:00,89.50709534
2020/2/12 19:00,2.063163042
2020/2/12 20:00,0
2020/2/12 21:00,0
2020/2/12 22:00,0
2020/2/12 23:00,0
2020/2/13 0:00,0
2020/2/13 1:00,0
2020/2/13 2:00,0
2020/2/13 3:00,0
2020/2/13 4:00,0
2020/2/13 5:00,0
2020/2/13 6:00,0
2020/2/13 7:00,0
2020/2/13 8:00,51.21629715
2020/2/13 9:00,216.6717224
2020/2/13 10:00,412.1567078
2020/2/13 11:00,580.0626831
2020/2/13 12:00,698.1873779
2020/2/13 13:00,752.7776489
2020/2/13 14:00,733.2062988
2020/2/13 15:00,638.0068359
2020/2/13 16:00,477.5663452
2020/2/13 17:00,278.3638611
2020/2/13 18:00,89.8815155
2020/2/13 19:00,2.230087757
2020/2/13 20:00,0
2020/2/13 21:00,0
2020/2/13 22:00,0
2020/2/13 23:00,0
2020/2/14 0:00,0
2020/2/14 1:00,0
2020/2/14 2:00,0
2020/2/14 3:00,0
2020/2/14 4:00,0
2020/2/14 5:00,0
2020/2/14 6:00,0
2020/2/14 7:00,0
2020/2/14 8:00,52.66646957
2020/2/14 9:00,223.7792664
2020/2/14 10:00,431.4980774
2020/2/14 11:00,612.1633911
2020/2/14 12:00,731.2857056
2020/2/14 13:00,775.4224854
2020/2/14 14:00,745.3363647
2020/2/14 15:00,644.0626221
2020/2/14 16:00,482.0530701
2020/2/14 17:00,281.2789612
2020/2/14 18:00,90.69303131
2020/2/14 19:00,2.374267817
2020/2/14 20:00,0
2020/2/14 21:00,0
2020/2/14 22:00,0
2020/2/14 23:00,0
2020/2/15 0:00,0
2020/2/15 1:00,0
2020/2/15 2:00,0
2020/2/15 3:00,0
2020/2/15 4:00,0
2020/2/15 5:00,0
2020/2/15 6:00,0
2020/2/15 7:00,0
2020/2/15 8:00,62.03624344
2020/2/15 9:00,254.4634094
2020/2/15 10:00,464.5550232
2020/2/15 11:00,638.368103
2020/2/15 12:00,752.6786499
2020/2/15 13:00,796.1079102
2020/2/15 14:00,765.2709351
2020/2/15 15:00,662.1894531
2020/2/15 16:00,496.675415
2020/2/15 17:00,291.0319519
2020/2/15 18:00,95.19709015
2020/2/15 19:00,2.656391859
2020/2/15 20:00,0
2020/2/15 21:00,0
2020/2/15 22:00,0
2020/2/15 23:00,0
2020/2/16 0:00,0
2020/2/16 1:00,0
2020/2/16 2:00,0
2020/2/16 3:00,0
2020/2/16 4:00,0
2020/2/16 5:00,0
2020/2/16 6:00,0
2020/2/16 7:00,0.017119981
2020/2/16 8:00,62.68523788
2020/2/16 9:00,251.1850433
2020/2/16 10:00,460.5636597
2020/2/16 11:00,635.2994385
2020/2/16 12:00,750.2857666
2020/2/16 13:00,793.0971069
2020/2/16 14:00,760.8482666
2020/2/16 15:00,658.9844971
2020/2/16 16:00,497.6350403
2020/2/16 17:00,295.1322021
2020/2/16 18:00,98.16984558
2020/2/16 19:00,2.898011923
2020/2/16 20:00,0
2020/2/16 21:00,0
2020/2/16 22:00,0
2020/2/16 23:00,0
2020/2/17 0:00,0
2020/2/17 1:00,0
2020/2/17 2:00,0
2020/2/17 3:00,0
2020/2/17 4:00,0
2020/2/17 5:00,0
2020/2/17 6:00,0
2020/2/17 7:00,0.039031878
2020/2/17 8:00,63.39002991
2020/2/17 9:00,256.3202515
2020/2/17 10:00,470.7877197
2020/2/17 11:00,650.0516968
2020/2/17 12:00,770.6479492
2020/2/17 13:00,820.2310181
2020/2/17 14:00,793.2780151
2020/2/17 15:00,692.7097168
2020/2/17 16:00,528.0721436
2020/2/17 17:00,318.3649597
2020/2/17 18:00,108.2752914
2020/2/17 19:00,3.331028938
2020/2/17 20:00,0
2020/2/17 21:00,0
2020/2/17 22:00,0
2020/2/17 23:00,0
2020/2/18 0:00,0
2020/2/18 1:00,0
2020/2/18 2:00,0
2020/2/18 3:00,0
2020/2/18 4:00,0
2020/2/18 5:00,0
2020/2/18 6:00,0
2020/2/18 7:00,0.068052046
2020/2/18 8:00,71.16538239
2020/2/18 9:00,275.9108276
2020/2/18 10:00,497.1045227
2020/2/18 11:00,679.4599609
2020/2/18 12:00,799.3938599
2020/2/18 13:00,845.4815674
2020/2/18 14:00,814.4349365
2020/2/18 15:00,708.2506104
2020/2/18 16:00,536.6803589
2020/2/18 17:00,320.6513367
2020/2/18 18:00,107.9024887
2020/2/18 19:00,3.476844072
2020/2/18 20:00,0
2020/2/18 21:00,0
2020/2/18 22:00,0
2020/2/18 23:00,0
2020/2/19 0:00,0
2020/2/19 1:00,0
2020/2/19 2:00,0
2020/2/19 3:00,0
2020/2/19 4:00,0
2020/2/19 5:00,0
2020/2/19 6:00,0
2020/2/19 7:00,0.100208238
2020/2/19 8:00,60.22951889
2020/2/19 9:00,237.3422394
2020/2/19 10:00,445.3413086
2020/2/19 11:00,623.8005981
2020/2/19 12:00,742.7356567
2020/2/19 13:00,788.6965942
2020/2/19 14:00,758.7905884
2020/2/19 15:00,657.1536255
2020/2/19 16:00,494.5353699
2020/2/19 17:00,292.3609314
2020/2/19 18:00,98.46323395
2020/2/19 19:00,3.415891647
2020/2/19 20:00,0
2020/2/19 21:00,0
2020/2/19 22:00,0
2020/2/19 23:00,0
2020/2/20 0:00,0
2020/2/20 1:00,0
2020/2/20 2:00,0
2020/2/20 3:00,0
2020/2/20 4:00,0
2020/2/20 5:00,0
2020/2/20 6:00,0
2020/2/20 7:00,0.146057695
2020/2/20 8:00,59.75876617
2020/2/20 9:00,232.5919342
2020/2/20 10:00,441.2181091
2020/2/20 11:00,623.1856079
2020/2/20 12:00,745.1735229
2020/2/20 13:00,792.982666
2020/2/20 14:00,764.7714233
2020/2/20 15:00,662.7998047
2020/2/20 16:00,497.9902649
2020/2/20 17:00,293.9169006
2020/2/20 18:00,99.50776672
2020/2/20 19:00,3.629955292
2020/2/20 20:00,0
2020/2/20 21:00,0
2020/2/20 22:00,0
2020/2/20 23:00,0
2020/2/21 0:00,0
2020/2/21 1:00,0
2020/2/21 2:00,0
2020/2/21 3:00,0
2020/2/21 4:00,0
2020/2/21 5:00,0
2020/2/21 6:00,0
2020/2/21 7:00,0.21548219
2020/2/21 8:00,73.57619476
2020/2/21 9:00,279.1358643
2020/2/21 10:00,499.4726868
2020/2/21 11:00,681.3150024
2020/2/21 12:00,800.8671875
2020/2/21 13:00,846.8791504
2020/2/21 14:00,816.4606323
2020/2/21 15:00,711.6455078
2020/2/21 16:00,541.9439087
2020/2/21 17:00,327.5134888
2020/2/21 18:00,113.3700485
2020/2/21 19:00,4.200628281
2020/2/21 20:00,0
2020/2/21 21:00,0
2020/2/21 22:00,0
2020/2/21 23:00,0
2020/2/22 0:00,0
2020/2/22 1:00,0
2020/2/22 2:00,0
2020/2/22 3:00,0
2020/2/22 4:00,0
2020/2/22 5:00,0
2020/2/22 6:00,0
2020/2/22 7:00,0.291296363
2020/2/22 8:00,74.39768219
2020/2/22 9:00,278.9611816
2020/2/22 10:00,498.1025391
2020/2/22 11:00,679.0916748
2020/2/22 12:00,797.6801758
2020/2/22 13:00,842.374939
2020/2/22 14:00,810.4054565
2020/2/22 15:00,703.8015747
2020/2/22 16:00,532.5864868
2020/2/22 17:00,318.8495789
2020/2/22 18:00,110.3046951
2020/2/22 19:00,4.327987194
2020/2/22 20:00,0
2020/2/22 21:00,0
2020/2/22 22:00,0
2020/2/22 23:00,0
2020/2/23 0:00,0
2020/2/23 1:00,0
2020/2/23 2:00,0
2020/2/23 3:00,0
2020/2/23 4:00,0
2020/2/23 5:00,0
2020/2/23 6:00,0
2020/2/23 7:00,0.387414008
2020/2/23 8:00,76.6517868
2020/2/23 9:00,282.3639221
2020/2/23 10:00,506.3459778
2020/2/23 11:00,692.0024414
2020/2/23 12:00,812.8518677
2020/2/23 13:00,857.815979
2020/2/23 14:00,826.1472168
2020/2/23 15:00,718.9997559
2020/2/23 16:00,545.9636841
2020/2/23 17:00,328.7883606
2020/2/23 18:00,114.9844818
2020/2/23 19:00,4.686691761
2020/2/23 20:00,0
2020/2/23 21:00,0
2020/2/23 22:00,0
2020/2/23 23:00,0
2020/2/24 0:00,0
2020/2/24 1:00,0
2020/2/24 2:00,0
2020/2/24 3:00,0
2020/2/24 4:00,0
2020/2/24 5:00,0
2020/2/24 6:00,0
2020/2/24 7:00,0.49855724
2020/2/24 8:00,79.66616058
2020/2/24 9:00,283.4357605
2020/2/24 10:00,500.4655457
2020/2/24 11:00,678.9109497
2020/2/24 12:00,796.0471191
2020/2/24 13:00,840.3833008
2020/2/24 14:00,808.0018921
2020/2/24 15:00,703.6894531
2020/2/24 16:00,537.3409424
2020/2/24 17:00,326.8898926
2020/2/24 18:00,116.7024231
2020/2/24 19:00,5.011272907
2020/2/24 20:00,0
2020/2/24 21:00,0
2020/2/24 22:00,0
2020/2/24 23:00,0
2020/2/25 0:00,0
2020/2/25 1:00,0
2020/2/25 2:00,0
2020/2/25 3:00,0
2020/2/25 4:00,0
2020/2/25 5:00,0
2020/2/25 6:00,0
2020/2/25 7:00,0.626243234
2020/2/25 8:00,86.43460846
2020/2/25 9:00,299.3529053
2020/2/25 10:00,518.8088989
2020/2/25 11:00,697.3076782
2020/2/25 12:00,813.1068726
2020/2/25 13:00,855.5496216
2020/2/25 14:00,821.9934692
2020/2/25 15:00,716.0091553
2020/2/25 16:00,546.9585571
2020/2/25 17:00,333.196106
2020/2/25 18:00,118.6491623
2020/2/25 19:00,5.216305256
2020/2/25 20:00,0
2020/2/25 21:00,0
2020/2/25 22:00,0
2020/2/25 23:00,0
2020/2/26 0:00,0
2020/2/26 1:00,0
2020/2/26 2:00,0
2020/2/26 3:00,0
2020/2/26 4:00,0
2020/2/26 5:00,0
2020/2/26 6:00,0
2020/2/26 7:00,0.759810984
2020/2/26 8:00,89.25127411
2020/2/26 9:00,308.0460815
2020/2/26 10:00,531.4620972
2020/2/26 11:00,713.4368896
2020/2/26 12:00,830.9793091
2020/2/26 13:00,873.718689
2020/2/26 14:00,840.2422485
2020/2/26 15:00,731.2877808
2020/2/26 16:00,556.138855
2020/2/26 17:00,336.2177429
2020/2/26 18:00,119.2887268
2020/2/26 19:00,5.430961132
2020/2/26 20:00,0
2020/2/26 21:00,0
2020/2/26 22:00,0
2020/2/26 23:00,0
2020/2/27 0:00,0
2020/2/27 1:00,0
2020/2/27 2:00,0
2020/2/27 3:00,0
2020/2/27 4:00,0
2020/2/27 5:00,0
2020/2/27 6:00,0
2020/2/27 7:00,0.808054447
2020/2/27 8:00,72.32264709
2020/2/27 9:00,255.5612946
2020/2/27 10:00,473.8450928
2020/2/27 11:00,663.5106812
2020/2/27 12:00,790.5124512
2020/2/27 13:00,841.3594971
2020/2/27 14:00,815.4083252
2020/2/27 15:00,714.7634888
2020/2/27 16:00,549.0719604
2020/2/27 17:00,337.9852295
2020/2/27 18:00,123.4875946
2020/2/27 19:00,5.873124599
2020/2/27 20:00,0
2020/2/27 21:00,0
2020/2/27 22:00,0
2020/2/27 23:00,0
2020/2/28 0:00,0
2020/2/28 1:00,0
2020/2/28 2:00,0
2020/2/28 3:00,0
2020/2/28 4:00,0
2020/2/28 5:00,0
2020/2/28 6:00,0
2020/2/28 7:00,1.10676837
2020/2/28 8:00,91.60691071
2020/2/28 9:00,302.9989929
2020/2/28 10:00,520.7161255
2020/2/28 11:00,697.7252808
2020/2/28 12:00,814.5358276
2020/2/28 13:00,859.8775024
2020/2/28 14:00,828.3310547
2020/2/28 15:00,723.9608154
2020/2/28 16:00,556.5083008
2020/2/28 17:00,344.0521851
2020/2/28 18:00,127.0124054
2020/2/28 19:00,6.210829258
2020/2/28 20:00,0
2020/2/28 21:00,0
2020/2/28 22:00,0
2020/2/28 23:00,0
2020/2/29 0:00,0
2020/2/29 1:00,0
2020/2/29 2:00,0
2020/2/29 3:00,0
2020/2/29 4:00,0
2020/2/29 5:00,0
2020/2/29 6:00,0
2020/2/29 7:00,1.276024103
2020/2/29 8:00,95.12622833
2020/2/29 9:00,314.3538513
2020/2/29 10:00,538.1105957
2020/2/29 11:00,720.3065186
2020/2/29 12:00,838.0046387
2020/2/29 13:00,880.8362427
2020/2/29 14:00,847.7167969
2020/2/29 15:00,740.8470459
2020/2/29 16:00,569.5620728
2020/2/29 17:00,352.4201355
2020/2/29 18:00,130.5799408
2020/2/29 19:00,6.526304722
2020/2/29 20:00,0
2020/2/29 21:00,0
2020/2/29 22:00,0
2020/2/29 23:00,0
2020/3/1 0:00,0
2020/3/1 1:00,0
2020/3/1 2:00,0
2020/3/1 3:00,0
2020/3/1 4:00,0
2020/3/1 5:00,0
2020/3/1 6:00,0
2020/3/1 7:00,1.335806131
2020/3/1 8:00,81.72368622
2020/3/1 9:00,273.2887573
2020/3/1 10:00,486.015625
2020/3/1 11:00,664.8308105
2020/3/1 12:00,780.8513184
2020/3/1 13:00,821.7279053
2020/3/1 14:00,786.7434082
2020/3/1 15:00,680.250061
2020/3/1 16:00,513.2804565
2020/3/1 17:00,307.3588257
2020/3/1 18:00,108.8999863
2020/3/1 19:00,5.693099499
2020/3/1 20:00,0
2020/3/1 21:00,0
2020/3/1 22:00,0
2020/3/1 23:00,0
2020/3/2 0:00,0
2020/3/2 1:00,0
2020/3/2 2:00,0
2020/3/2 3:00,0
2020/3/2 4:00,0
2020/3/2 5:00,0
2020/3/2 6:00,0
2020/3/2 7:00,1.509514689
2020/3/2 8:00,81.38832092
2020/3/2 9:00,268.8435669
2020/3/2 10:00,476.6976318
2020/3/2 11:00,652.1168823
2020/3/2 12:00,769.1793823
2020/3/2 13:00,814.8518066
2020/3/2 14:00,784.3387451
2020/3/2 15:00,681.0547485
2020/3/2 16:00,516.1494751
2020/3/2 17:00,311.7394714
2020/3/2 18:00,112.5670929
2020/3/2 19:00,6.10484314
2020/3/2 20:00,0
2020/3/2 21:00,0
2020/3/2 22:00,0
2020/3/2 23:00,0
2020/3/3 0:00,0
2020/3/3 1:00,0
2020/3/3 2:00,0
2020/3/3 3:00,0
2020/3/3 4:00,0
2020/3/3 5:00,0
2020/3/3 6:00,0
2020/3/3 7:00,1.556432009
2020/3/3 8:00,70.57865143
2020/3/3 9:00,231.483017
2020/3/3 10:00,424.1370239
2020/3/3 11:00,593.4567261
2020/3/3 12:00,705.6727295
2020/3/3 13:00,745.5518799
2020/3/3 14:00,711.1124268
2020/3/3 15:00,609.0869141
2020/3/3 16:00,452.4550476
2020/3/3 17:00,264.806427
2020/3/3 18:00,94.63631439
2020/3/3 19:00,5.546121597
2020/3/3 20:00,0
2020/3/3 21:00,0
2020/3/3 22:00,0
2020/3/3 23:00,0
2020/3/4 0:00,0
2020/3/4 1:00,0
2020/3/4 2:00,0
2020/3/4 3:00,0
2020/3/4 4:00,0
2020/3/4 5:00,0
2020/3/4 6:00,0
2020/3/4 7:00,1.793132901
2020/3/4 8:00,74.26153564
2020/3/4 9:00,241.7168274
2020/3/4 10:00,436.6082458
2020/3/4 11:00,604.699585
2020/3/4 12:00,714.0482788
2020/3/4 13:00,750.3141479
2020/3/4 14:00,712.0292969
2020/3/4 15:00,606.5015259
2020/3/4 16:00,447.3240662
2020/3/4 17:00,259.5041199
2020/3/4 18:00,92.53640747
2020/3/4 19:00,5.591798306
2020/3/4 20:00,0
2020/3/4 21:00,0
2020/3/4 22:00,0
2020/3/4 23:00,0
2020/3/5 0:00,0
2020/3/5 1:00,0
2020/3/5 2:00,0
2020/3/5 3:00,0
2020/3/5 4:00,0
2020/3/5 5:00,0
2020/3/5 6:00,0
2020/3/5 7:00,2.455875874
2020/3/5 8:00,102.2883301
2020/3/5 9:00,316.7934875
2020/3/5 10:00,531.3892212
2020/3/5 11:00,705.361145
2020/3/5 12:00,818.6295776
2020/3/5 13:00,860.0358276
2020/3/5 14:00,825.4505005
2020/3/5 15:00,717.6260986
2020/3/5 16:00,546.6807251
2020/3/5 17:00,333.6238708
2020/3/5 18:00,123.5533524
2020/3/5 19:00,7.282428265
2020/3/5 20:00,0
2020/3/5 21:00,0
2020/3/5 22:00,0
2020/3/5 23:00,0
2020/3/6 0:00,0
2020/3/6 1:00,0
2020/3/6 2:00,0
2020/3/6 3:00,0
2020/3/6 4:00,0
2020/3/6 5:00,0
2020/3/6 6:00,0
2020/3/6 7:00,2.611003876
2020/3/6 8:00,90.01978302
2020/3/6 9:00,278.0131836
2020/3/6 10:00,487.3190613
2020/3/6 11:00,663.5100708
2020/3/6 12:00,781.3112793
2020/3/6 13:00,828.1541138
2020/3/6 14:00,799.1361084
2020/3/6 15:00,697.8363037
2020/3/6 16:00,534.6620483
2020/3/6 17:00,329.4193115
2020/3/6 18:00,124.2601776
2020/3/6 19:00,7.590684891
2020/3/6 20:00,0
2020/3/6 21:00,0
2020/3/6 22:00,0
2020/3/6 23:00,0
2020/3/7 0:00,0
2020/3/7 1:00,0
2020/3/7 2:00,0
2020/3/7 3:00,0
2020/3/7 4:00,0
2020/3/7 5:00,0
2020/3/7 6:00,0
2020/3/7 7:00,3.000509262
2020/3/7 8:00,97.01283264
2020/3/7 9:00,295.6952209
2020/3/7 10:00,509.290863
2020/3/7 11:00,686.4365845
2020/3/7 12:00,804.5103149
2020/3/7 13:00,851.7315674
2020/3/7 14:00,823.1793823
2020/3/7 15:00,719.7144165
2020/3/7 16:00,551.3070068
2020/3/7 17:00,339.8026733
2020/3/7 18:00,127.4052963
2020/3/7 19:00,7.825897217
2020/3/7 20:00,0
2020/3/7 21:00,0
2020/3/7 22:00,0
2020/3/7 23:00,0
2020/3/8 0:00,0
2020/3/8 1:00,0
2020/3/8 2:00,0
2020/3/8 3:00,0
2020/3/8 4:00,0
2020/3/8 5:00,0
2020/3/8 6:00,0
2020/3/8 7:00,3.253819704
2020/3/8 8:00,97.67888641
2020/3/8 9:00,295.9541321
2020/3/8 10:00,506.4740906
2020/3/8 11:00,680.4715576
2020/3/8 12:00,796.1548462
2020/3/8 13:00,841.699707
2020/3/8 14:00,811.4580688
2020/3/8 15:00,709.6015015
2020/3/8 16:00,546.1383057
2020/3/8 17:00,339.3235474
2020/3/8 18:00,129.2534637
2020/3/8 19:00,8.242307663
2020/3/8 20:00,0
2020/3/8 21:00,0
2020/3/8 22:00,0
2020/3/8 23:00,0
2020/3/9 0:00,0
2020/3/9 1:00,0
2020/3/9 2:00,0
2020/3/9 3:00,0
2020/3/9 4:00,0
2020/3/9 5:00,0
2020/3/9 6:00,0
2020/3/9 7:00,3.4357481
2020/3/9 8:00,90.17960358
2020/3/9 9:00,275.8025513
2020/3/9 10:00,491.9836121
2020/3/9 11:00,677.6744995
2020/3/9 12:00,799.9058838
2020/3/9 13:00,845.7944946
2020/3/9 14:00,816.0765991
2020/3/9 15:00,710.6084595
2020/3/9 16:00,540.0344849
2020/3/9 17:00,329.0615234
2020/3/9 18:00,123.2625275
2020/3/9 19:00,8.071325302
2020/3/9 20:00,0
2020/3/9 21:00,0
2020/3/9 22:00,0
2020/3/9 23:00,0
2020/3/10 0:00,0
2020/3/10 1:00,0
2020/3/10 2:00,0
2020/3/10 3:00,0
2020/3/10 4:00,0
2020/3/10 5:00,0
2020/3/10 6:00,0
2020/3/10 7:00,4.310203075
2020/3/10 8:00,109.5787582
2020/3/10 9:00,319.5548401
2020/3/10 10:00,540.8560181
2020/3/10 11:00,723.3325806
2020/3/10 12:00,841.6484985
2020/3/10 13:00,884.4483032
2020/3/10 14:00,850.703186
2020/3/10 15:00,742.383606
2020/3/10 16:00,569.5193481
2020/3/10 17:00,352.9334717
2020/3/10 18:00,134.2844238
2020/3/10 19:00,8.839201927
2020/3/10 20:00,0
2020/3/10 21:00,0
2020/3/10 22:00,0
2020/3/10 23:00,0
2020/3/11 0:00,0
2020/3/11 1:00,0
2020/3/11 2:00,0
2020/3/11 3:00,0
2020/3/11 4:00,0
2020/3/11 5:00,0
2020/3/11 6:00,0
2020/3/11 7:00,3.79697156
2020/3/11 8:00,83.25793457
2020/3/11 9:00,246.1303864
2020/3/11 10:00,438.1597595
2020/3/11 11:00,606.7171021
2020/3/11 12:00,720.2081299
2020/3/11 13:00,763.1538696
2020/3/11 14:00,731.1937866
2020/3/11 15:00,627.2289429
2020/3/11 16:00,464.892334
2020/3/11 17:00,273.0634766
2020/3/11 18:00,101.1400375
2020/3/11 19:00,7.30767107
2020/3/11 20:00,0
2020/3/11 21:00,0
2020/3/11 22:00,0
2020/3/11 23:00,0
2020/3/12 0:00,0
2020/3/12 1:00,0
2020/3/12 2:00,0
2020/3/12 3:00,0
2020/3/12 4:00,0
2020/3/12 5:00,0
2020/3/12 6:00,0
2020/3/12 7:00,4.838993073
2020/3/12 8:00,105.8744354
2020/3/12 9:00,302.6940308
2020/3/12 10:00,505.9787292
2020/3/12 11:00,671.7197876
2020/3/12 12:00,780.1893921
2020/3/12 13:00,819.8342896
2020/3/12 14:00,784.2493896
2020/3/12 15:00,678.5397339
2020/3/12 16:00,513.7819214
2020/3/12 17:00,311.1997375
2020/3/12 18:00,116.704216
2020/3/12 19:00,8.258674622
2020/3/12 20:00,0
2020/3/12 21:00,0
2020/3/12 22:00,0
2020/3/12 23:00,0
2020/3/13 0:00,0
2020/3/13 1:00,0
2020/3/13 2:00,0
2020/3/13 3:00,0
2020/3/13 4:00,0
2020/3/13 5:00,0
2020/3/13 6:00,0
2020/3/13 7:00,4.644985676
2020/3/13 8:00,89.22993469
2020/3/13 9:00,256.3464661
2020/3/13 10:00,445.3881836
2020/3/13 11:00,606.3128052
2020/3/13 12:00,710.6702881
2020/3/13 13:00,744.7880859
2020/3/13 14:00,705.2950439
2020/3/13 15:00,602.8494873
2020/3/13 16:00,450.335907
2020/3/13 17:00,267.5450439
2020/3/13 18:00,99.23258209
2020/3/13 19:00,7.361352444
2020/3/13 20:00,0
2020/3/13 21:00,0
2020/3/13 22:00,0
2020/3/13 23:00,0
2020/3/14 0:00,0
2020/3/14 1:00,0
2020/3/14 2:00,0
2020/3/14 3:00,0
2020/3/14 4:00,0
2020/3/14 5:00,0
2020/3/14 6:00,0
2020/3/14 7:00,5.777382851
2020/3/14 8:00,109.5532761
2020/3/14 9:00,308.3422241
2020/3/14 10:00,520.2828979
2020/3/14 11:00,696.1618042
2020/3/14 12:00,806.8834229
2020/3/14 13:00,840.3446045
2020/3/14 14:00,798.0899048
2020/3/14 15:00,684.1380615
2020/3/14 16:00,510.2327576
2020/3/14 17:00,302.73172
2020/3/14 18:00,111.9121246
2020/3/14 19:00,8.30921936
2020/3/14 20:00,0
2020/3/14 21:00,0
2020/3/14 22:00,0
2020/3/14 23:00,0
2020/3/15 0:00,0
2020/3/15 1:00,0
2020/3/15 2:00,0
2020/3/15 3:00,0
2020/3/15 4:00,0
2020/3/15 5:00,0
2020/3/15 6:00,0
2020/3/15 7:00,5.692585468
2020/3/15 8:00,97.92388916
2020/3/15 9:00,281.0021362
2020/3/15 10:00,491.7462769
2020/3/15 11:00,674.7960815
2020/3/15 12:00,794.8753052
2020/3/15 13:00,838.2293701
2020/3/15 14:00,805.2850342
2020/3/15 15:00,697.6036987
2020/3/15 16:00,526.9650879
2020/3/15 17:00,319.0090637
2020/3/15 18:00,120.709053
2020/3/15 19:00,9.083321571
2020/3/15 20:00,0
2020/3/15 21:00,0
2020/3/15 22:00,0
2020/3/15 23:00,0
2020/3/16 0:00,0
2020/3/16 1:00,0
2020/3/16 2:00,0
2020/3/16 3:00,0
2020/3/16 4:00,0
2020/3/16 5:00,0
2020/3/16 6:00,0
2020/3/16 7:00,5.94054842
2020/3/16 8:00,96.18238831
2020/3/16 9:00,273.4483032
2020/3/16 10:00,476.7262268
2020/3/16 11:00,652.1636963
2020/3/16 12:00,767.9928589
2020/3/16 13:00,809.9142456
2020/3/16 14:00,776.3146362
2020/3/16 15:00,670.0006714
2020/3/16 16:00,503.1993713
2020/3/16 17:00,301.5024109
2020/3/16 18:00,112.4632034
2020/3/16 19:00,8.630846977
2020/3/16 20:00,0
2020/3/16 21:00,0
2020/3/16 22:00,0
2020/3/16 23:00,0
2020/3/17 0:00,0
2020/3/17 1:00,0
2020/3/17 2:00,0
2020/3/17 3:00,0
2020/3/17 4:00,0
2020/3/17 5:00,0
2020/3/17 6:00,0
2020/3/17 7:00,6.04449749
2020/3/17 8:00,94.80523682
2020/3/17 9:00,266.7891846
2020/3/17 10:00,454.1265259
2020/3/17 11:00,611.4303589
2020/3/17 12:00,717.1124268
2020/3/17 13:00,757.9671631
2020/3/17 14:00,725.0896606
2020/3/17 15:00,621.7283325
2020/3/17 16:00,461.3668518
2020/3/17 17:00,271.9089355
2020/3/17 18:00,100.6395416
2020/3/17 19:00,7.950294018
2020/3/17 20:00,0
2020/3/17 21:00,0
2020/3/17 22:00,0
2020/3/17 23:00,0
2020/3/18 0:00,0
2020/3/18 1:00,0
2020/3/18 2:00,0
2020/3/18 3:00,0
2020/3/18 4:00,0
2020/3/18 5:00,0
2020/3/18 6:00,0
2020/3/18 7:00,5.590324402
2020/3/18 8:00,78.59408569
2020/3/18 9:00,218.2827759
2020/3/18 10:00,384.2972717
2020/3/18 11:00,532.489502
2020/3/18 12:00,635.1391602
2020/3/18 13:00,676.3231201
2020/3/18 14:00,647.288147
2020/3/18 15:00,554.6937866
2020/3/18 16:00,412.3464966
2020/3/18 17:00,243.8726807
2020/3/18 18:00,90.85578918
2020/3/18 19:00,7.367714882
2020/3/18 20:00,0
2020/3/18 21:00,0
2020/3/18 22:00,0
2020/3/18 23:00,0
2020/3/19 0:00,0
2020/3/19 1:00,0
2020/3/19 2:00,0
2020/3/19 3:00,0
2020/3/19 4:00,0
2020/3/19 5:00,0
2020/3/19 6:00,0
2020/3/19 7:00,6.538836002
2020/3/19 8:00,87.45141602
2020/3/19 9:00,239.1989441
2020/3/19 10:00,416.5595398
2020/3/19 11:00,572.4630127
2020/3/19 12:00,681.8571777
2020/3/19 13:00,729.3477783
2020/3/19 14:00,704.2459106
2020/3/19 15:00,608.829895
2020/3/19 16:00,456.6799316
2020/3/19 17:00,273.9924927
2020/3/19 18:00,104.5543137
2020/3/19 19:00,8.732685089
2020/3/19 20:00,0
2020/3/19 21:00,0
2020/3/19 22:00,0
2020/3/19 23:00,0
2020/3/20 0:00,0
2020/3/20 1:00,0
2020/3/20 2:00,0
2020/3/20 3:00,0
2020/3/20 4:00,0
2020/3/20 5:00,0
2020/3/20 6:00,0
2020/3/20 7:00,7.411782265
2020/3/20 8:00,93.68728638
2020/3/20 9:00,253.6363068
2020/3/20 10:00,442.1028748
2020/3/20 11:00,608.9594727
2020/3/20 12:00,718.2166748
2020/3/20 13:00,753.7163696
2020/3/20 14:00,715.5246582
2020/3/20 15:00,610.3238525
2020/3/20 16:00,452.2784729
2020/3/20 17:00,267.0952759
2020/3/20 18:00,101.3291931
2020/3/20 19:00,8.680312157
2020/3/20 20:00,0
2020/3/20 21:00,0
2020/3/20 22:00,0
2020/3/20 23:00,0
2020/3/21 0:00,0
2020/3/21 1:00,0
2020/3/21 2:00,0
2020/3/21 3:00,0
2020/3/21 4:00,0
2020/3/21 5:00,0
2020/3/21 6:00,0
2020/3/21 7:00,8.794406891
2020/3/21 8:00,112.8417435
2020/3/21 9:00,305.5957031
2020/3/21 10:00,510.1337585
2020/3/21 11:00,680.1257935
2020/3/21 12:00,791.9473877
2020/3/21 13:00,833.5465698
2020/3/21 14:00,800.3103027
2020/3/21 15:00,692.4938965
2020/3/21 16:00,521.6387939
2020/3/21 17:00,314.8258057
2020/3/21 18:00,119.7620087
2020/3/21 19:00,10.03587723
2020/3/21 20:00,0
2020/3/21 21:00,0
2020/3/21 22:00,0
2020/3/21 23:00,0
2020/3/22 0:00,0
2020/3/22 1:00,0
2020/3/22 2:00,0
2020/3/22 3:00,0
2020/3/22 4:00,0
2020/3/22 5:00,0
2020/3/22 6:00,0
2020/3/22 7:00,10.68644524
2020/3/22 8:00,135.1908722
2020/3/22 9:00,347.6968994
2020/3/22 10:00,556.2842407
2020/3/22 11:00,723.5559082
2020/3/22 12:00,829.2386475
2020/3/22 13:00,862.772583
2020/3/22 14:00,821.0568848
2020/3/22 15:00,709.300415
2020/3/22 16:00,538.809082
2020/3/22 17:00,330.3381958
2020/3/22 18:00,128.6247864
2020/3/22 19:00,10.91678143
2020/3/22 20:00,0
2020/3/22 21:00,0
2020/3/22 22:00,0
2020/3/22 23:00,0
2020/3/23 0:00,0
2020/3/23 1:00,0
2020/3/23 2:00,0
2020/3/23 3:00,0
2020/3/23 4:00,0
2020/3/23 5:00,0
2020/3/23 6:00,0
2020/3/23 7:00,11.79669094
2020/3/23 8:00,142.3472137
2020/3/23 9:00,360.6902466
2020/3/23 10:00,573.2035522
2020/3/23 11:00,743.0725708
2020/3/23 12:00,851.8741455
2020/3/23 13:00,889.364624
2020/3/23 14:00,851.1886597
2020/3/23 15:00,742.2407227
2020/3/23 16:00,572.7043457
2020/3/23 17:00,360.5433044
2020/3/23 18:00,144.4969025
2020/3/23 19:00,12.28585625
2020/3/23 20:00,0
2020/3/23 21:00,0
2020/3/23 22:00,0
2020/3/23 23:00,0
2020/3/24 0:00,0
2020/3/24 1:00,0
2020/3/24 2:00,0
2020/3/24 3:00,0
2020/3/24 4:00,0
2020/3/24 5:00,0
2020/3/24 6:00,0
2020/3/24 7:00,12.3759203
2020/3/24 8:00,136.4312592
2020/3/24 9:00,345.3814697
2020/3/24 10:00,561.9464111
2020/3/24 11:00,739.4556274
2020/3/24 12:00,851.4552612
2020/3/24 13:00,886.8915405
2020/3/24 14:00,846.1071167
2020/3/24 15:00,734.4991455
2020/3/24 16:00,563.1383057
2020/3/24 17:00,351.447052
2020/3/24 18:00,141.0661316
2020/3/24 19:00,12.45210934
2020/3/24 20:00,0
2020/3/24 21:00,0
2020/3/24 22:00,0
2020/3/24 23:00,0
2020/3/25 0:00,0
2020/3/25 1:00,0
2020/3/25 2:00,0
2020/3/25 3:00,0
2020/3/25 4:00,0
2020/3/25 5:00,0
2020/3/25 6:00,0
2020/3/25 7:00,13.98053646
2020/3/25 8:00,149.8200378
2020/3/25 9:00,368.5849304
2020/3/25 10:00,585.0775146
2020/3/25 11:00,758.9616699
2020/3/25 12:00,870.5158081
2020/3/25 13:00,909.598877
2020/3/25 14:00,872.909668
2020/3/25 15:00,762.8917236
2020/3/25 16:00,589.5852051
2020/3/25 17:00,372.9267883
2020/3/25 18:00,150.9400482
2020/3/25 19:00,13.22278881
2020/3/25 20:00,0
2020/3/25 21:00,0
2020/3/25 22:00,0
2020/3/25 23:00,0
2020/3/26 0:00,0
2020/3/26 1:00,0
2020/3/26 2:00,0
2020/3/26 3:00,0
2020/3/26 4:00,0
2020/3/26 5:00,0
2020/3/26 6:00,0
2020/3/26 7:00,13.75256443
2020/3/26 8:00,137.4399872
2020/3/26 9:00,341.272583
2020/3/26 10:00,553.5664063
2020/3/26 11:00,727.2661743
2020/3/26 12:00,836.8563843
2020/3/26 13:00,871.5380859
2020/3/26 14:00,831.1978149
2020/3/26 15:00,720.8621216
2020/3/26 16:00,551.4016724
2020/3/26 17:00,342.7197266
2020/3/26 18:00,136.4223938
2020/3/26 19:00,12.29361916
2020/3/26 20:00,0
2020/3/26 21:00,0
2020/3/26 22:00,0
2020/3/26 23:00,0
2020/3/27 0:00,0
2020/3/27 1:00,0
2020/3/27 2:00,0
2020/3/27 3:00,0
2020/3/27 4:00,0
2020/3/27 5:00,0
2020/3/27 6:00,0
2020/3/27 7:00,13.8038578
2020/3/27 8:00,133.7556
2020/3/27 9:00,336.1834106
2020/3/27 10:00,550.2870483
2020/3/27 11:00,727.2242432
2020/3/27 12:00,841.8880005
2020/3/27 13:00,883.1521606
2020/3/27 14:00,849.2009277
2020/3/27 15:00,741.3737793
2020/3/27 16:00,570.0708618
2020/3/27 17:00,357.6722107
2020/3/27 18:00,143.2040253
2020/3/27 19:00,12.92510986
2020/3/27 20:00,0
2020/3/27 21:00,0
2020/3/27 22:00,0
2020/3/27 23:00,0
2020/3/28 0:00,0
2020/3/28 1:00,0
2020/3/28 2:00,0
2020/3/28 3:00,0
2020/3/28 4:00,0
2020/3/28 5:00,0
2020/3/28 6:00,0
2020/3/28 7:00,14.7285614
2020/3/28 8:00,139.8852844
2020/3/28 9:00,346.4653015
2020/3/28 10:00,557.5058594
2020/3/28 11:00,730.2314453
2020/3/28 12:00,840.5784912
2020/3/28 13:00,877.2391968
2020/3/28 14:00,838.3244629
2020/3/28 15:00,727.0528564
2020/3/28 16:00,554.7280273
2020/3/28 17:00,343.8981934
2020/3/28 18:00,137.4332275
2020/3/28 19:00,12.88802242
2020/3/28 20:00,0
2020/3/28 21:00,0
2020/3/28 22:00,0
2020/3/28 23:00,0
2020/3/29 0:00,0
2020/3/29 1:00,0
2020/3/29 2:00,0
2020/3/29 3:00,0
2020/3/29 4:00,0
2020/3/29 5:00,0
2020/3/29 6:00,0
2020/3/29 7:00,16.19581795
2020/3/29 8:00,146.4705963
2020/3/29 9:00,352.5811768
2020/3/29 10:00,557.6663208
2020/3/29 11:00,722.4400024
2020/3/29 12:00,826.1981812
2020/3/29 13:00,858.3477783
2020/3/29 14:00,815.637085
2020/3/29 15:00,700.7581787
2020/3/29 16:00,525.9892578
2020/3/29 17:00,317.2908936
2020/3/29 18:00,121.9645309
2020/3/29 19:00,11.53544712
2020/3/29 20:00,0
2020/3/29 21:00,0
2020/3/29 22:00,0
2020/3/29 23:00,0
2020/3/30 0:00,0
2020/3/30 1:00,0
2020/3/30 2:00,0
2020/3/30 3:00,0
2020/3/30 4:00,0
2020/3/30 5:00,0
2020/3/30 6:00,0
2020/3/30 7:00,17.06425095
2020/3/30 8:00,147.7483521
2020/3/30 9:00,348.5198364
2020/3/30 10:00,544.371582
2020/3/30 11:00,699.7457275
2020/3/30 12:00,795.6374512
2020/3/30 13:00,821.8269043
2020/3/30 14:00,774.3479614
2020/3/30 15:00,655.7191162
2020/3/30 16:00,480.3787842
2020/3/30 17:00,279.9518433
2020/3/30 18:00,106.6099472
2020/3/30 19:00,10.58925819
2020/3/30 20:00,0
2020/3/30 21:00,0
2020/3/30 22:00,0
2020/3/30 23:00,0
2020/3/31 0:00,0
2020/3/31 1:00,0
2020/3/31 2:00,0
2020/3/31 3:00,0
2020/3/31 4:00,0
2020/3/31 5:00,0
2020/3/31 6:00,0
2020/3/31 7:00,14.44764328
2020/3/31 8:00,114.5981979
2020/3/31 9:00,281.2317505
2020/3/31 10:00,470.5663452
2020/3/31 11:00,634.5768433
2020/3/31 12:00,732.3857422
2020/3/31 13:00,750.8215332
2020/3/31 14:00,697.8112183
2020/3/31 15:00,584.3466187
2020/3/31 16:00,426.2406921
2020/3/31 17:00,248.3431396
2020/3/31 18:00,96.4920578
2020/3/31 19:00,9.988527298
2020/3/31 20:00,0
2020/3/31 21:00,0
2020/3/31 22:00,0
2020/3/31 23:00,0
2020/4/1 0:00,0
2020/4/1 1:00,0
2020/4/1 2:00,0
2020/4/1 3:00,0
2020/4/1 4:00,0
2020/4/1 5:00,0
2020/4/1 6:00,0
2020/4/1 7:00,15.42455673
2020/4/1 8:00,118.3804016
2020/4/1 9:00,286.2996826
2020/4/1 10:00,471.3556824
2020/4/1 11:00,627.8508911
2020/4/1 12:00,722.5487061
2020/4/1 13:00,741.8296509
2020/4/1 14:00,689.7230225
2020/4/1 15:00,571.5817261
2020/4/1 16:00,409.5068054
2020/4/1 17:00,235.0583344
2020/4/1 18:00,90.67620087
2020/4/1 19:00,9.511984825
2020/4/1 20:00,0
2020/4/1 21:00,0
2020/4/1 22:00,0
2020/4/1 23:00,0
2020/4/2 0:00,0
2020/4/2 1:00,0
2020/4/2 2:00,0
2020/4/2 3:00,0
2020/4/2 4:00,0
2020/4/2 5:00,0
2020/4/2 6:00,0
2020/4/2 7:00,17.67080116
2020/4/2 8:00,143.9100647
2020/4/2 9:00,347.9622192
2020/4/2 10:00,550.5732422
2020/4/2 11:00,714.838501
2020/4/2 12:00,818.2907104
2020/4/2 13:00,849.9042969
2020/4/2 14:00,807.4254761
2020/4/2 15:00,692.8026123
2020/4/2 16:00,518.9152222
2020/4/2 17:00,313.1278381
2020/4/2 18:00,122.5016632
2020/4/2 19:00,12.41765594
2020/4/2 20:00,0
2020/4/2 21:00,0
2020/4/2 22:00,0
2020/4/2 23:00,0
2020/4/3 0:00,0
2020/4/3 1:00,0
2020/4/3 2:00,0
2020/4/3 3:00,0
2020/4/3 4:00,0
2020/4/3 5:00,0
2020/4/3 6:00,0
2020/4/3 7:00,18.91143227
2020/4/3 8:00,137.2955017
2020/4/3 9:00,321.6933594
2020/4/3 10:00,517.9118652
2020/4/3 11:00,680.1425781
2020/4/3 12:00,786.3294067
2020/4/3 13:00,824.3532715
2020/4/3 14:00,788.4866943
2020/4/3 15:00,681.182251
2020/4/3 16:00,514.7134399
2020/4/3 17:00,314.6000366
2020/4/3 18:00,124.5114441
2020/4/3 19:00,12.78937531
2020/4/3 20:00,0
2020/4/3 21:00,0
2020/4/3 22:00,0
2020/4/3 23:00,0
2020/4/4 0:00,0
2020/4/4 1:00,0
2020/4/4 2:00,0
2020/4/4 3:00,0
2020/4/4 4:00,0
2020/4/4 5:00,0
2020/4/4 6:00,0
2020/4/4 7:00,20.12625885
2020/4/4 8:00,147.3866577
2020/4/4 9:00,345.5344849
2020/4/4 10:00,544.6069336
2020/4/4 11:00,705.1320801
2020/4/4 12:00,804.1116943
2020/4/4 13:00,830.7523193
2020/4/4 14:00,783.6113892
2020/4/4 15:00,665.5618286
2020/4/4 16:00,490.9751282
2020/4/4 17:00,290.1445923
2020/4/4 18:00,111.3292007
2020/4/4 19:00,11.58561897
2020/4/4 20:00,0
2020/4/4 21:00,0
2020/4/4 22:00,0
2020/4/4 23:00,0
2020/4/5 0:00,0
2020/4/5 1:00,0
2020/4/5 2:00,0
2020/4/5 3:00,0
2020/4/5 4:00,0
2020/4/5 5:00,0
2020/4/5 6:00,0
2020/4/5 7:00,17.96305847
2020/4/5 8:00,125.360939
2020/4/5 9:00,297.4085083
2020/4/5 10:00,481.4077454
2020/4/5 11:00,635.4755859
2020/4/5 12:00,734.2964478
2020/4/5 13:00,764.8946533
2020/4/5 14:00,723.3273926
2020/4/5 15:00,619.00177
2020/4/5 16:00,465.0047607
2020/4/5 17:00,282.1204529
2020/4/5 18:00,113.6131897
2020/4/5 19:00,12.56505775
2020/4/5 20:00,0
2020/4/5 21:00,0
2020/4/5 22:00,0
2020/4/5 23:00,0
2020/4/6 0:00,0
2020/4/6 1:00,0
2020/4/6 2:00,0
2020/4/6 3:00,0
2020/4/6 4:00,0
2020/4/6 5:00,0
2020/4/6 6:00,0
2020/4/6 7:00,21.08046532
2020/4/6 8:00,139.5280457
2020/4/6 9:00,322.3798218
2020/4/6 10:00,518.1228027
2020/4/6 11:00,680.767334
2020/4/6 12:00,783.4404907
2020/4/6 13:00,813.9273682
2020/4/6 14:00,771.1517334
2020/4/6 15:00,665.4469604
2020/4/6 16:00,508.5420532
2020/4/6 17:00,316.4997864
2020/4/6 18:00,129.9769745
2020/4/6 19:00,14.40307426
2020/4/6 20:00,0
2020/4/6 21:00,0
2020/4/6 22:00,0
2020/4/6 23:00,0
2020/4/7 0:00,0
2020/4/7 1:00,0
2020/4/7 2:00,0
2020/4/7 3:00,0
2020/4/7 4:00,0
2020/4/7 5:00,0
2020/4/7 6:00,0
2020/4/7 7:00,27.58439255
2020/4/7 8:00,181.6909485
2020/4/7 9:00,392.7399597
2020/4/7 10:00,591.3574829
2020/4/7 11:00,746.1194458
2020/4/7 12:00,836.809021
2020/4/7 13:00,854.0353394
2020/4/7 14:00,798.5656128
2020/4/7 15:00,675.7099609
2020/4/7 16:00,499.3638611
2020/4/7 17:00,296.3197632
2020/4/7 18:00,117.1030121
2020/4/7 19:00,13.09962845
2020/4/7 20:00,0
2020/4/7 21:00,0
2020/4/7 22:00,0
2020/4/7 23:00,0
2020/4/8 0:00,0
2020/4/8 1:00,0
2020/4/8 2:00,0
2020/4/8 3:00,0
2020/4/8 4:00,0
2020/4/8 5:00,0
2020/4/8 6:00,0
2020/4/8 7:00,23.72253799
2020/4/8 8:00,155.5273285
2020/4/8 9:00,358.0907593
2020/4/8 10:00,564.2854614
2020/4/8 11:00,732.5072021
2020/4/8 12:00,833.9014893
2020/4/8 13:00,857.7957764
2020/4/8 14:00,807.9040527
2020/4/8 15:00,685.2851563
2020/4/8 16:00,504.6237793
2020/4/8 17:00,298.171936
2020/4/8 18:00,115.6381073
2020/4/8 19:00,12.73623371
2020/4/8 20:00,0
2020/4/8 21:00,0
2020/4/8 22:00,0
2020/4/8 23:00,0
2020/4/9 0:00,0
2020/4/9 1:00,0
2020/4/9 2:00,0
2020/4/9 3:00,0
2020/4/9 4:00,0
2020/4/9 5:00,0
2020/4/9 6:00,0
2020/4/9 7:00,24.53471756
2020/4/9 8:00,155.9853058
2020/4/9 9:00,357.8049927
2020/4/9 10:00,565.0907593
2020/4/9 11:00,735.9259644
2020/4/9 12:00,845.5432129
2020/4/9 13:00,882.0534668
2020/4/9 14:00,843.7387085
2020/4/9 15:00,733.1658325
2020/4/9 16:00,561.8037109
2020/4/9 17:00,352.9269409
2020/4/9 18:00,147.7281494
2020/4/9 19:00,16.72772789
2020/4/9 20:00,0
2020/4/9 21:00,0
2020/4/9 22:00,0
2020/4/9 23:00,0
2020/4/10 0:00,0
2020/4/10 1:00,0
2020/4/10 2:00,0
2020/4/10 3:00,0
2020/4/10 4:00,0
2020/4/10 5:00,0
2020/4/10 6:00,0
2020/4/10 7:00,27.27837753
2020/4/10 8:00,164.7956848
2020/4/10 9:00,360.8553162
2020/4/10 10:00,552.7136841
2020/4/10 11:00,703.982666
2020/4/10 12:00,795.6478882
2020/4/10 13:00,817.7128906
2020/4/10 14:00,766.6219482
2020/4/10 15:00,649.6929321
2020/4/10 16:00,481.315918
2020/4/10 17:00,287.1919556
2020/4/10 18:00,113.9673004
2020/4/10 19:00,13.16108799
2020/4/10 20:00,0
2020/4/10 21:00,0
2020/4/10 22:00,0
2020/4/10 23:00,0
2020/4/11 0:00,0
2020/4/11 1:00,0
2020/4/11 2:00,0
2020/4/11 3:00,0
2020/4/11 4:00,0
2020/4/11 5:00,0
2020/4/11 6:00,0
2020/4/11 7:00,23.69062805
2020/4/11 8:00,134.3526306
2020/4/11 9:00,304.8642883
2020/4/11 10:00,498.1670837
2020/4/11 11:00,665.3271484
2020/4/11 12:00,775.9660645
2020/4/11 13:00,815.3198853
2020/4/11 14:00,781.8584595
2020/4/11 15:00,672.190979
2020/4/11 16:00,500.0188904
2020/4/11 17:00,300.1477661
2020/4/11 18:00,120.2984924
2020/4/11 19:00,14.15324211
2020/4/11 20:00,0
2020/4/11 21:00,0
2020/4/11 22:00,0
2020/4/11 23:00,0
2020/4/12 0:00,0
2020/4/12 1:00,0
2020/4/12 2:00,0
2020/4/12 3:00,0
2020/4/12 4:00,0
2020/4/12 5:00,0
2020/4/12 6:00,0
2020/4/12 7:00,40.84006119
2020/4/12 8:00,238.94664
2020/4/12 9:00,485.8893433
2020/4/12 10:00,705.7211914
2020/4/12 11:00,877.1769409
2020/4/12 12:00,982.3009644
2020/4/12 13:00,1012.190063
2020/4/12 14:00,966.8112793
2020/4/12 15:00,849.0166626
2020/4/12 16:00,668.2073975
2020/4/12 17:00,441.2457581
2020/4/12 18:00,199.2270203
2020/4/12 19:00,23.62898445
2020/4/12 20:00,0
2020/4/12 21:00,0
2020/4/12 22:00,0
2020/4/12 23:00,0
2020/4/13 0:00,0
2020/4/13 1:00,0
2020/4/13 2:00,0
2020/4/13 3:00,0
2020/4/13 4:00,0
2020/4/13 5:00,0
2020/4/13 6:00,0
2020/4/13 7:00,45.8074379
2020/4/13 8:00,253.6847076
2020/4/13 9:00,500.6408997
2020/4/13 10:00,715.8203125
2020/4/13 11:00,880.2890625
2020/4/13 12:00,976.8800659
2020/4/13 13:00,997.0997925
2020/4/13 14:00,941.2805176
2020/4/13 15:00,811.9264526
2020/4/13 16:00,620.8208008
2020/4/13 17:00,390.7068176
2020/4/13 18:00,163.7321625
2020/4/13 19:00,18.98027992
2020/4/13 20:00,0
2020/4/13 21:00,0
2020/4/13 22:00,0
2020/4/13 23:00,0
2020/4/14 0:00,0
2020/4/14 1:00,0
2020/4/14 2:00,0
2020/4/14 3:00,0
2020/4/14 4:00,0
2020/4/14 5:00,0
2020/4/14 6:00,0
2020/4/14 7:00,32.84207153
2020/4/14 8:00,177.9353638
2020/4/14 9:00,381.9732056
2020/4/14 10:00,585.1542358
2020/4/14 11:00,747.7504883
2020/4/14 12:00,848.2728882
2020/4/14 13:00,876.293396
2020/4/14 14:00,829.7576294
2020/4/14 15:00,713.7195435
2020/4/14 16:00,540.6956787
2020/4/14 17:00,334.2657471
2020/4/14 18:00,138.7411041
2020/4/14 19:00,16.95898628
2020/4/14 20:00,0
2020/4/14 21:00,0
2020/4/14 22:00,0
2020/4/14 23:00,0
2020/4/15 0:00,0
2020/4/15 1:00,0
2020/4/15 2:00,0
2020/4/15 3:00,0
2020/4/15 4:00,0
2020/4/15 5:00,0
2020/4/15 6:00,0
2020/4/15 7:00,38.52542496
2020/4/15 8:00,205.6136169
2020/4/15 9:00,429.1254578
2020/4/15 10:00,642.8973999
2020/4/15 11:00,811.9125366
2020/4/15 12:00,916.0095825
2020/4/15 13:00,945.5545044
2020/4/15 14:00,899.2358398
2020/4/15 15:00,780.8535156
2020/4/15 16:00,601.5489502
2020/4/15 17:00,382.5896606
2020/4/15 18:00,164.4829102
2020/4/15 19:00,20.23955536
2020/4/15 20:00,0
2020/4/15 21:00,0
2020/4/15 22:00,0
2020/4/15 23:00,0
2020/4/16 0:00,0
2020/4/16 1:00,0
2020/4/16 2:00,0
2020/4/16 3:00,0
2020/4/16 4:00,0
2020/4/16 5:00,0
2020/4/16 6:00,0
2020/4/16 7:00,44.59943771
2020/4/16 8:00,236.6980743
2020/4/16 9:00,476.8777466
2020/4/16 10:00,691.9268799
2020/4/16 11:00,857.9298706
2020/4/16 12:00,959.9329834
2020/4/16 13:00,989.5565186
2020/4/16 14:00,943.9006348
2020/4/16 15:00,827.0471802
2020/4/16 16:00,648.5947266
2020/4/16 17:00,425.5933228
2020/4/16 18:00,190.711441
2020/4/16 19:00,23.71499634
2020/4/16 20:00,0
2020/4/16 21:00,0
2020/4/16 22:00,0
2020/4/16 23:00,0
2020/4/17 0:00,0
2020/4/17 1:00,0
2020/4/17 2:00,0
2020/4/17 3:00,0
2020/4/17 4:00,0
2020/4/17 5:00,0
2020/4/17 6:00,0
2020/4/17 7:00,42.78855896
2020/4/17 8:00,218.3333893
2020/4/17 9:00,443.025116
2020/4/17 10:00,650.8493042
2020/4/17 11:00,811.753418
2020/4/17 12:00,905.3267212
2020/4/17 13:00,923.0778809
2020/4/17 14:00,867.34198
2020/4/17 15:00,743.5508423
2020/4/17 16:00,563.4085083
2020/4/17 17:00,348.992157
2020/4/17 18:00,144.566925
2020/4/17 19:00,17.91560555
2020/4/17 20:00,0
2020/4/17 21:00,0
2020/4/17 22:00,0
2020/4/17 23:00,0
2020/4/18 0:00,0
2020/4/18 1:00,0
2020/4/18 2:00,0
2020/4/18 3:00,0
2020/4/18 4:00,0
2020/4/18 5:00,0
2020/4/18 6:00,0
2020/4/18 7:00,34.13948822
2020/4/18 8:00,171.9332275
2020/4/18 9:00,368.5200195
2020/4/18 10:00,566.8757324
2020/4/18 11:00,727.2316284
2020/4/18 12:00,825.7807617
2020/4/18 13:00,852.0287476
2020/4/18 14:00,805.7366943
2020/4/18 15:00,692.585144
2020/4/18 16:00,524.8131104
2020/4/18 17:00,324.7704468
2020/4/18 18:00,135.5298462
2020/4/18 19:00,17.42345238
2020/4/18 20:00,0
2020/4/18 21:00,0
2020/4/18 22:00,0
2020/4/18 23:00,0
2020/4/19 0:00,0
2020/4/19 1:00,0
2020/4/19 2:00,0
2020/4/19 3:00,0
2020/4/19 4:00,0
2020/4/19 5:00,0
2020/4/19 6:00,0
2020/4/19 7:00,43.41020584
2020/4/19 8:00,220.2186279
2020/4/19 9:00,446.5585632
2020/4/19 10:00,648.777832
2020/4/19 11:00,804.5057983
2020/4/19 12:00,899.894104
2020/4/19 13:00,926.4171143
2020/4/19 14:00,879.9706421
2020/4/19 15:00,762.0983887
2020/4/19 16:00,583.7419434
2020/4/19 17:00,368.35672
2020/4/19 18:00,156.4276428
2020/4/19 19:00,19.87148666
2020/4/19 20:00,0
2020/4/19 21:00,0
2020/4/19 22:00,0
2020/4/19 23:00,0
2020/4/20 0:00,0
2020/4/20 1:00,0
2020/4/20 2:00,0
2020/4/20 3:00,0
2020/4/20 4:00,0
2020/4/20 5:00,0
2020/4/20 6:00,0
2020/4/20 7:00,40.28536987
2020/4/20 8:00,192.7359772
2020/4/20 9:00,399.9033203
2020/4/20 10:00,603.065979
2020/4/20 11:00,764.59729
2020/4/20 12:00,866.3317261
2020/4/20 13:00,898.7496948
2020/4/20 14:00,858.3660889
2020/4/20 15:00,747.600647
2020/4/20 16:00,577.2958984
2020/4/20 17:00,369.2138062
2020/4/20 18:00,160.0608521
2020/4/20 19:00,20.80913734
2020/4/20 20:00,0
2020/4/20 21:00,0
2020/4/20 22:00,0
2020/4/20 23:00,0
2020/4/21 0:00,0
2020/4/21 1:00,0
2020/4/21 2:00,0
2020/4/21 3:00,0
2020/4/21 4:00,0
2020/4/21 5:00,0
2020/4/21 6:00,0
2020/4/21 7:00,40.34397888
2020/4/21 8:00,186.6756439
2020/4/21 9:00,385.7668762
2020/4/21 10:00,582.5192871
2020/4/21 11:00,738.9960327
2020/4/21 12:00,836.49823
2020/4/21 13:00,865.2445679
2020/4/21 14:00,821.7659912
2020/4/21 15:00,710.1192627
2020/4/21 16:00,541.7966919
2020/4/21 17:00,339.2664185
2020/4/21 18:00,143.5658569
2020/4/21 19:00,19.09203148
2020/4/21 20:00,0
2020/4/21 21:00,0
2020/4/21 22:00,0
2020/4/21 23:00,0
2020/4/22 0:00,0
2020/4/22 1:00,0
2020/4/22 2:00,0
2020/4/22 3:00,0
2020/4/22 4:00,0
2020/4/22 5:00,0
2020/4/22 6:00,0
2020/4/22 7:00,39.42406845
2020/4/22 8:00,179.4869537
2020/4/22 9:00,372.0182495
2020/4/22 10:00,564.9067993
2020/4/22 11:00,719.8170166
2020/4/22 12:00,818.0338135
2020/4/22 13:00,849.0511475
2020/4/22 14:00,808.2025757
2020/4/22 15:00,697.5197754
2020/4/22 16:00,529.1186523
2020/4/22 17:00,328.6983948
2020/4/22 18:00,137.4826355
2020/4/22 19:00,18.3782177
2020/4/22 20:00,0
2020/4/22 21:00,0
2020/4/22 22:00,0
2020/4/22 23:00,0
2020/4/23 0:00,0
2020/4/23 1:00,0
2020/4/23 2:00,0
2020/4/23 3:00,0
2020/4/23 4:00,0
2020/4/23 5:00,0
2020/4/23 6:00,0
2020/4/23 7:00,43.39278412
2020/4/23 8:00,193.4546204
2020/4/23 9:00,391.6951294
2020/4/23 10:00,581.550415
2020/4/23 11:00,729.5947266
2020/4/23 12:00,821.5845337
2020/4/23 13:00,848.2021484
2020/4/23 14:00,803.1622925
2020/4/23 15:00,693.1975708
2020/4/23 16:00,529.9180908
2020/4/23 17:00,333.1151733
2020/4/23 18:00,142.4954376
2020/4/23 19:00,19.60103607
2020/4/23 20:00,0
2020/4/23 21:00,0
2020/4/23 22:00,0
2020/4/23 23:00,0
2020/4/24 0:00,0
2020/4/24 1:00,0
2020/4/24 2:00,0
2020/4/24 3:00,0
2020/4/24 4:00,0
2020/4/24 5:00,0
2020/4/24 6:00,0
2020/4/24 7:00,46.45443726
2020/4/24 8:00,211.8711853
2020/4/24 9:00,426.7340698
2020/4/24 10:00,625.7505493
2020/4/24 11:00,781.171814
2020/4/24 12:00,874.1399536
2020/4/24 13:00,895.5565186
2020/4/24 14:00,844.4993286
2020/4/24 15:00,730.723938
2020/4/24 16:00,565.4230347
2020/4/24 17:00,363.443512
2020/4/24 18:00,160.9062958
2020/4/24 19:00,22.54940224
2020/4/24 20:00,0
2020/4/24 21:00,0
2020/4/24 22:00,0
2020/4/24 23:00,0
2020/4/25 0:00,0
2020/4/25 1:00,0
2020/4/25 2:00,0
2020/4/25 3:00,0
2020/4/25 4:00,0
2020/4/25 5:00,0
2020/4/25 6:00,0
2020/4/25 7:00,55.7724762
2020/4/25 8:00,247.7540283
2020/4/25 9:00,477.6291504
2020/4/25 10:00,680.6936035
2020/4/25 11:00,836.6522217
2020/4/25 12:00,930.2202759
2020/4/25 13:00,953.3512573
2020/4/25 14:00,904.5102539
2020/4/25 15:00,785.2612305
2020/4/25 16:00,605.7017822
2020/4/25 17:00,387.5542603
2020/4/25 18:00,171.3898773
2020/4/25 19:00,24.20416451
2020/4/25 20:00,0
2020/4/25 21:00,0
2020/4/25 22:00,0
2020/4/25 23:00,0
2020/4/26 0:00,0
2020/4/26 1:00,0
2020/4/26 2:00,0
2020/4/26 3:00,0
2020/4/26 4:00,0
2020/4/26 5:00,0
2020/4/26 6:00,0.01518713
2020/4/26 7:00,55.66703415
2020/4/26 8:00,239.3460083
2020/4/26 9:00,464.4415588
2020/4/26 10:00,669.8435669
2020/4/26 11:00,829.0065308
2020/4/26 12:00,923.6820679
2020/4/26 13:00,945.621521
2020/4/26 14:00,895.4091797
2020/4/26 15:00,775.4614258
2020/4/26 16:00,596.4598999
2020/4/26 17:00,380.1871948
2020/4/26 18:00,166.8145599
2020/4/26 19:00,23.6383934
2020/4/26 20:00,0
2020/4/26 21:00,0
2020/4/26 22:00,0
2020/4/26 23:00,0
2020/4/27 0:00,0
2020/4/27 1:00,0
2020/4/27 2:00,0
2020/4/27 3:00,0
2020/4/27 4:00,0
2020/4/27 5:00,0
2020/4/27 6:00,0.036481775
2020/4/27 7:00,54.46809387
2020/4/27 8:00,227.6716461
2020/4/27 9:00,444.7430115
2020/4/27 10:00,649.71521
2020/4/27 11:00,810.2058716
2020/4/27 12:00,906.6702881
2020/4/27 13:00,930.4309082
2020/4/27 14:00,881.8808594
2020/4/27 15:00,766.7030029
2020/4/27 16:00,595.5336914
2020/4/27 17:00,386.0307312
2020/4/27 18:00,172.9390717
2020/4/27 19:00,24.91041374
2020/4/27 20:00,0
2020/4/27 21:00,0
2020/4/27 22:00,0
2020/4/27 23:00,0
2020/4/28 0:00,0
2020/4/28 1:00,0
2020/4/28 2:00,0
2020/4/28 3:00,0
2020/4/28 4:00,0
2020/4/28 5:00,0
2020/4/28 6:00,0.058789261
2020/4/28 7:00,59.59065247
2020/4/28 8:00,260.7731323
2020/4/28 9:00,501.4022827
2020/4/28 10:00,707.0004272
2020/4/28 11:00,864.4815674
2020/4/28 12:00,958.7023315
2020/4/28 13:00,981.6917114
2020/4/28 14:00,932.2053223
2020/4/28 15:00,814.4841919
2020/4/28 16:00,638.3515015
2020/4/28 17:00,420.6013184
2020/4/28 18:00,193.8117218
2020/4/28 19:00,28.48037148
2020/4/28 20:00,0
2020/4/28 21:00,0
2020/4/28 22:00,0
2020/4/28 23:00,0
2020/4/29 0:00,0
2020/4/29 1:00,0
2020/4/29 2:00,0
2020/4/29 3:00,0
2020/4/29 4:00,0
2020/4/29 5:00,0
2020/4/29 6:00,0.105124794
2020/4/29 7:00,65.50453186
2020/4/29 8:00,264.9196777
2020/4/29 9:00,496.7797241
2020/4/29 10:00,703.3414307
2020/4/29 11:00,861.56604
2020/4/29 12:00,956.0425415
2020/4/29 13:00,979.0291748
2020/4/29 14:00,929.6819458
2020/4/29 15:00,811.9628906
2020/4/29 16:00,635.7354126
2020/4/29 17:00,418.3895569
2020/4/29 18:00,192.4337311
2020/4/29 19:00,28.55342865
2020/4/29 20:00,0
2020/4/29 21:00,0
2020/4/29 22:00,0
2020/4/29 23:00,0
2020/4/30 0:00,0
2020/4/30 1:00,0
2020/4/30 2:00,0
2020/4/30 3:00,0
2020/4/30 4:00,0
2020/4/30 5:00,0
2020/4/30 6:00,0.147569701
2020/4/30 7:00,64.21643066
2020/4/30 8:00,263.8782349
2020/4/30 9:00,496.8807983
2020/4/30 10:00,700.8031616
2020/4/30 11:00,856.7241821
2020/4/30 12:00,950.3478394
2020/4/30 13:00,974.0140381
2020/4/30 14:00,926.1087646
2020/4/30 15:00,810.2537231
2020/4/30 16:00,636.2138672
2020/4/30 17:00,421.1105957
2020/4/30 18:00,195.9964447
2020/4/30 19:00,29.60082626
2020/4/30 20:00,0
2020/4/30 21:00,0
2020/4/30 22:00,0
2020/4/30 23:00,0
2020/5/1 0:00,0
2020/5/1 1:00,0
2020/5/1 2:00,0
2020/5/1 3:00,0
2020/5/1 4:00,0
2020/5/1 5:00,0
2020/5/1 6:00,0.203453913
2020/5/1 7:00,66.41246033
2020/5/1 8:00,259.2948608
2020/5/1 9:00,483.6741638
2020/5/1 10:00,686.1497192
2020/5/1 11:00,841.6316528
2020/5/1 12:00,934.4281616
2020/5/1 13:00,956.8691406
2020/5/1 14:00,908.4181519
2020/5/1 15:00,794.491272
2020/5/1 16:00,624.7159424
2020/5/1 17:00,414.1768799
2020/5/1 18:00,192.1332092
2020/5/1 19:00,29.07508087
2020/5/1 20:00,0
2020/5/1 21:00,0
2020/5/1 22:00,0
2020/5/1 23:00,0
2020/5/2 0:00,0
2020/5/2 1:00,0
2020/5/2 2:00,0
2020/5/2 3:00,0
2020/5/2 4:00,0
2020/5/2 5:00,0
2020/5/2 6:00,0.259426981
2020/5/2 7:00,69.66493988
2020/5/2 8:00,272.8384399
2020/5/2 9:00,501.5908508
2020/5/2 10:00,700.1923828
2020/5/2 11:00,851.5097656
2020/5/2 12:00,941.7232666
2020/5/2 13:00,963.0984497
2020/5/2 14:00,913.7774048
2020/5/2 15:00,797.7005615
2020/5/2 16:00,624.3951416
2020/5/2 17:00,410.5210571
2020/5/2 18:00,189.3992767
2020/5/2 19:00,29.26446724
2020/5/2 20:00,0
2020/5/2 21:00,0
2020/5/2 22:00,0
2020/5/2 23:00,0
2020/5/3 0:00,0
2020/5/3 1:00,0
2020/5/3 2:00,0
2020/5/3 3:00,0
2020/5/3 4:00,0
2020/5/3 5:00,0
2020/5/3 6:00,0.34242788
2020/5/3 7:00,77.3759613
2020/5/3 8:00,292.662262
2020/5/3 9:00,524.8193359
2020/5/3 10:00,723.7503662
2020/5/3 11:00,875.0732422
2020/5/3 12:00,964.2017822
2020/5/3 13:00,983.4790649
2020/5/3 14:00,932.2987061
2020/5/3 15:00,814.1264648
2020/5/3 16:00,638.3861084
2020/5/3 17:00,421.7236938
2020/5/3 18:00,196.4927368
2020/5/3 19:00,30.75813484
2020/5/3 20:00,0
2020/5/3 21:00,0
2020/5/3 22:00,0
2020/5/3 23:00,0
2020/5/4 0:00,0
2020/5/4 1:00,0
2020/5/4 2:00,0
2020/5/4 3:00,0
2020/5/4 4:00,0
2020/5/4 5:00,0
2020/5/4 6:00,0.403076142
2020/5/4 7:00,74.24398041
2020/5/4 8:00,275.3520203
2020/5/4 9:00,499.8796387
2020/5/4 10:00,698.4692993
2020/5/4 11:00,849.8807983
2020/5/4 12:00,939.8579102
2020/5/4 13:00,960.8137817
2020/5/4 14:00,911.4658813
2020/5/4 15:00,797.020752
2020/5/4 16:00,627.0970459
2020/5/4 17:00,416.7203979
2020/5/4 18:00,196.7129669
2020/5/4 19:00,31.63528633
2020/5/4 20:00,0
2020/5/4 21:00,0
2020/5/4 22:00,0
2020/5/4 23:00,0
2020/5/5 0:00,0
2020/5/5 1:00,0
2020/5/5 2:00,0
2020/5/5 3:00,0
2020/5/5 4:00,0
2020/5/5 5:00,0
2020/5/5 6:00,0.499064595
2020/5/5 7:00,80.0409317
2020/5/5 8:00,290.0476074
2020/5/5 9:00,516.812439
2020/5/5 10:00,714.1697388
2020/5/5 11:00,864.0089722
2020/5/5 12:00,952.9326782
2020/5/5 13:00,973.5680542
2020/5/5 14:00,924.2122192
2020/5/5 15:00,809.8516235
2020/5/5 16:00,639.8165894
2020/5/5 17:00,428.5100098
2020/5/5 18:00,204.8167114
2020/5/5 19:00,33.39694977
2020/5/5 20:00,0
2020/5/5 21:00,0
2020/5/5 22:00,0
2020/5/5 23:00,0
2020/5/6 0:00,0
2020/5/6 1:00,0
2020/5/6 2:00,0
2020/5/6 3:00,0
2020/5/6 4:00,0
2020/5/6 5:00,0
2020/5/6 6:00,0.596260965
2020/5/6 7:00,83.6304245
2020/5/6 8:00,295.538269
2020/5/6 9:00,521.8039551
2020/5/6 10:00,718.8828125
2020/5/6 11:00,868.5714722
2020/5/6 12:00,958.0168457
2020/5/6 13:00,979.7388306
2020/5/6 14:00,931.4391479
2020/5/6 15:00,817.046936
2020/5/6 16:00,645.8170166
2020/5/6 17:00,433.0192871
2020/5/6 18:00,207.3088684
2020/5/6 19:00,34.26364517
2020/5/6 20:00,0
2020/5/6 21:00,0
2020/5/6 22:00,0
2020/5/6 23:00,0
2020/5/7 0:00,0
2020/5/7 1:00,0
2020/5/7 2:00,0
2020/5/7 3:00,0
2020/5/7 4:00,0
2020/5/7 5:00,0
2020/5/7 6:00,0.687286615
2020/5/7 7:00,84.03420258
2020/5/7 8:00,291.3251343
2020/5/7 9:00,514.5422974
2020/5/7 10:00,711.2255249
2020/5/7 11:00,860.630249
2020/5/7 12:00,950.2374268
2020/5/7 13:00,972.6749878
2020/5/7 14:00,925.5390015
2020/5/7 15:00,813.1591187
2020/5/7 16:00,644.6448364
2020/5/7 17:00,434.6488342
2020/5/7 18:00,210.0934601
2020/5/7 19:00,35.234272
2020/5/7 20:00,0
2020/5/7 21:00,0
2020/5/7 22:00,0
2020/5/7 23:00,0
2020/5/8 0:00,0
2020/5/8 1:00,0
2020/5/8 2:00,0
2020/5/8 3:00,0
2020/5/8 4:00,0
2020/5/8 5:00,0
2020/5/8 6:00,0.788138628
2020/5/8 7:00,84.4865036
2020/5/8 8:00,288.2669373
2020/5/8 9:00,510.2623901
2020/5/8 10:00,708.8444214
2020/5/8 11:00,860.1358643
2020/5/8 12:00,951.1643066
2020/5/8 13:00,974.6594238
2020/5/8 14:00,928.8007202
2020/5/8 15:00,817.2670288
2020/5/8 16:00,649.4386597
2020/5/8 17:00,440.5403442
2020/5/8 18:00,215.348465
2020/5/8 19:00,36.5310936
2020/5/8 20:00,0
2020/5/8 21:00,0
2020/5/8 22:00,0
2020/5/8 23:00,0
2020/5/9 0:00,0
2020/5/9 1:00,0
2020/5/9 2:00,0
2020/5/9 3:00,0
2020/5/9 4:00,0
2020/5/9 5:00,0
2020/5/9 6:00,0.861711562
2020/5/9 7:00,84.98361206
2020/5/9 8:00,295.3068848
2020/5/9 9:00,519.998291
2020/5/9 10:00,714.8428955
2020/5/9 11:00,862.9089355
2020/5/9 12:00,951.0562134
2020/5/9 13:00,971.5393677
2020/5/9 14:00,922.272583
2020/5/9 15:00,808.1558838
2020/5/9 16:00,638.6253662
2020/5/9 17:00,428.3441467
2020/5/9 18:00,206.2712555
2020/5/9 19:00,35.4360199
2020/5/9 20:00,0
2020/5/9 21:00,0
2020/5/9 22:00,0
2020/5/9 23:00,0
2020/5/10 0:00,0
2020/5/10 1:00,0
2020/5/10 2:00,0
2020/5/10 3:00,0
2020/5/10 4:00,0
2020/5/10 5:00,0
2020/5/10 6:00,0.932810605
2020/5/10 7:00,81.52908325
2020/5/10 8:00,286.4875793
2020/5/10 9:00,507.6447449
2020/5/10 10:00,696.9397583
2020/5/10 11:00,839.5557251
2020/5/10 12:00,923.5016479
2020/5/10 13:00,941.4047241
2020/5/10 14:00,890.4485474
2020/5/10 15:00,775.3415527
2020/5/10 16:00,605.6451416
2020/5/10 17:00,397.7533264
2020/5/10 18:00,184.9694519
2020/5/10 19:00,31.48923111
2020/5/10 20:00,0
2020/5/10 21:00,0
2020/5/10 22:00,0
2020/5/10 23:00,0
2020/5/11 0:00,0
2020/5/11 1:00,0
2020/5/11 2:00,0
2020/5/11 3:00,0
2020/5/11 4:00,0
2020/5/11 5:00,0
2020/5/11 6:00,0.904151201
2020/5/11 7:00,68.22914124
2020/5/11 8:00,247.7034149
2020/5/11 9:00,462.1604004
2020/5/11 10:00,655.130188
2020/5/11 11:00,803.6908569
2020/5/11 12:00,892.1228638
2020/5/11 13:00,912.5249634
2020/5/11 14:00,863.7370605
2020/5/11 15:00,748.8171997
2020/5/11 16:00,577.796875
2020/5/11 17:00,371.2822571
2020/5/11 18:00,166.1911774
2020/5/11 19:00,28.33939552
2020/5/11 20:00,0
2020/5/11 21:00,0
2020/5/11 22:00,0
2020/5/11 23:00,0
2020/5/12 0:00,0
2020/5/12 1:00,0
2020/5/12 2:00,0
2020/5/12 3:00,0
2020/5/12 4:00,0
2020/5/12 5:00,0
2020/5/12 6:00,0.983119905
2020/5/12 7:00,70.335289
2020/5/12 8:00,262.0451355
2020/5/12 9:00,488.415802
2020/5/12 10:00,682.4267578
2020/5/12 11:00,830.5645752
2020/5/12 12:00,918.2218018
2020/5/12 13:00,938.1254272
2020/5/12 14:00,889.215271
2020/5/12 15:00,774.4260254
2020/5/12 16:00,603.4020996
2020/5/12 17:00,394.8606262
2020/5/12 18:00,183.8409882
2020/5/12 19:00,32.21727753
2020/5/12 20:00,0
2020/5/12 21:00,0
2020/5/12 22:00,0
2020/5/12 23:00,0
2020/5/13 0:00,0
2020/5/13 1:00,0
2020/5/13 2:00,0
2020/5/13 3:00,0
2020/5/13 4:00,0
2020/5/13 5:00,0
2020/5/13 6:00,1.010739803
2020/5/13 7:00,60.98204422
2020/5/13 8:00,208.426178
2020/5/13 9:00,396.7770691
2020/5/13 10:00,584.458313
2020/5/13 11:00,733.9584351
2020/5/13 12:00,827.6012573
2020/5/13 13:00,855.9338379
2020/5/13 14:00,815.1210327
2020/5/13 15:00,712.8720093
2020/5/13 16:00,559.4960938
2020/5/13 17:00,370.9768982
2020/5/13 18:00,175.1164856
2020/5/13 19:00,31.32898903
2020/5/13 20:00,0
2020/5/13 21:00,0
2020/5/13 22:00,0
2020/5/13 23:00,0
2020/5/14 0:00,0
2020/5/14 1:00,0
2020/5/14 2:00,0
2020/5/14 3:00,0
2020/5/14 4:00,0
2020/5/14 5:00,0
2020/5/14 6:00,1.290671706
2020/5/14 7:00,78.72252655
2020/5/14 8:00,269.6777344
2020/5/14 9:00,488.7459717
2020/5/14 10:00,686.6825562
2020/5/14 11:00,838.4298096
2020/5/14 12:00,929.6282959
2020/5/14 13:00,953.1422729
2020/5/14 14:00,908.1827393
2020/5/14 15:00,798.9863281
2020/5/14 16:00,634.7090454
2020/5/14 17:00,430.2071533
2020/5/14 18:00,210.96875
2020/5/14 19:00,38.42482758
2020/5/14 20:00,0
2020/5/14 21:00,0
2020/5/14 22:00,0
2020/5/14 23:00,0
2020/5/15 0:00,0
2020/5/15 1:00,0
2020/5/15 2:00,0
2020/5/15 3:00,0
2020/5/15 4:00,0
2020/5/15 5:00,0
2020/5/15 6:00,1.452234626
2020/5/15 7:00,85.90657806
2020/5/15 8:00,284.2584229
2020/5/15 9:00,503.3154907
2020/5/15 10:00,699.892395
2020/5/15 11:00,850.4005737
2020/5/15 12:00,939.9597778
2020/5/15 13:00,961.1873779
2020/5/15 14:00,913.7336426
2020/5/15 15:00,803.34021
2020/5/15 16:00,639.2720337
2020/5/15 17:00,434.7583618
2020/5/15 18:00,214.7748718
2020/5/15 19:00,39.8112793
2020/5/15 20:00,0
2020/5/15 21:00,0
2020/5/15 22:00,0
2020/5/15 23:00,0
2020/5/16 0:00,0
2020/5/16 1:00,0
2020/5/16 2:00,0
2020/5/16 3:00,0
2020/5/16 4:00,0
2020/5/16 5:00,0
2020/5/16 6:00,1.542158246
2020/5/16 7:00,86.70787048
2020/5/16 8:00,289.7234497
2020/5/16 9:00,511.8395691
2020/5/16 10:00,706.7142944
2020/5/16 11:00,855.1192017
2020/5/16 12:00,944.0927734
2020/5/16 13:00,966.2258301
2020/5/16 14:00,919.5438843
2020/5/16 15:00,806.751709
2020/5/16 16:00,636.8106689
2020/5/16 17:00,426.6333313
2020/5/16 18:00,206.7623596
2020/5/16 19:00,38.53102493
2020/5/16 20:00,0
2020/5/16 21:00,0
2020/5/16 22:00,0
2020/5/16 23:00,0
2020/5/17 0:00,0
2020/5/17 1:00,0
2020/5/17 2:00,0
2020/5/17 3:00,0
2020/5/17 4:00,0
2020/5/17 5:00,0
2020/5/17 6:00,1.606938601
2020/5/17 7:00,86.9524231
2020/5/17 8:00,294.6767883
2020/5/17 9:00,519.2911987
2020/5/17 10:00,711.2039795
2020/5/17 11:00,856.8110352
2020/5/17 12:00,942.5432129
2020/5/17 13:00,961.0246582
2020/5/17 14:00,910.8636475
2020/5/17 15:00,797.3248291
2020/5/17 16:00,629.5393677
2020/5/17 17:00,421.9353638
2020/5/17 18:00,204.6291046
2020/5/17 19:00,38.56753159
2020/5/17 20:00,0
2020/5/17 21:00,0
2020/5/17 22:00,0
2020/5/17 23:00,0
2020/5/18 0:00,0
2020/5/18 1:00,0
2020/5/18 2:00,0
2020/5/18 3:00,0
2020/5/18 4:00,0
2020/5/18 5:00,0
2020/5/18 6:00,1.706501126
2020/5/18 7:00,84.59309387
2020/5/18 8:00,276.9099731
2020/5/18 9:00,486.9974365
2020/5/18 10:00,670.6334229
2020/5/18 11:00,808.5692139
2020/5/18 12:00,890.8203125
2020/5/18 13:00,909.920105
2020/5/18 14:00,860.8822021
2020/5/18 15:00,748.6647949
2020/5/18 16:00,583.170166
2020/5/18 17:00,381.8256836
2020/5/18 18:00,178.8929291
2020/5/18 19:00,33.68500519
2020/5/18 20:00,0
2020/5/18 21:00,0
2020/5/18 22:00,0
2020/5/18 23:00,0
2020/5/19 0:00,0
2020/5/19 1:00,0
2020/5/19 2:00,0
2020/5/19 3:00,0
2020/5/19 4:00,0
2020/5/19 5:00,0
2020/5/19 6:00,1.736252308
2020/5/19 7:00,81.68301392
2020/5/19 8:00,272.5558472
2020/5/19 9:00,488.4713135
2020/5/19 10:00,680.6638184
2020/5/19 11:00,827.4967651
2020/5/19 12:00,916.0618896
2020/5/19 13:00,938.8738403
2020/5/19 14:00,893.2106934
2020/5/19 15:00,782.6496582
2020/5/19 16:00,616.7332153
2020/5/19 17:00,412.3906555
2020/5/19 18:00,198.8005219
2020/5/19 19:00,37.9059639
2020/5/19 20:00,0
2020/5/19 21:00,0
2020/5/19 22:00,0
2020/5/19 23:00,0
2020/5/20 0:00,0
2020/5/20 1:00,0
2020/5/20 2:00,0
2020/5/20 3:00,0
2020/5/20 4:00,0
2020/5/20 5:00,0
2020/5/20 6:00,1.709926009
2020/5/20 7:00,73.51293945
2020/5/20 8:00,242.1259308
2020/5/20 9:00,445.3650513
2020/5/20 10:00,637.1966553
2020/5/20 11:00,786.4799805
2020/5/20 12:00,876.1417847
2020/5/20 13:00,898.2418213
2020/5/20 14:00,852.3624268
2020/5/20 15:00,741.9949341
2020/5/20 16:00,577.2335815
2020/5/20 17:00,377.3973999
2020/5/20 18:00,177.9689331
2020/5/20 19:00,34.71279526
2020/5/20 20:00,0
2020/5/20 21:00,0
2020/5/20 22:00,0
2020/5/20 23:00,0
2020/5/21 0:00,0
2020/5/21 1:00,0
2020/5/21 2:00,0
2020/5/21 3:00,0
2020/5/21 4:00,0
2020/5/21 5:00,0
2020/5/21 6:00,1.892820358
2020/5/21 7:00,81.21953583
2020/5/21 8:00,267.6707153
2020/5/21 9:00,477.3021545
2020/5/21 10:00,662.6875
2020/5/21 11:00,803.5790405
2020/5/21 12:00,890.2093506
2020/5/21 13:00,915.0830078
2020/5/21 14:00,872.7810059
2020/5/21 15:00,762.9175415
2020/5/21 16:00,594.7585449
2020/5/21 17:00,390.2552185
2020/5/21 18:00,185.9451904
2020/5/21 19:00,36.81946182
2020/5/21 20:00,0
2020/5/21 21:00,0
2020/5/21 22:00,0
2020/5/21 23:00,0
2020/5/22 0:00,0
2020/5/22 1:00,0
2020/5/22 2:00,0
2020/5/22 3:00,0
2020/5/22 4:00,0
2020/5/22 5:00,0
2020/5/22 6:00,1.91694808
2020/5/22 7:00,78.70856476
2020/5/22 8:00,260.2808228
2020/5/22 9:00,469.7183533
2020/5/22 10:00,657.958374
2020/5/22 11:00,802.081665
2020/5/22 12:00,890.5876465
2020/5/22 13:00,916.218811
2020/5/22 14:00,874.8079834
2020/5/22 15:00,766.9906006
2020/5/22 16:00,601.8023682
2020/5/22 17:00,399.1622009
2020/5/22 18:00,192.612854
2020/5/22 19:00,38.58172607
2020/5/22 20:00,0
2020/5/22 21:00,0
2020/5/22 22:00,0
2020/5/22 23:00,0
2020/5/23 0:00,0
2020/5/23 1:00,0
2020/5/23 2:00,0
2020/5/23 3:00,0
2020/5/23 4:00,0
2020/5/23 5:00,0
2020/5/23 6:00,2.017046928
2020/5/23 7:00,78.85855103
2020/5/23 8:00,254.5270081
2020/5/23 9:00,460.8007507
2020/5/23 10:00,653.4429321
2020/5/23 11:00,802.9776611
2020/5/23 12:00,894.2110596
2020/5/23 13:00,919.4871216
2020/5/23 14:00,877.453125
2020/5/23 15:00,771.2608643
2020/5/23 16:00,610.041626
2020/5/23 17:00,410.5740662
2020/5/23 18:00,201.1825714
2020/5/23 19:00,40.44650269
2020/5/23 20:00,0
2020/5/23 21:00,0
2020/5/23 22:00,0
2020/5/23 23:00,0
2020/5/24 0:00,0
2020/5/24 1:00,0
2020/5/24 2:00,0
2020/5/24 3:00,0
2020/5/24 4:00,0
2020/5/24 5:00,0
2020/5/24 6:00,2.122416019
2020/5/24 7:00,82.61180878
2020/5/24 8:00,268.2597656
2020/5/24 9:00,479.0055542
2020/5/24 10:00,668.0408936
2020/5/24 11:00,812.7912598
2020/5/24 12:00,899.9380493
2020/5/24 13:00,921.9329224
2020/5/24 14:00,876.402771
2020/5/24 15:00,767.6742554
2020/5/24 16:00,605.1463623
2020/5/24 17:00,405.1395264
2020/5/24 18:00,198.1216736
2020/5/24 19:00,40.58618927
2020/5/24 20:00,0
2020/5/24 21:00,0
2020/5/24 22:00,0
2020/5/24 23:00,0
2020/5/25 0:00,0
2020/5/25 1:00,0
2020/5/25 2:00,0
2020/5/25 3:00,0
2020/5/25 4:00,0
2020/5/25 5:00,0
2020/5/25 6:00,2.216546774
2020/5/25 7:00,83.45696259
2020/5/25 8:00,268.1897888
2020/5/25 9:00,477.5691528
2020/5/25 10:00,666.4455566
2020/5/25 11:00,810.9736938
2020/5/25 12:00,898.1192017
2020/5/25 13:00,920.6626587
2020/5/25 14:00,876.1766357
2020/5/25 15:00,770.7416382
2020/5/25 16:00,613.458374
2020/5/25 17:00,417.3336487
2020/5/25 18:00,207.2971802
2020/5/25 19:00,42.71456146
2020/5/25 20:00,0
2020/5/25 21:00,0
2020/5/25 22:00,0
2020/5/25 23:00,0
2020/5/26 0:00,0
2020/5/26 1:00,0
2020/5/26 2:00,0
2020/5/26 3:00,0
2020/5/26 4:00,0
2020/5/26 5:00,0
2020/5/26 6:00,2.342324495
2020/5/26 7:00,84.62166595
2020/5/26 8:00,265.7013855
2020/5/26 9:00,469.1774902
2020/5/26 10:00,654.5575562
2020/5/26 11:00,796.3740845
2020/5/26 12:00,881.6852417
2020/5/26 13:00,902.8318481
2020/5/26 14:00,856.6453857
2020/5/26 15:00,748.3568115
2020/5/26 16:00,587.7218018
2020/5/26 17:00,390.9277649
2020/5/26 18:00,190.0544586
2020/5/26 19:00,39.85894775
2020/5/26 20:00,0
2020/5/26 21:00,0
2020/5/26 22:00,0
2020/5/26 23:00,0
2020/5/27 0:00,0
2020/5/27 1:00,0
2020/5/27 2:00,0
2020/5/27 3:00,0
2020/5/27 4:00,0
2020/5/27 5:00,0
2020/5/27 6:00,2.213466167
2020/5/27 7:00,78.59700775
2020/5/27 8:00,255.6555939
2020/5/27 9:00,462.4734192
2020/5/27 10:00,650.3272095
2020/5/27 11:00,795.2176514
2020/5/27 12:00,882.105896
2020/5/27 13:00,903.2382813
2020/5/27 14:00,857.0853882
2020/5/27 15:00,745.6464844
2020/5/27 16:00,578.6530762
2020/5/27 17:00,376.9745483
2020/5/27 18:00,178.3083954
2020/5/27 19:00,37.47179031
2020/5/27 20:00,0
2020/5/27 21:00,0
2020/5/27 22:00,0
2020/5/27 23:00,0
2020/5/28 0:00,0
2020/5/28 1:00,0
2020/5/28 2:00,0
2020/5/28 3:00,0
2020/5/28 4:00,0
2020/5/28 5:00,0
2020/5/28 6:00,2.117482424
2020/5/28 7:00,69.70919037
2020/5/28 8:00,222.2508087
2020/5/28 9:00,411.6528015
2020/5/28 10:00,596.9437256
2020/5/28 11:00,743.4768677
2020/5/28 12:00,831.7645264
2020/5/28 13:00,853.0900879
2020/5/28 14:00,807.347168
2020/5/28 15:00,700.1230469
2020/5/28 16:00,542.4312744
2020/5/28 17:00,353.1968079
2020/5/28 18:00,166.9816437
2020/5/28 19:00,35.45717239
2020/5/28 20:00,0
2020/5/28 21:00,0
2020/5/28 22:00,0
2020/5/28 23:00,0
2020/5/29 0:00,0
2020/5/29 1:00,0
2020/5/29 2:00,0
2020/5/29 3:00,0
2020/5/29 4:00,0
2020/5/29 5:00,0
2020/5/29 6:00,2.213876009
2020/5/29 7:00,74.42692566
2020/5/29 8:00,243.8921509
2020/5/29 9:00,449.6573486
2020/5/29 10:00,641.5183716
2020/5/29 11:00,791.3602905
2020/5/29 12:00,885.5338135
2020/5/29 13:00,916.347229
2020/5/29 14:00,880.4053345
2020/5/29 15:00,779.3475952
2020/5/29 16:00,622.0645142
2020/5/29 17:00,425.6353455
2020/5/29 18:00,215.3025055
2020/5/29 19:00,46.76635361
2020/5/29 20:00,0
2020/5/29 21:00,0
2020/5/29 22:00,0
2020/5/29 23:00,0
2020/5/30 0:00,0
2020/5/30 1:00,0
2020/5/30 2:00,0
2020/5/30 3:00,0
2020/5/30 4:00,0
2020/5/30 5:00,0
2020/5/30 6:00,2.566961288
2020/5/30 7:00,85.41112518
2020/5/30 8:00,263.3815308
2020/5/30 9:00,469.4639587
2020/5/30 10:00,666.7177734
2020/5/30 11:00,821.2321777
2020/5/30 12:00,914.8492432
2020/5/30 13:00,940.0105591
2020/5/30 14:00,898.8447876
2020/5/30 15:00,793.6875
2020/5/30 16:00,633.1417847
2020/5/30 17:00,432.9475403
2020/5/30 18:00,219.9621277
2020/5/30 19:00,48.57720566
2020/5/30 20:00,0
2020/5/30 21:00,0
2020/5/30 22:00,0
2020/5/30 23:00,0
2020/5/31 0:00,0
2020/5/31 1:00,0
2020/5/31 2:00,0
2020/5/31 3:00,0
2020/5/31 4:00,0
2020/5/31 5:00,0
2020/5/31 6:00,2.854238749
2020/5/31 7:00,101.6197128
2020/5/31 8:00,306.5002441
2020/5/31 9:00,519.996521
2020/5/31 10:00,706.1174927
2020/5/31 11:00,847.5751953
2020/5/31 12:00,933.9107666
2020/5/31 13:00,958.036438
2020/5/31 14:00,916.2429199
2020/5/31 15:00,812.3917847
2020/5/31 16:00,654.9401855
2020/5/31 17:00,457.0081787
2020/5/31 18:00,239.8978424
2020/5/31 19:00,54.37031174
2020/5/31 20:00,0
2020/5/31 21:00,0
2020/5/31 22:00,0
2020/5/31 23:00,0
2020/6/1 0:00,0
2020/6/1 1:00,0
2020/6/1 2:00,0
2020/6/1 3:00,0
2020/6/1 4:00,0
2020/6/1 5:00,0
2020/6/1 6:00,2.931940079
2020/6/1 7:00,101.1249924
2020/6/1 8:00,300.4518127
2020/6/1 9:00,511.5955505
2020/6/1 10:00,699.213562
2020/6/1 11:00,842.2341309
2020/6/1 12:00,929.5123901
2020/6/1 13:00,953.8259888
2020/6/1 14:00,911.8077393
2020/6/1 15:00,807.1871948
2020/6/1 16:00,648.5568237
2020/6/1 17:00,449.6918335
2020/6/1 18:00,233.9791107
2020/6/1 19:00,53.32684708
2020/6/1 20:00,0
2020/6/1 21:00,0
2020/6/1 22:00,0
2020/6/1 23:00,0
2020/6/2 0:00,0
2020/6/2 1:00,0
2020/6/2 2:00,0
2020/6/2 3:00,0
2020/6/2 4:00,0
2020/6/2 5:00,0
2020/6/2 6:00,3.07507062
2020/6/2 7:00,106.0612183
2020/6/2 8:00,311.1099243
2020/6/2 9:00,525.8115845
2020/6/2 10:00,716.7424927
2020/6/2 11:00,862.7888184
2020/6/2 12:00,951.2490234
2020/6/2 13:00,974.9174805
2020/6/2 14:00,932.1202393
2020/6/2 15:00,826.5635376
2020/6/2 16:00,666.7747192
2020/6/2 17:00,466.0776367
2020/6/2 18:00,246.8171082
2020/6/2 19:00,57.83145905
2020/6/2 20:00,2.82E-17
2020/6/2 21:00,0
2020/6/2 22:00,0
2020/6/2 23:00,0
2020/6/3 0:00,0
2020/6/3 1:00,0
2020/6/3 2:00,0
2020/6/3 3:00,0
2020/6/3 4:00,0
2020/6/3 5:00,0
2020/6/3 6:00,3.133260727
2020/6/3 7:00,107.7532349
2020/6/3 8:00,315.9527893
2020/6/3 9:00,531.2426147
2020/6/3 10:00,720.15625
2020/6/3 11:00,864.119751
2020/6/3 12:00,951.7047729
2020/6/3 13:00,975.6951294
2020/6/3 14:00,933.2136841
2020/6/3 15:00,828.9892578
2020/6/3 16:00,671.5931396
2020/6/3 17:00,473.2366028
2020/6/3 18:00,254.0218048
2020/6/3 19:00,60.74859238
2020/6/3 20:00,5.02E-17
2020/6/3 21:00,0
2020/6/3 22:00,0
2020/6/3 23:00,0
2020/6/4 0:00,0
2020/6/4 1:00,0
2020/6/4 2:00,0
2020/6/4 3:00,0
2020/6/4 4:00,0
2020/6/4 5:00,0
2020/6/4 6:00,3.05816102
2020/6/4 7:00,103.7993011
2020/6/4 8:00,307.9316406
2020/6/4 9:00,520.9373169
2020/6/4 10:00,707.5961304
2020/6/4 11:00,849.5518799
2020/6/4 12:00,936.7062988
2020/6/4 13:00,961.9529419
2020/6/4 14:00,921.0377808
2020/6/4 15:00,818.5859985
2020/6/4 16:00,663.1393433
2020/6/4 17:00,467.1887207
2020/6/4 18:00,251.3834229
2020/6/4 19:00,60.9496727
2020/6/4 20:00,1.23E-09
2020/6/4 21:00,0
2020/6/4 22:00,0
2020/6/4 23:00,0
2020/6/5 0:00,0
2020/6/5 1:00,0
2020/6/5 2:00,0
2020/6/5 3:00,0
2020/6/5 4:00,0
2020/6/5 5:00,0
2020/6/5 6:00,3.083258867
2020/6/5 7:00,102.891304
2020/6/5 8:00,300.6513977
2020/6/5 9:00,511.9680481
2020/6/5 10:00,702.8423462
2020/6/5 11:00,849.2418823
2020/6/5 12:00,937.9777832
2020/6/5 13:00,961.8985596
2020/6/5 14:00,919.7567139
2020/6/5 15:00,814.7840576
2020/6/5 16:00,655.4417114
2020/6/5 17:00,455.788208
2020/6/5 18:00,239.3303375
2020/6/5 19:00,56.60700226
2020/6/5 20:00,0.009946845
2020/6/5 21:00,0
2020/6/5 22:00,0
2020/6/5 23:00,0
2020/6/6 0:00,0
2020/6/6 1:00,0
2020/6/6 2:00,0
2020/6/6 3:00,0
2020/6/6 4:00,0
2020/6/6 5:00,0
2020/6/6 6:00,2.822640657
2020/6/6 7:00,91.009552
2020/6/6 8:00,276.2041626
2020/6/6 9:00,483.6100769
2020/6/6 10:00,674.171936
2020/6/6 11:00,821.3214722
2020/6/6 12:00,910.7407837
2020/6/6 13:00,935.2666016
2020/6/6 14:00,893.8201294
2020/6/6 15:00,791.5960083
2020/6/6 16:00,637.4420776
2020/6/6 17:00,443.8757629
2020/6/6 18:00,233.8746796
2020/6/6 19:00,56.1749115
2020/6/6 20:00,0.015443436
2020/6/6 21:00,0
2020/6/6 22:00,0
2020/6/6 23:00,0
2020/6/7 0:00,0
2020/6/7 1:00,0
2020/6/7 2:00,0
2020/6/7 3:00,0
2020/6/7 4:00,0
2020/6/7 5:00,0
2020/6/7 6:00,2.892810345
2020/6/7 7:00,94.53868103
2020/6/7 8:00,284.4482727
2020/6/7 9:00,491.7406616
2020/6/7 10:00,679.7939453
2020/6/7 11:00,824.2359619
2020/6/7 12:00,912.8560181
2020/6/7 13:00,938.4414673
2020/6/7 14:00,898.2628174
2020/6/7 15:00,795.1104736
2020/6/7 16:00,637.4299316
2020/6/7 17:00,440.1070557
2020/6/7 18:00,229.1870728
2020/6/7 19:00,55.021698
2020/6/7 20:00,0.020827075
2020/6/7 21:00,0
2020/6/7 22:00,0
2020/6/7 23:00,0
2020/6/8 0:00,0
2020/6/8 1:00,0
2020/6/8 2:00,0
2020/6/8 3:00,0
2020/6/8 4:00,0
2020/6/8 5:00,0
2020/6/8 6:00,2.94076848
2020/6/8 7:00,98.47462463
2020/6/8 8:00,297.1513367
2020/6/8 9:00,508.2802734
2020/6/8 10:00,695.3448486
2020/6/8 11:00,838.7700806
2020/6/8 12:00,925.3829956
2020/6/8 13:00,947.881958
2020/6/8 14:00,904.7652588
2020/6/8 15:00,801.8597412
2020/6/8 16:00,647.7125854
2020/6/8 17:00,453.5805664
2020/6/8 18:00,240.3178711
2020/6/8 19:00,58.10669708
2020/6/8 20:00,0.038531948
2020/6/8 21:00,0
2020/6/8 22:00,0
2020/6/8 23:00,0
2020/6/9 0:00,0
2020/6/9 1:00,0
2020/6/9 2:00,0
2020/6/9 3:00,0
2020/6/9 4:00,0
2020/6/9 5:00,0
2020/6/9 6:00,2.930324078
2020/6/9 7:00,98.20944977
2020/6/9 8:00,297.814209
2020/6/9 9:00,510.1344604
2020/6/9 10:00,697.6704712
2020/6/9 11:00,841.1229858
2020/6/9 12:00,928.1220093
2020/6/9 13:00,951.5605469
2020/6/9 14:00,909.3675537
2020/6/9 15:00,806.7747803
2020/6/9 16:00,652.2341309
2020/6/9 17:00,457.4598083
2020/6/9 18:00,243.9835968
2020/6/9 19:00,60.10007095
2020/6/9 20:00,0.050269984
2020/6/9 21:00,0
2020/6/9 22:00,0
2020/6/9 23:00,0
2020/6/10 0:00,0
2020/6/10 1:00,0
2020/6/10 2:00,0
2020/6/10 3:00,0
2020/6/10 4:00,0
2020/6/10 5:00,0
2020/6/10 6:00,2.984897137
2020/6/10 7:00,102.2236404
2020/6/10 8:00,307.7739868
2020/6/10 9:00,521.4675903
2020/6/10 10:00,707.2929688
2020/6/10 11:00,849.1170654
2020/6/10 12:00,935.414856
2020/6/10 13:00,958.9533691
2020/6/10 14:00,916.7785645
2020/6/10 15:00,813.8669434
2020/6/10 16:00,658.5247192
2020/6/10 17:00,462.5307922
2020/6/10 18:00,247.7129669
2020/6/10 19:00,61.71185684
2020/6/10 20:00,0.069164969
2020/6/10 21:00,0
2020/6/10 22:00,0
2020/6/10 23:00,0
2020/6/11 0:00,0
2020/6/11 1:00,0
2020/6/11 2:00,0
2020/6/11 3:00,0
2020/6/11 4:00,0
2020/6/11 5:00,0
2020/6/11 6:00,3.097866774
2020/6/11 7:00,109.2927704
2020/6/11 8:00,323.6775818
2020/6/11 9:00,542.1963501
2020/6/11 10:00,730.5498047
2020/6/11 11:00,874.4802856
2020/6/11 12:00,962.0532227
2020/6/11 13:00,985.9293823
2020/6/11 14:00,943.4777222
2020/6/11 15:00,838.3270264
2020/6/11 16:00,678.8344727
2020/6/11 17:00,478.0305481
2020/6/11 18:00,258.4237061
2020/6/11 19:00,65.84427643
2020/6/11 20:00,0.087369181
2020/6/11 21:00,0
2020/6/11 22:00,0
2020/6/11 23:00,0
2020/6/12 0:00,0
2020/6/12 1:00,0
2020/6/12 2:00,0
2020/6/12 3:00,0
2020/6/12 4:00,0
2020/6/12 5:00,0
2020/6/12 6:00,3.243493557
2020/6/12 7:00,115.24543
2020/6/12 8:00,333.7793274
2020/6/12 9:00,552.9612427
2020/6/12 10:00,741.2665405
2020/6/12 11:00,885.4677124
2020/6/12 12:00,972.9225464
2020/6/12 13:00,996.131958
2020/6/12 14:00,952.9602661
2020/6/12 15:00,846.0263672
2020/6/12 16:00,683.6241455
2020/6/12 17:00,479.8153687
2020/6/12 18:00,258.3199768
2020/6/12 19:00,65.8269577
2020/6/12 20:00,0.102658413
2020/6/12 21:00,0
2020/6/12 22:00,0
2020/6/12 23:00,0
2020/6/13 0:00,0
2020/6/13 1:00,0
2020/6/13 2:00,0
2020/6/13 3:00,0
2020/6/13 4:00,0
2020/6/13 5:00,0
2020/6/13 6:00,2.787232637
2020/6/13 7:00,97.98451233
2020/6/13 8:00,302.8233032
2020/6/13 9:00,517.5905151
2020/6/13 10:00,703.8743896
2020/6/13 11:00,846.6119385
2020/6/13 12:00,934.3624268
2020/6/13 13:00,959.7792358
2020/6/13 14:00,919.7630005
2020/6/13 15:00,817.8065186
2020/6/13 16:00,662.1206055
2020/6/13 17:00,465.6727295
2020/6/13 18:00,250.8177795
2020/6/13 19:00,64.10355377
2020/6/13 20:00,0.124252401
2020/6/13 21:00,0
2020/6/13 22:00,0
2020/6/13 23:00,0
2020/6/14 0:00,0
2020/6/14 1:00,0
2020/6/14 2:00,0
2020/6/14 3:00,0
2020/6/14 4:00,0
2020/6/14 5:00,0
2020/6/14 6:00,2.910249472
2020/6/14 7:00,102.8803253
2020/6/14 8:00,306.1722412
2020/6/14 9:00,518.9367065
2020/6/14 10:00,706.4882202
2020/6/14 11:00,850.0045166
2020/6/14 12:00,938.1940308
2020/6/14 13:00,963.9537964
2020/6/14 14:00,924.5080566
2020/6/14 15:00,822.3143311
2020/6/14 16:00,665.4682007
2020/6/14 17:00,467.8389893
2020/6/14 18:00,252.3060455
2020/6/14 19:00,64.75395203
2020/6/14 20:00,0.143992126
2020/6/14 21:00,0
2020/6/14 22:00,0
2020/6/14 23:00,0
2020/6/15 0:00,0
2020/6/15 1:00,0
2020/6/15 2:00,0
2020/6/15 3:00,0
2020/6/15 4:00,0
2020/6/15 5:00,0
2020/6/15 6:00,2.854002714
2020/6/15 7:00,104.4128265
2020/6/15 8:00,311.5973206
2020/6/15 9:00,525.4158936
2020/6/15 10:00,712.7935181
2020/6/15 11:00,856.8330688
2020/6/15 12:00,944.8035889
2020/6/15 13:00,969.2335815
2020/6/15 14:00,928.2386475
2020/6/15 15:00,825.8776245
2020/6/15 16:00,670.2817993
2020/6/15 17:00,473.4806519
2020/6/15 18:00,257.5605469
2020/6/15 19:00,67.31391907
2020/6/15 20:00,0.166172713
2020/6/15 21:00,0
2020/6/15 22:00,0
2020/6/15 23:00,0
2020/6/16 0:00,0
2020/6/16 1:00,0
2020/6/16 2:00,0
2020/6/16 3:00,0
2020/6/16 4:00,0
2020/6/16 5:00,0
2020/6/16 6:00,2.89901042
2020/6/16 7:00,109.159668
2020/6/16 8:00,323.807312
2020/6/16 9:00,540.5608521
2020/6/16 10:00,726.9630127
2020/6/16 11:00,869.7590942
2020/6/16 12:00,957.2813721
2020/6/16 13:00,982.0680542
2020/6/16 14:00,941.2162476
2020/6/16 15:00,838.4315796
2020/6/16 16:00,682.1315918
2020/6/16 17:00,484.8727112
2020/6/16 18:00,267.852478
2020/6/16 19:00,71.91233063
2020/6/16 20:00,0.188764215
2020/6/16 21:00,0
2020/6/16 22:00,0
2020/6/16 23:00,0
2020/6/17 0:00,0
2020/6/17 1:00,0
2020/6/17 2:00,0
2020/6/17 3:00,0
2020/6/17 4:00,0
2020/6/17 5:00,0
2020/6/17 6:00,2.84120059
2020/6/17 7:00,107.3645172
2020/6/17 8:00,318.0899658
2020/6/17 9:00,533.8685913
2020/6/17 10:00,721.8592529
2020/6/17 11:00,866.1102905
2020/6/17 12:00,955.5168457
2020/6/17 13:00,982.6435547
2020/6/17 14:00,944.1832886
2020/6/17 15:00,843.2089233
2020/6/17 16:00,687.975708
2020/6/17 17:00,491.5795898
2020/6/17 18:00,273.8925781
2020/6/17 19:00,74.62487793
2020/6/17 20:00,0.219797015
2020/6/17 21:00,0
2020/6/17 22:00,0
2020/6/17 23:00,0
2020/6/18 0:00,0
2020/6/18 1:00,0
2020/6/18 2:00,0
2020/6/18 3:00,0
2020/6/18 4:00,0
2020/6/18 5:00,0
2020/6/18 6:00,2.912678719
2020/6/18 7:00,110.8138657
2020/6/18 8:00,320.5077515
2020/6/18 9:00,533.588623
2020/6/18 10:00,720.1981812
2020/6/18 11:00,863.4384766
2020/6/18 12:00,951.675415
2020/6/18 13:00,977.5665894
2020/6/18 14:00,938.2789307
2020/6/18 15:00,838.232605
2020/6/18 16:00,685.6141968
2020/6/18 17:00,491.8808289
2020/6/18 18:00,275.335968
2020/6/18 19:00,75.4695816
2020/6/18 20:00,0.242921472
2020/6/18 21:00,0
2020/6/18 22:00,0
2020/6/18 23:00,0
2020/6/19 0:00,0
2020/6/19 1:00,0
2020/6/19 2:00,0
2020/6/19 3:00,0
2020/6/19 4:00,0
2020/6/19 5:00,0
2020/6/19 6:00,2.916246653
2020/6/19 7:00,113.3235779
2020/6/19 8:00,325.8329773
2020/6/19 9:00,540.340271
2020/6/19 10:00,727.6524658
2020/6/19 11:00,871.5975342
2020/6/19 12:00,959.6933594
2020/6/19 13:00,984.559082
2020/6/19 14:00,944.0742798
2020/6/19 15:00,841.6183472
2020/6/19 16:00,685.1849976
2020/6/19 17:00,487.1670227
2020/6/19 18:00,268.7220154
2020/6/19 19:00,72.55806732
2020/6/19 20:00,0.261462182
2020/6/19 21:00,0
2020/6/19 22:00,0
2020/6/19 23:00,0
2020/6/20 0:00,0
2020/6/20 1:00,0
2020/6/20 2:00,0
2020/6/20 3:00,0
2020/6/20 4:00,0
2020/6/20 5:00,0
2020/6/20 6:00,2.716031313
2020/6/20 7:00,108.8448792
2020/6/20 8:00,320.8059082
2020/6/20 9:00,536.5218506
2020/6/20 10:00,724.4344482
2020/6/20 11:00,868.8101196
2020/6/20 12:00,957.7142944
2020/6/20 13:00,983.8175049
2020/6/20 14:00,944.593811
2020/6/20 15:00,843.7538452
2020/6/20 16:00,689.3086548
2020/6/20 17:00,493.318634
2020/6/20 18:00,275.9622192
2020/6/20 19:00,76.60166168
2020/6/20 20:00,0.287123561
2020/6/20 21:00,0
2020/6/20 22:00,0
2020/6/20 23:00,0
2020/6/21 0:00,0
2020/6/21 1:00,0
2020/6/21 2:00,0
2020/6/21 3:00,0
2020/6/21 4:00,0
2020/6/21 5:00,0
2020/6/21 6:00,2.742012501
2020/6/21 7:00,111.2808228
2020/6/21 8:00,322.023468
2020/6/21 9:00,536.5946655
2020/6/21 10:00,725.2973633
2020/6/21 11:00,870.5525513
2020/6/21 12:00,960.1555176
2020/6/21 13:00,986.7324829
2020/6/21 14:00,947.9819946
2020/6/21 15:00,846.9822998
2020/6/21 16:00,691.8063354
2020/6/21 17:00,495.1773376
2020/6/21 18:00,277.6035461
2020/6/21 19:00,77.69116211
2020/6/21 20:00,0.318916887
2020/6/21 21:00,0
2020/6/21 22:00,0
2020/6/21 23:00,0
2020/6/22 0:00,0
2020/6/22 1:00,0
2020/6/22 2:00,0
2020/6/22 3:00,0
2020/6/22 4:00,0
2020/6/22 5:00,0
2020/6/22 6:00,2.597242355
2020/6/22 7:00,107.6994781
2020/6/22 8:00,315.5211182
2020/6/22 9:00,529.5324707
2020/6/22 10:00,719.0452881
2020/6/22 11:00,865.197876
2020/6/22 12:00,955.0783691
2020/6/22 13:00,981.2260132
2020/6/22 14:00,941.8910522
2020/6/22 15:00,840.8815308
2020/6/22 16:00,686.2567749
2020/6/22 17:00,489.9897156
2020/6/22 18:00,272.8009949
2020/6/22 19:00,75.36161041
2020/6/22 20:00,0.335902989
2020/6/22 21:00,0
2020/6/22 22:00,0
2020/6/22 23:00,0
2020/6/23 0:00,0
2020/6/23 1:00,0
2020/6/23 2:00,0
2020/6/23 3:00,0
2020/6/23 4:00,0
2020/6/23 5:00,0
2020/6/23 6:00,2.387333155
2020/6/23 7:00,102.2853546
2020/6/23 8:00,308.9134827
2020/6/23 9:00,523.4256592
2020/6/23 10:00,712.336731
2020/6/23 11:00,857.6531982
2020/6/23 12:00,947.0338745
2020/6/23 13:00,973.145874
2020/6/23 14:00,933.6911621
2020/6/23 15:00,832.7626953
2020/6/23 16:00,678.4779663
2020/6/23 17:00,482.7391663
2020/6/23 18:00,266.6151123
2020/6/23 19:00,72.83961487
2020/6/23 20:00,0.350021839
2020/6/23 21:00,0
2020/6/23 22:00,0
2020/6/23 23:00,0
2020/6/24 0:00,0
2020/6/24 1:00,0
2020/6/24 2:00,0
2020/6/24 3:00,0
2020/6/24 4:00,0
2020/6/24 5:00,0
2020/6/24 6:00,2.265654325
2020/6/24 7:00,99.83642578
2020/6/24 8:00,304.8190002
2020/6/24 9:00,520.9144287
2020/6/24 10:00,713.5595093
2020/6/24 11:00,862.6230469
2020/6/24 12:00,954.8164063
2020/6/24 13:00,982.6759033
2020/6/24 14:00,944.791626
2020/6/24 15:00,843.9239502
2020/6/24 16:00,688.2921753
2020/6/24 17:00,491.2145386
2020/6/24 18:00,273.6642456
2020/6/24 19:00,76.02735138
2020/6/24 20:00,0.372625172
2020/6/24 21:00,0
2020/6/24 22:00,0
2020/6/24 23:00,0
2020/6/25 0:00,0
2020/6/25 1:00,0
2020/6/25 2:00,0
2020/6/25 3:00,0
2020/6/25 4:00,0
2020/6/25 5:00,0
2020/6/25 6:00,2.115237474
2020/6/25 7:00,95.84822083
2020/6/25 8:00,296.1964111
2020/6/25 9:00,509.1466064
2020/6/25 10:00,699.2151489
2020/6/25 11:00,846.0880127
2020/6/25 12:00,937.8168945
2020/6/25 13:00,966.984436
2020/6/25 14:00,930.7637329
2020/6/25 15:00,832.2658081
2020/6/25 16:00,679.5599976
2020/6/25 17:00,485.439209
2020/6/25 18:00,269.8499451
2020/6/25 19:00,74.4381485
2020/6/25 20:00,0.384319931
2020/6/25 21:00,0
2020/6/25 22:00,0
2020/6/25 23:00,0
2020/6/26 0:00,0
2020/6/26 1:00,0
2020/6/26 2:00,0
2020/6/26 3:00,0
2020/6/26 4:00,0
2020/6/26 5:00,0
2020/6/26 6:00,2.058285475
2020/6/26 7:00,95.25551605
2020/6/26 8:00,293.8379517
2020/6/26 9:00,506.1347656
2020/6/26 10:00,696.8701782
2020/6/26 11:00,844.4345703
2020/6/26 12:00,936.5646362
2020/6/26 13:00,965.699585
2020/6/26 14:00,928.9422607
2020/6/26 15:00,829.9628906
2020/6/26 16:00,676.7590332
2020/6/26 17:00,481.6963806
2020/6/26 18:00,265.811676
2020/6/26 19:00,72.94574738
2020/6/26 20:00,0.407753527
2020/6/26 21:00,0
2020/6/26 22:00,0
2020/6/26 23:00,0
2020/6/27 0:00,0
2020/6/27 1:00,0
2020/6/27 2:00,0
2020/6/27 3:00,0
2020/6/27 4:00,0
2020/6/27 5:00,0
2020/6/27 6:00,2.087368965
2020/6/27 7:00,104.0071411
2020/6/27 8:00,315.8416138
2020/6/27 9:00,531.4794922
2020/6/27 10:00,718.7073975
2020/6/27 11:00,862.717041
2020/6/27 12:00,952.3671265
2020/6/27 13:00,980.1807251
2020/6/27 14:00,942.5946655
2020/6/27 15:00,843.1395264
2020/6/27 16:00,689.776001
2020/6/27 17:00,494.6216736
2020/6/27 18:00,277.5628052
2020/6/27 19:00,78.20859528
2020/6/27 20:00,0.431272656
2020/6/27 21:00,0
2020/6/27 22:00,0
2020/6/27 23:00,0
2020/6/28 0:00,0
2020/6/28 1:00,0
2020/6/28 2:00,0
2020/6/28 3:00,0
2020/6/28 4:00,0
2020/6/28 5:00,0
2020/6/28 6:00,1.966368198
2020/6/28 7:00,101.3638077
2020/6/28 8:00,311.2282715
2020/6/28 9:00,528.0949707
2020/6/28 10:00,718.7074585
2020/6/28 11:00,866.2125244
2020/6/28 12:00,957.944519
2020/6/28 13:00,986.3347778
2020/6/28 14:00,949.1484985
2020/6/28 15:00,849.0805664
2020/6/28 16:00,694.0673828
2020/6/28 17:00,497.020874
2020/6/28 18:00,278.3220825
2020/6/28 19:00,78.35406494
2020/6/28 20:00,0.447053432
2020/6/28 21:00,0
2020/6/28 22:00,0
2020/6/28 23:00,0
2020/6/29 0:00,0
2020/6/29 1:00,0
2020/6/29 2:00,0
2020/6/29 3:00,0
2020/6/29 4:00,0
2020/6/29 5:00,0
2020/6/29 6:00,1.772260904
2020/6/29 7:00,89.65345764
2020/6/29 8:00,281.1134033
2020/6/29 9:00,491.4712524
2020/6/29 10:00,684.6970215
2020/6/29 11:00,834.8404541
2020/6/29 12:00,927.9682617
2020/6/29 13:00,956.8345337
2020/6/29 14:00,920.3553467
2020/6/29 15:00,821.473999
2020/6/29 16:00,668.0310059
2020/6/29 17:00,473.0153198
2020/6/29 18:00,258.5696106
2020/6/29 19:00,70.52612305
2020/6/29 20:00,0.438531756
2020/6/29 21:00,0
2020/6/29 22:00,0
2020/6/29 23:00,0
2020/6/30 0:00,0
2020/6/30 1:00,0
2020/6/30 2:00,0
2020/6/30 3:00,0
2020/6/30 4:00,0
2020/6/30 5:00,0
2020/6/30 6:00,1.682927847
2020/6/30 7:00,91.29490662
2020/6/30 8:00,290.5727539
2020/6/30 9:00,503.5064087
2020/6/30 10:00,693.2079468
2020/6/30 11:00,839.9989014
2020/6/30 12:00,931.0036621
2020/6/30 13:00,958.7666016
2020/6/30 14:00,921.2994385
2020/6/30 15:00,822.2265015
2020/6/30 16:00,669.3529663
2020/6/30 17:00,474.7817078
2020/6/30 18:00,260.5562744
2020/6/30 19:00,71.44918823
2020/6/30 20:00,0.44864139
2020/6/30 21:00,0
2020/6/30 22:00,0
2020/6/30 23:00,0
2020/7/1 0:00,0
2020/7/1 1:00,0
2020/7/1 2:00,0
2020/7/1 3:00,0
2020/7/1 4:00,0
2020/7/1 5:00,0
2020/7/1 6:00,1.527328372
2020/7/1 7:00,82.81079102
2020/7/1 8:00,266.4254761
2020/7/1 9:00,471.8164673
2020/7/1 10:00,661.8937988
2020/7/1 11:00,809.9154663
2020/7/1 12:00,902.7418823
2020/7/1 13:00,932.8399048
2020/7/1 14:00,897.5480957
2020/7/1 15:00,801.2399902
2020/7/1 16:00,651.84729
2020/7/1 17:00,461.3623352
2020/7/1 18:00,250.7203522
2020/7/1 19:00,67.56278229
2020/7/1 20:00,0.43991372
2020/7/1 21:00,0
2020/7/1 22:00,0
2020/7/1 23:00,0
2020/7/2 0:00,0
2020/7/2 1:00,0
2020/7/2 2:00,0
2020/7/2 3:00,0
2020/7/2 4:00,0
2020/7/2 5:00,0
2020/7/2 6:00,1.443938255
2020/7/2 7:00,85.07698822
2020/7/2 8:00,281.3761902
2020/7/2 9:00,494.4313965
2020/7/2 10:00,683.7697754
2020/7/2 11:00,830.5357666
2020/7/2 12:00,922.3555908
2020/7/2 13:00,951.6206665
2020/7/2 14:00,915.442627
2020/7/2 15:00,817.5567627
2020/7/2 16:00,665.942627
2020/7/2 17:00,472.8950195
2020/7/2 18:00,259.4602966
2020/7/2 19:00,70.80250549
2020/7/2 20:00,0.456359446
2020/7/2 21:00,0
2020/7/2 22:00,0
2020/7/2 23:00,0
2020/7/3 0:00,0
2020/7/3 1:00,0
2020/7/3 2:00,0
2020/7/3 3:00,0
2020/7/3 4:00,0
2020/7/3 5:00,0
2020/7/3 6:00,1.361796737
2020/7/3 7:00,83.43315887
2020/7/3 8:00,278.4507751
2020/7/3 9:00,492.0108337
2020/7/3 10:00,682.5978394
2020/7/3 11:00,830.475708
2020/7/3 12:00,922.0244141
2020/7/3 13:00,949.7355347
2020/7/3 14:00,911.9371338
2020/7/3 15:00,814.0022583
2020/7/3 16:00,663.9620361
2020/7/3 17:00,472.4289246
2020/7/3 18:00,260.0076599
2020/7/3 19:00,71.33154297
2020/7/3 20:00,0.463324875
2020/7/3 21:00,0
2020/7/3 22:00,0
2020/7/3 23:00,0
2020/7/4 0:00,0
2020/7/4 1:00,0
2020/7/4 2:00,0
2020/7/4 3:00,0
2020/7/4 4:00,0
2020/7/4 5:00,0
2020/7/4 6:00,1.308059812
2020/7/4 7:00,84.96816254
2020/7/4 8:00,281.5723877
2020/7/4 9:00,494.9800415
2020/7/4 10:00,685.5976563
2020/7/4 11:00,833.6809082
2020/7/4 12:00,926.6133423
2020/7/4 13:00,956.69104
2020/7/4 14:00,921.1568604
2020/7/4 15:00,823.5507813
2020/7/4 16:00,671.7771606
2020/7/4 17:00,478.171875
2020/7/4 18:00,263.9492493
2020/7/4 19:00,72.80899811
2020/7/4 20:00,0.46934399
2020/7/4 21:00,0
2020/7/4 22:00,0
2020/7/4 23:00,0
2020/7/5 0:00,0
2020/7/5 1:00,0
2020/7/5 2:00,0
2020/7/5 3:00,0
2020/7/5 4:00,0
2020/7/5 5:00,0
2020/7/5 6:00,1.257614017
2020/7/5 7:00,88.97532654
2020/7/5 8:00,292.276886
2020/7/5 9:00,508.3756409
2020/7/5 10:00,699.4431763
2020/7/5 11:00,847.6331177
2020/7/5 12:00,940.288208
2020/7/5 13:00,969.6434937
2020/7/5 14:00,933.0575562
2020/7/5 15:00,834.2433472
2020/7/5 16:00,681.0849609
2020/7/5 17:00,485.6453857
2020/7/5 18:00,269.2064209
2020/7/5 19:00,74.86880493
2020/7/5 20:00,0.473400295
2020/7/5 21:00,0
2020/7/5 22:00,0
2020/7/5 23:00,0
2020/7/6 0:00,0
2020/7/6 1:00,0
2020/7/6 2:00,0
2020/7/6 3:00,0
2020/7/6 4:00,0
2020/7/6 5:00,0
2020/7/6 6:00,1.24262321
2020/7/6 7:00,95.86867523
2020/7/6 8:00,307.1010437
2020/7/6 9:00,524.4850464
2020/7/6 10:00,714.1494751
2020/7/6 11:00,860.9274292
2020/7/6 12:00,952.9054565
2020/7/6 13:00,982.4041138
2020/7/6 14:00,946.2542114
2020/7/6 15:00,847.624939
2020/7/6 16:00,694.4057617
2020/7/6 17:00,498.8317871
2020/7/6 18:00,281.0333557
2020/7/6 19:00,80.10596466
2020/7/6 20:00,0.481559396
2020/7/6 21:00,0
2020/7/6 22:00,0
2020/7/6 23:00,0
2020/7/7 0:00,0
2020/7/7 1:00,0
2020/7/7 2:00,0
2020/7/7 3:00,0
2020/7/7 4:00,0
2020/7/7 5:00,0
2020/7/7 6:00,1.1149652
2020/7/7 7:00,88.4388504
2020/7/7 8:00,290.3718567
2020/7/7 9:00,505.9601746
2020/7/7 10:00,698.4366455
2020/7/7 11:00,847.8686523
2020/7/7 12:00,941.1130371
2020/7/7 13:00,970.5600586
2020/7/7 14:00,934.2987671
2020/7/7 15:00,836.177063
2020/7/7 16:00,684.1184692
2020/7/7 17:00,489.9049988
2020/7/7 18:00,274.2912598
2020/7/7 19:00,77.46417999
2020/7/7 20:00,0.469036669
2020/7/7 21:00,0
2020/7/7 22:00,0
2020/7/7 23:00,0
2020/7/8 0:00,0
2020/7/8 1:00,0
2020/7/8 2:00,0
2020/7/8 3:00,0
2020/7/8 4:00,0
2020/7/8 5:00,0
2020/7/8 6:00,1.020677567
2020/7/8 7:00,84.65727234
2020/7/8 8:00,278.3599548
2020/7/8 9:00,490.4749451
2020/7/8 10:00,683.6599121
2020/7/8 11:00,833.8706665
2020/7/8 12:00,927.7883911
2020/7/8 13:00,957.831543
2020/7/8 14:00,921.9417114
2020/7/8 15:00,823.9832764
2020/7/8 16:00,671.8820801
2020/7/8 17:00,477.7944336
2020/7/8 18:00,263.3128052
2020/7/8 19:00,72.34175873
2020/7/8 20:00,0.446943492
2020/7/8 21:00,0
2020/7/8 22:00,0
2020/7/8 23:00,0
2020/7/9 0:00,0
2020/7/9 1:00,0
2020/7/9 2:00,0
2020/7/9 3:00,0
2020/7/9 4:00,0
2020/7/9 5:00,0
2020/7/9 6:00,0.941093624
2020/7/9 7:00,85.27514648
2020/7/9 8:00,288.1593628
2020/7/9 9:00,505.197876
2020/7/9 10:00,697.5812378
2020/7/9 11:00,847.1532593
2020/7/9 12:00,940.3865356
2020/7/9 13:00,969.5302124
2020/7/9 14:00,932.796875
2020/7/9 15:00,833.4276123
2020/7/9 16:00,679.1010742
2020/7/9 17:00,482.1564026
2020/7/9 18:00,265.6387329
2020/7/9 19:00,73.19483948
2020/7/9 20:00,0.440932661
2020/7/9 21:00,0
2020/7/9 22:00,0
2020/7/9 23:00,0
2020/7/10 0:00,0
2020/7/10 1:00,0
2020/7/10 2:00,0
2020/7/10 3:00,0
2020/7/10 4:00,0
2020/7/10 5:00,0
2020/7/10 6:00,0.868679583
2020/7/10 7:00,83.12908173
2020/7/10 8:00,280.6670532
2020/7/10 9:00,496.2908325
2020/7/10 10:00,691.2098389
2020/7/10 11:00,842.989502
2020/7/10 12:00,938.418335
2020/7/10 13:00,969.8158569
2020/7/10 14:00,934.9802856
2020/7/10 15:00,837.4674683
2020/7/10 16:00,685.0426025
2020/7/10 17:00,489.7670898
2020/7/10 18:00,271.8316345
2020/7/10 19:00,74.93071747
2020/7/10 20:00,0.432321012
2020/7/10 21:00,0
2020/7/10 22:00,0
2020/7/10 23:00,0
2020/7/11 0:00,0
2020/7/11 1:00,0
2020/7/11 2:00,0
2020/7/11 3:00,0
2020/7/11 4:00,0
2020/7/11 5:00,0
2020/7/11 6:00,0.804668605
2020/7/11 7:00,84.77346039
2020/7/11 8:00,290.493103
2020/7/11 9:00,511.0300598
2020/7/11 10:00,706.4227905
2020/7/11 11:00,858.5964966
2020/7/11 12:00,954.4298706
2020/7/11 13:00,986.1237183
2020/7/11 14:00,951.3851318
2020/7/11 15:00,853.045166
2020/7/11 16:00,698.8001709
2020/7/11 17:00,501.1361389
2020/7/11 18:00,280.5240173
2020/7/11 19:00,78.61547089
2020/7/11 20:00,0.427943856
2020/7/11 21:00,0
2020/7/11 22:00,0
2020/7/11 23:00,0
2020/7/12 0:00,0
2020/7/12 1:00,0
2020/7/12 2:00,0
2020/7/12 3:00,0
2020/7/12 4:00,0
2020/7/12 5:00,0
2020/7/12 6:00,0.75342983
2020/7/12 7:00,86.671875
2020/7/12 8:00,293.05896
2020/7/12 9:00,512.6139526
2020/7/12 10:00,707.9029541
2020/7/12 11:00,859.8049316
2020/7/12 12:00,955.1636353
2020/7/12 13:00,986.2131958
2020/7/12 14:00,950.7592163
2020/7/12 15:00,851.4452515
2020/7/12 16:00,696.1730347
2020/7/12 17:00,497.8720703
2020/7/12 18:00,277.7888184
2020/7/12 19:00,77.53764343
2020/7/12 20:00,0.40074724
2020/7/12 21:00,0
2020/7/12 22:00,0
2020/7/12 23:00,0
2020/7/13 0:00,0
2020/7/13 1:00,0
2020/7/13 2:00,0
2020/7/13 3:00,0
2020/7/13 4:00,0
2020/7/13 5:00,0
2020/7/13 6:00,0.69709754
2020/7/13 7:00,90.38934326
2020/7/13 8:00,303.2805176
2020/7/13 9:00,522.7593994
2020/7/13 10:00,713.8999634
2020/7/13 11:00,862.2352905
2020/7/13 12:00,954.7730713
2020/7/13 13:00,983.5790405
2020/7/13 14:00,946.0720215
2020/7/13 15:00,844.9384766
2020/7/13 16:00,687.9467163
2020/7/13 17:00,487.9624023
2020/7/13 18:00,268.4506531
2020/7/13 19:00,73.54711914
2020/7/13 20:00,0.37355721
2020/7/13 21:00,0
2020/7/13 22:00,0
2020/7/13 23:00,0
2020/7/14 0:00,0
2020/7/14 1:00,0
2020/7/14 2:00,0
2020/7/14 3:00,0
2020/7/14 4:00,0
2020/7/14 5:00,0
2020/7/14 6:00,0.598930538
2020/7/14 7:00,81.07641602
2020/7/14 8:00,283.1655579
2020/7/14 9:00,501.1921387
2020/7/14 10:00,695.0301514
2020/7/14 11:00,845.8024902
2020/7/14 12:00,940.4065552
2020/7/14 13:00,970.8682861
2020/7/14 14:00,934.5352783
2020/7/14 15:00,834.2655029
2020/7/14 16:00,678.0386963
2020/7/14 17:00,479.1826477
2020/7/14 18:00,261.7525635
2020/7/14 19:00,70.91727448
2020/7/14 20:00,0.349448532
2020/7/14 21:00,0
2020/7/14 22:00,0
2020/7/14 23:00,0
2020/7/15 0:00,0
2020/7/15 1:00,0
2020/7/15 2:00,0
2020/7/15 3:00,0
2020/7/15 4:00,0
2020/7/15 5:00,0
2020/7/15 6:00,0.531420469
2020/7/15 7:00,78.97634125
2020/7/15 8:00,278.8607483
2020/7/15 9:00,496.8236084
2020/7/15 10:00,692.0536499
2020/7/15 11:00,844.3225098
2020/7/15 12:00,940.5028076
2020/7/15 13:00,972.7437134
2020/7/15 14:00,938.5244141
2020/7/15 15:00,840.7658691
2020/7/15 16:00,687.3248901
2020/7/15 17:00,490.8381348
2020/7/15 18:00,272.7758789
2020/7/15 19:00,75.18405151
2020/7/15 20:00,0.337589025
2020/7/15 21:00,0
2020/7/15 22:00,0
2020/7/15 23:00,0
2020/7/16 0:00,0
2020/7/16 1:00,0
2020/7/16 2:00,0
2020/7/16 3:00,0
2020/7/16 4:00,0
2020/7/16 5:00,0
2020/7/16 6:00,0.492328763
2020/7/16 7:00,84.84902191
2020/7/16 8:00,295.1278381
2020/7/16 9:00,514.7466431
2020/7/16 10:00,706.8430786
2020/7/16 11:00,856.2098389
2020/7/16 12:00,950.5096436
2020/7/16 13:00,981.8111572
2020/7/16 14:00,946.8938599
2020/7/16 15:00,848.8196411
2020/7/16 16:00,695.3876343
2020/7/16 17:00,498.7841492
2020/7/16 18:00,279.5489502
2020/7/16 19:00,77.76217651
2020/7/16 20:00,0.317116737
2020/7/16 21:00,0
2020/7/16 22:00,0
2020/7/16 23:00,0
2020/7/17 0:00,0
2020/7/17 1:00,0
2020/7/17 2:00,0
2020/7/17 3:00,0
2020/7/17 4:00,0
2020/7/17 5:00,0
2020/7/17 6:00,0.450654685
2020/7/17 7:00,84.69116211
2020/7/17 8:00,290.6730957
2020/7/17 9:00,509.1197815
2020/7/17 10:00,704.9004517
2020/7/17 11:00,857.7749634
2020/7/17 12:00,954.0388184
2020/7/17 13:00,985.8009033
2020/7/17 14:00,951.2080688
2020/7/17 15:00,853.0529175
2020/7/17 16:00,699.104248
2020/7/17 17:00,501.8577271
2020/7/17 18:00,281.954071
2020/7/17 19:00,78.72092438
2020/7/17 20:00,0.288945138
2020/7/17 21:00,0
2020/7/17 22:00,0
2020/7/17 23:00,0
2020/7/18 0:00,0
2020/7/18 1:00,0
2020/7/18 2:00,0
2020/7/18 3:00,0
2020/7/18 4:00,0
2020/7/18 5:00,0
2020/7/18 6:00,0.391902268
2020/7/18 7:00,83.01213837
2020/7/18 8:00,288.4783325
2020/7/18 9:00,507.3368835
2020/7/18 10:00,703.1981201
2020/7/18 11:00,855.8897095
2020/7/18 12:00,952.1715088
2020/7/18 13:00,984.0892334
2020/7/18 14:00,949.2360229
2020/7/18 15:00,850.4993896
2020/7/18 16:00,695.7538452
2020/7/18 17:00,497.6075439
2020/7/18 18:00,277.1940308
2020/7/18 19:00,75.92832947
2020/7/18 20:00,0.26216045
2020/7/18 21:00,0
2020/7/18 22:00,0
2020/7/18 23:00,0
2020/7/19 0:00,0
2020/7/19 1:00,0
2020/7/19 2:00,0
2020/7/19 3:00,0
2020/7/19 4:00,0
2020/7/19 5:00,0
2020/7/19 6:00,0.335434705
2020/7/19 7:00,80.20098877
2020/7/19 8:00,286.1741028
2020/7/19 9:00,505.9760132
2020/7/19 10:00,700.8589478
2020/7/19 11:00,852.5516968
2020/7/19 12:00,948.0988159
2020/7/19 13:00,979.5882568
2020/7/19 14:00,944.3623657
2020/7/19 15:00,845.2671509
2020/7/19 16:00,690.1697388
2020/7/19 17:00,491.7869568
2020/7/19 18:00,272.2309265
2020/7/19 19:00,73.79382324
2020/7/19 20:00,0.23600921
2020/7/19 21:00,0
2020/7/19 22:00,0
2020/7/19 23:00,0
2020/7/20 0:00,0
2020/7/20 1:00,0
2020/7/20 2:00,0
2020/7/20 3:00,0
2020/7/20 4:00,0
2020/7/20 5:00,0
2020/7/20 6:00,0.286657006
2020/7/20 7:00,78.94139862
2020/7/20 8:00,282.9239197
2020/7/20 9:00,502.9148254
2020/7/20 10:00,700.1409302
2020/7/20 11:00,854.0321655
2020/7/20 12:00,951.2479858
2020/7/20 13:00,983.8485718
2020/7/20 14:00,949.4649048
2020/7/20 15:00,850.6470947
2020/7/20 16:00,695.2889404
2020/7/20 17:00,496.3927917
2020/7/20 18:00,275.3653259
2020/7/20 19:00,74.38500977
2020/7/20 20:00,0.210758269
2020/7/20 21:00,0
2020/7/20 22:00,0
2020/7/20 23:00,0
2020/7/21 0:00,0
2020/7/21 1:00,0
2020/7/21 2:00,0
2020/7/21 3:00,0
2020/7/21 4:00,0
2020/7/21 5:00,0
2020/7/21 6:00,0.244850993
2020/7/21 7:00,76.48160553
2020/7/21 8:00,278.1896667
2020/7/21 9:00,496.0813599
2020/7/21 10:00,690.68573
2020/7/21 11:00,842.1619263
2020/7/21 12:00,938.177063
2020/7/21 13:00,970.7016602
2020/7/21 14:00,936.1467285
2020/7/21 15:00,838.0741577
2020/7/21 16:00,684.4189453
2020/7/21 17:00,487.368866
2020/7/21 18:00,267.2743225
2020/7/21 19:00,70.01276398
2020/7/21 20:00,0.176020756
2020/7/21 21:00,0
2020/7/21 22:00,0
2020/7/21 23:00,0
2020/7/22 0:00,0
2020/7/22 1:00,0
2020/7/22 2:00,0
2020/7/22 3:00,0
2020/7/22 4:00,0
2020/7/22 5:00,0
2020/7/22 6:00,0.204104632
2020/7/22 7:00,71.56578064
2020/7/22 8:00,269.7129822
2020/7/22 9:00,488.3205261
2020/7/22 10:00,684.0349121
2020/7/22 11:00,836.6802368
2020/7/22 12:00,933.6089478
2020/7/22 13:00,966.9622803
2020/7/22 14:00,933.6986084
2020/7/22 15:00,837.2177734
2020/7/22 16:00,685.2610474
2020/7/22 17:00,489.7826233
2020/7/22 18:00,270.958374
2020/7/22 19:00,71.87355804
2020/7/22 20:00,0.15528509
2020/7/22 21:00,0
2020/7/22 22:00,0
2020/7/22 23:00,0
2020/7/23 0:00,0
2020/7/23 1:00,0
2020/7/23 2:00,0
2020/7/23 3:00,0
2020/7/23 4:00,0
2020/7/23 5:00,0
2020/7/23 6:00,0.171117187
2020/7/23 7:00,77.00007629
2020/7/23 8:00,285.8401489
2020/7/23 9:00,507.2290649
2020/7/23 10:00,701.4118652
2020/7/23 11:00,852.6416016
2020/7/23 12:00,948.7577515
2020/7/23 13:00,981.6365967
2020/7/23 14:00,947.4751587
2020/7/23 15:00,848.3919678
2020/7/23 16:00,692.1815796
2020/7/23 17:00,492.1611023
2020/7/23 18:00,269.8751831
2020/7/23 19:00,70.36346436
2020/7/23 20:00,0.129488796
2020/7/23 21:00,0
2020/7/23 22:00,0
2020/7/23 23:00,0
2020/7/24 0:00,0
2020/7/24 1:00,0
2020/7/24 2:00,0
2020/7/24 3:00,0
2020/7/24 4:00,0
2020/7/24 5:00,0
2020/7/24 6:00,0.143660724
2020/7/24 7:00,76.6548233
2020/7/24 8:00,285.6117859
2020/7/24 9:00,507.8516235
2020/7/24 10:00,703.6774292
2020/7/24 11:00,856.3101807
2020/7/24 12:00,952.8590698
2020/7/24 13:00,985.1834717
2020/7/24 14:00,950.1137085
2020/7/24 15:00,850.3135986
2020/7/24 16:00,693.6583862
2020/7/24 17:00,493.0973511
2020/7/24 18:00,270.7020874
2020/7/24 19:00,70.59882355
2020/7/24 20:00,0.103608705
2020/7/24 21:00,0
2020/7/24 22:00,0
2020/7/24 23:00,0
2020/7/25 0:00,0
2020/7/25 1:00,0
2020/7/25 2:00,0
2020/7/25 3:00,0
2020/7/25 4:00,0
2020/7/25 5:00,0
2020/7/25 6:00,0.110419981
2020/7/25 7:00,73.7013092
2020/7/25 8:00,278.1056824
2020/7/25 9:00,499.0942688
2020/7/25 10:00,695.6680298
2020/7/25 11:00,848.8734131
2020/7/25 12:00,945.0599976
2020/7/25 13:00,976.0575562
2020/7/25 14:00,939.3112183
2020/7/25 15:00,838.4290771
2020/7/25 16:00,681.3560791
2020/7/25 17:00,480.5255127
2020/7/25 18:00,259.3599854
2020/7/25 19:00,65.65057373
2020/7/25 20:00,0.081443191
2020/7/25 21:00,0
2020/7/25 22:00,0
2020/7/25 23:00,0
2020/7/26 0:00,0
2020/7/26 1:00,0
2020/7/26 2:00,0
2020/7/26 3:00,0
2020/7/26 4:00,0
2020/7/26 5:00,0
2020/7/26 6:00,0.087883741
2020/7/26 7:00,69.51052856
2020/7/26 8:00,273.2710876
2020/7/26 9:00,496.1556396
2020/7/26 10:00,692.2755737
2020/7/26 11:00,844.8673706
2020/7/26 12:00,941.4543457
2020/7/26 13:00,974.0169678
2020/7/26 14:00,938.9906616
2020/7/26 15:00,839.4849243
2020/7/26 16:00,683.3766479
2020/7/26 17:00,483.3289795
2020/7/26 18:00,262.2613831
2020/7/26 19:00,66.55660248
2020/7/26 20:00,0.057468511
2020/7/26 21:00,0
2020/7/26 22:00,0
2020/7/26 23:00,0
2020/7/27 0:00,0
2020/7/27 1:00,0
2020/7/27 2:00,0
2020/7/27 3:00,0
2020/7/27 4:00,0
2020/7/27 5:00,0
2020/7/27 6:00,0.063056819
2020/7/27 7:00,74.69325256
2020/7/27 8:00,283.9390564
2020/7/27 9:00,506.2260742
2020/7/27 10:00,702.1731567
2020/7/27 11:00,854.8189087
2020/7/27 12:00,951.1028442
2020/7/27 13:00,982.9573364
2020/7/27 14:00,947.5388794
2020/7/27 15:00,848.1203003
2020/7/27 16:00,692.6052246
2020/7/27 17:00,493.2538147
2020/7/27 18:00,270.9918823
2020/7/27 19:00,69.29319763
2020/7/27 20:00,0.043877777
2020/7/27 21:00,0
2020/7/27 22:00,0
2020/7/27 23:00,0
2020/7/28 0:00,0
2020/7/28 1:00,0
2020/7/28 2:00,0
2020/7/28 3:00,0
2020/7/28 4:00,0
2020/7/28 5:00,0
2020/7/28 6:00,0.048868857
2020/7/28 7:00,71.35691833
2020/7/28 8:00,273.5001526
2020/7/28 9:00,492.3576355
2020/7/28 10:00,687.7269897
2020/7/28 11:00,839.8064575
2020/7/28 12:00,935.7371826
2020/7/28 13:00,967.3859253
2020/7/28 14:00,931.454834
2020/7/28 15:00,831.2713623
2020/7/28 16:00,674.9026489
2020/7/28 17:00,475.0960083
2020/7/28 18:00,254.7071991
2020/7/28 19:00,62.40335846
2020/7/28 20:00,0.021468118
2020/7/28 21:00,0
2020/7/28 22:00,0
2020/7/28 23:00,0
2020/7/29 0:00,0
2020/7/29 1:00,0
2020/7/29 2:00,0
2020/7/29 3:00,0
2020/7/29 4:00,0
2020/7/29 5:00,0
2020/7/29 6:00,0.032942533
2020/7/29 7:00,60.35131836
2020/7/29 8:00,245.2449951
2020/7/29 9:00,458.2019043
2020/7/29 10:00,652.5351563
2020/7/29 11:00,804.3990479
2020/7/29 12:00,899.2382202
2020/7/29 13:00,928.9087524
2020/7/29 14:00,890.9901123
2020/7/29 15:00,787.7063599
2020/7/29 16:00,627.326355
2020/7/29 17:00,426.0809021
2020/7/29 18:00,214.4690857
2020/7/29 19:00,49.58341217
2020/7/29 20:00,0.012190188
2020/7/29 21:00,0
2020/7/29 22:00,0
2020/7/29 23:00,0
2020/7/30 0:00,0
2020/7/30 1:00,0
2020/7/30 2:00,0
2020/7/30 3:00,0
2020/7/30 4:00,0
2020/7/30 5:00,0
2020/7/30 6:00,0.018209547
2020/7/30 7:00,66.11302185
2020/7/30 8:00,271.473999
2020/7/30 9:00,495.4107056
2020/7/30 10:00,691.3907471
2020/7/30 11:00,844.1635742
2020/7/30 12:00,939.4824219
2020/7/30 13:00,969.192627
2020/7/30 14:00,931.4311523
2020/7/30 15:00,830.157959
2020/7/30 16:00,673.262146
2020/7/30 17:00,472.577301
2020/7/30 18:00,250.2433472
2020/7/30 19:00,58.99837112
2020/7/30 20:00,1.17E-09
2020/7/30 21:00,0
2020/7/30 22:00,0
2020/7/30 23:00,0
2020/7/31 0:00,0
2020/7/31 1:00,0
2020/7/31 2:00,0
2020/7/31 3:00,0
2020/7/31 4:00,0
2020/7/31 5:00,0
2020/7/31 6:00,0.011788614
2020/7/31 7:00,60.90049362
2020/7/31 8:00,252.0063782
2020/7/31 9:00,472.1082458
2020/7/31 10:00,672.9932251
2020/7/31 11:00,830.5136719
2020/7/31 12:00,928.7390137
2020/7/31 13:00,959.7410278
2020/7/31 14:00,923.1453857
2020/7/31 15:00,823.130127
2020/7/31 16:00,667.8652344
2020/7/31 17:00,469.2848206
2020/7/31 18:00,250.3050232
2020/7/31 19:00,59.63526535
2020/7/31 20:00,5.10E-17
2020/7/31 21:00,0
2020/7/31 22:00,0
2020/7/31 23:00,0
2020/8/1 0:00,0
2020/8/1 1:00,0
2020/8/1 2:00,0
2020/8/1 3:00,0
2020/8/1 4:00,0
2020/8/1 5:00,0
2020/8/1 6:00,0
2020/8/1 7:00,61.14280319
2020/8/1 8:00,253.9856415
2020/8/1 9:00,473.6525269
2020/8/1 10:00,672.0402832
2020/8/1 11:00,826.8081665
2020/8/1 12:00,925.2300415
2020/8/1 13:00,959.3525391
2020/8/1 14:00,925.9810181
2020/8/1 15:00,827.6142578
2020/8/1 16:00,672.2661743
2020/8/1 17:00,473.4014282
2020/8/1 18:00,252.7162781
2020/8/1 19:00,59.29418945
2020/8/1 20:00,0
2020/8/1 21:00,0
2020/8/1 22:00,0
2020/8/1 23:00,0
2020/8/2 0:00,0
2020/8/2 1:00,0
2020/8/2 2:00,0
2020/8/2 3:00,0
2020/8/2 4:00,0
2020/8/2 5:00,0
2020/8/2 6:00,0
2020/8/2 7:00,61.48463058
2020/8/2 8:00,257.7358093
2020/8/2 9:00,477.6857605
2020/8/2 10:00,674.9898682
2020/8/2 11:00,829.2520752
2020/8/2 12:00,925.9644165
2020/8/2 13:00,956.9349976
2020/8/2 14:00,920.4188232
2020/8/2 15:00,820.6160889
2020/8/2 16:00,665.7089844
2020/8/2 17:00,467.4671936
2020/8/2 18:00,247.0555115
2020/8/2 19:00,56.43241119
2020/8/2 20:00,0
2020/8/2 21:00,0
2020/8/2 22:00,0
2020/8/2 23:00,0
2020/8/3 0:00,0
2020/8/3 1:00,0
2020/8/3 2:00,0
2020/8/3 3:00,0
2020/8/3 4:00,0
2020/8/3 5:00,0
2020/8/3 6:00,0
2020/8/3 7:00,60.82997894
2020/8/3 8:00,256.8641663
2020/8/3 9:00,476.7994995
2020/8/3 10:00,674.1001587
2020/8/3 11:00,828.109375
2020/8/3 12:00,925.0167847
2020/8/3 13:00,956.7169189
2020/8/3 14:00,920.8803711
2020/8/3 15:00,820.0340576
2020/8/3 16:00,662.0747681
2020/8/3 17:00,460.5635681
2020/8/3 18:00,240.3418427
2020/8/3 19:00,54.21261215
2020/8/3 20:00,0
2020/8/3 21:00,0
2020/8/3 22:00,0
2020/8/3 23:00,0
2020/8/4 0:00,0
2020/8/4 1:00,0
2020/8/4 2:00,0
2020/8/4 3:00,0
2020/8/4 4:00,0
2020/8/4 5:00,0
2020/8/4 6:00,0
2020/8/4 7:00,55.60140991
2020/8/4 8:00,242.6213379
2020/8/4 9:00,459.9318237
2020/8/4 10:00,655.980896
2020/8/4 11:00,809.0238037
2020/8/4 12:00,906.1797485
2020/8/4 13:00,939.1834106
2020/8/4 14:00,904.1429443
2020/8/4 15:00,805.5209351
2020/8/4 16:00,651.5861206
2020/8/4 17:00,454.6364441
2020/8/4 18:00,237.6300354
2020/8/4 19:00,52.95882034
2020/8/4 20:00,0
2020/8/4 21:00,0
2020/8/4 22:00,0
2020/8/4 23:00,0
2020/8/5 0:00,0
2020/8/5 1:00,0
2020/8/5 2:00,0
2020/8/5 3:00,0
2020/8/5 4:00,0
2020/8/5 5:00,0
2020/8/5 6:00,0
2020/8/5 7:00,55.83753204
2020/8/5 8:00,244.2586823
2020/8/5 9:00,462.5683899
2020/8/5 10:00,660.2816162
2020/8/5 11:00,814.9151611
2020/8/5 12:00,913.1034546
2020/8/5 13:00,946.503479
2020/8/5 14:00,911.7446289
2020/8/5 15:00,811.2453003
2020/8/5 16:00,653.0952759
2020/8/5 17:00,451.6388245
2020/8/5 18:00,231.8997192
2020/8/5 19:00,50.21057129
2020/8/5 20:00,0
2020/8/5 21:00,0
2020/8/5 22:00,0
2020/8/5 23:00,0
2020/8/6 0:00,0
2020/8/6 1:00,0
2020/8/6 2:00,0
2020/8/6 3:00,0
2020/8/6 4:00,0
2020/8/6 5:00,0
2020/8/6 6:00,0
2020/8/6 7:00,56.93974686
2020/8/6 8:00,250.3879547
2020/8/6 9:00,472.4138489
2020/8/6 10:00,671.7800903
2020/8/6 11:00,827.2678833
2020/8/6 12:00,925.4205322
2020/8/6 13:00,958.0909424
2020/8/6 14:00,922.3805542
2020/8/6 15:00,820.3157959
2020/8/6 16:00,659.7730103
2020/8/6 17:00,455.2420044
2020/8/6 18:00,233.619278
2020/8/6 19:00,50.3301506
2020/8/6 20:00,0
2020/8/6 21:00,0
2020/8/6 22:00,0
2020/8/6 23:00,0
2020/8/7 0:00,0
2020/8/7 1:00,0
2020/8/7 2:00,0
2020/8/7 3:00,0
2020/8/7 4:00,0
2020/8/7 5:00,0
2020/8/7 6:00,0
2020/8/7 7:00,57.0871315
2020/8/7 8:00,252.1447601
2020/8/7 9:00,475.8188477
2020/8/7 10:00,677.6661987
2020/8/7 11:00,835.3521118
2020/8/7 12:00,934.8812256
2020/8/7 13:00,968.0631104
2020/8/7 14:00,932.4500732
2020/8/7 15:00,830.7468262
2020/8/7 16:00,671.1347046
2020/8/7 17:00,467.3267212
2020/8/7 18:00,243.0539856
2020/8/7 19:00,51.99893188
2020/8/7 20:00,0
2020/8/7 21:00,0
2020/8/7 22:00,0
2020/8/7 23:00,0
2020/8/8 0:00,0
2020/8/8 1:00,0
2020/8/8 2:00,0
2020/8/8 3:00,0
2020/8/8 4:00,0
2020/8/8 5:00,0
2020/8/8 6:00,0
2020/8/8 7:00,58.4964447
2020/8/8 8:00,259.9343262
2020/8/8 9:00,486.2510071
2020/8/8 10:00,687.6224365
2020/8/8 11:00,844.5499268
2020/8/8 12:00,943.4085083
2020/8/8 13:00,975.9735718
2020/8/8 14:00,939.5379028
2020/8/8 15:00,836.586792
2020/8/8 16:00,675.2559814
2020/8/8 17:00,469.4812622
2020/8/8 18:00,243.3150024
2020/8/8 19:00,51.21823502
2020/8/8 20:00,0
2020/8/8 21:00,0
2020/8/8 22:00,0
2020/8/8 23:00,0
2020/8/9 0:00,0
2020/8/9 1:00,0
2020/8/9 2:00,0
2020/8/9 3:00,0
2020/8/9 4:00,0
2020/8/9 5:00,0
2020/8/9 6:00,0
2020/8/9 7:00,57.6895752
2020/8/9 8:00,257.4746399
2020/8/9 9:00,482.6284485
2020/8/9 10:00,683.2785034
2020/8/9 11:00,839.5239868
2020/8/9 12:00,937.6929932
2020/8/9 13:00,969.4632568
2020/8/9 14:00,931.9613647
2020/8/9 15:00,828.6278076
2020/8/9 16:00,667.729248
2020/8/9 17:00,462.5642395
2020/8/9 18:00,237.4940948
2020/8/9 19:00,48.83626938
2020/8/9 20:00,0
2020/8/9 21:00,0
2020/8/9 22:00,0
2020/8/9 23:00,0
2020/8/10 0:00,0
2020/8/10 1:00,0
2020/8/10 2:00,0
2020/8/10 3:00,0
2020/8/10 4:00,0
2020/8/10 5:00,0
2020/8/10 6:00,0
2020/8/10 7:00,58.18943405
2020/8/10 8:00,257.2461853
2020/8/10 9:00,482.003418
2020/8/10 10:00,684.5675049
2020/8/10 11:00,842.5042725
2020/8/10 12:00,941.4889526
2020/8/10 13:00,973.2136841
2020/8/10 14:00,935.4091797
2020/8/10 15:00,831.1812744
2020/8/10 16:00,668.8557129
2020/8/10 17:00,462.1864624
2020/8/10 18:00,236.4361725
2020/8/10 19:00,47.92713165
2020/8/10 20:00,0
2020/8/10 21:00,0
2020/8/10 22:00,0
2020/8/10 23:00,0
2020/8/11 0:00,0
2020/8/11 1:00,0
2020/8/11 2:00,0
2020/8/11 3:00,0
2020/8/11 4:00,0
2020/8/11 5:00,0
2020/8/11 6:00,0
2020/8/11 7:00,54.55870438
2020/8/11 8:00,246.8132477
2020/8/11 9:00,469.0595398
2020/8/11 10:00,670.4262695
2020/8/11 11:00,826.9395752
2020/8/11 12:00,924.821228
2020/8/11 13:00,955.9951172
2020/8/11 14:00,917.6724854
2020/8/11 15:00,814.2490845
2020/8/11 16:00,654.1958618
2020/8/11 17:00,450.458374
2020/8/11 18:00,227.6274719
2020/8/11 19:00,44.73414612
2020/8/11 20:00,0
2020/8/11 21:00,0
2020/8/11 22:00,0
2020/8/11 23:00,0
2020/8/12 0:00,0
2020/8/12 1:00,0
2020/8/12 2:00,0
2020/8/12 3:00,0
2020/8/12 4:00,0
2020/8/12 5:00,0
2020/8/12 6:00,0
2020/8/12 7:00,50.98454666
2020/8/12 8:00,238.097702
2020/8/12 9:00,459.2306213
2020/8/12 10:00,660.6345215
2020/8/12 11:00,817.5879517
2020/8/12 12:00,914.6904297
2020/8/12 13:00,943.9764404
2020/8/12 14:00,904.1262207
2020/8/12 15:00,801.5039063
2020/8/12 16:00,644.911377
2020/8/12 17:00,445.2675171
2020/8/12 18:00,224.6477051
2020/8/12 19:00,43.02831268
2020/8/12 20:00,0
2020/8/12 21:00,0
2020/8/12 22:00,0
2020/8/12 23:00,0
2020/8/13 0:00,0
2020/8/13 1:00,0
2020/8/13 2:00,0
2020/8/13 3:00,0
2020/8/13 4:00,0
2020/8/13 5:00,0
2020/8/13 6:00,0
2020/8/13 7:00,49.64036179
2020/8/13 8:00,237.5931854
2020/8/13 9:00,461.5448914
2020/8/13 10:00,664.5784302
2020/8/13 11:00,823.1655273
2020/8/13 12:00,923.8319702
2020/8/13 13:00,958.3609009
2020/8/13 14:00,923.477417
2020/8/13 15:00,821.9287109
2020/8/13 16:00,662.0280151
2020/8/13 17:00,457.8281555
2020/8/13 18:00,232.5187683
2020/8/13 19:00,44.42681122
2020/8/13 20:00,0
2020/8/13 21:00,0
2020/8/13 22:00,0
2020/8/13 23:00,0
2020/8/14 0:00,0
2020/8/14 1:00,0
2020/8/14 2:00,0
2020/8/14 3:00,0
2020/8/14 4:00,0
2020/8/14 5:00,0
2020/8/14 6:00,0
2020/8/14 7:00,58.23736191
2020/8/14 8:00,264.5718994
2020/8/14 9:00,491.5637512
2020/8/14 10:00,692.2085571
2020/8/14 11:00,848.18573
2020/8/14 12:00,945.9915161
2020/8/14 13:00,977.2442627
2020/8/14 14:00,938.958374
2020/8/14 15:00,832.9143066
2020/8/14 16:00,667.1148682
2020/8/14 17:00,456.4289856
2020/8/14 18:00,228.5884399
2020/8/14 19:00,42.84671783
2020/8/14 20:00,0
2020/8/14 21:00,0
2020/8/14 22:00,0
2020/8/14 23:00,0
2020/8/15 0:00,0
2020/8/15 1:00,0
2020/8/15 2:00,0
2020/8/15 3:00,0
2020/8/15 4:00,0
2020/8/15 5:00,0
2020/8/15 6:00,0
2020/8/15 7:00,55.23040009
2020/8/15 8:00,257.9399109
2020/8/15 9:00,484.5308228
2020/8/15 10:00,684.3944092
2020/8/15 11:00,839.1600342
2020/8/15 12:00,936.5548706
2020/8/15 13:00,968.2501221
2020/8/15 14:00,929.9443359
2020/8/15 15:00,824.3268433
2020/8/15 16:00,659.6878662
2020/8/15 17:00,450.5759583
2020/8/15 18:00,224.3301239
2020/8/15 19:00,41.06871033
2020/8/15 20:00,0
2020/8/15 21:00,0
2020/8/15 22:00,0
2020/8/15 23:00,0
2020/8/16 0:00,0
2020/8/16 1:00,0
2020/8/16 2:00,0
2020/8/16 3:00,0
2020/8/16 4:00,0
2020/8/16 5:00,0
2020/8/16 6:00,0
2020/8/16 7:00,50.97560501
2020/8/16 8:00,246.6564484
2020/8/16 9:00,472.8141479
2020/8/16 10:00,674.3274536
2020/8/16 11:00,830.9619141
2020/8/16 12:00,929.3604126
2020/8/16 13:00,961.1754761
2020/8/16 14:00,922.9622192
2020/8/16 15:00,816.6040649
2020/8/16 16:00,650.4881592
2020/8/16 17:00,440.3233948
2020/8/16 18:00,214.5016785
2020/8/16 19:00,37.62956619
2020/8/16 20:00,0
2020/8/16 21:00,0
2020/8/16 22:00,0
2020/8/16 23:00,0
2020/8/17 0:00,0
2020/8/17 1:00,0
2020/8/17 2:00,0
2020/8/17 3:00,0
2020/8/17 4:00,0
2020/8/17 5:00,0
2020/8/17 6:00,0
2020/8/17 7:00,43.81715012
2020/8/17 8:00,218.1555939
2020/8/17 9:00,438.3674011
2020/8/17 10:00,645.1383057
2020/8/17 11:00,807.6813965
2020/8/17 12:00,909.977478
2020/8/17 13:00,943.8774414
2020/8/17 14:00,907.8231201
2020/8/17 15:00,804.1105347
2020/8/17 16:00,641.3133545
2020/8/17 17:00,435.0538025
2020/8/17 18:00,212.2478638
2020/8/17 19:00,36.53086853
2020/8/17 20:00,0
2020/8/17 21:00,0
2020/8/17 22:00,0
2020/8/17 23:00,0
2020/8/18 0:00,0
2020/8/18 1:00,0
2020/8/18 2:00,0
2020/8/18 3:00,0
2020/8/18 4:00,0
2020/8/18 5:00,0
2020/8/18 6:00,0
2020/8/18 7:00,44.3630867
2020/8/18 8:00,223.2030792
2020/8/18 9:00,445.9534607
2020/8/18 10:00,652.149353
2020/8/18 11:00,813.5432739
2020/8/18 12:00,914.4242554
2020/8/18 13:00,946.7712402
2020/8/18 14:00,909.2321777
2020/8/18 15:00,803.9504395
2020/8/18 16:00,639.3511353
2020/8/18 17:00,431.151947
2020/8/18 18:00,209.4159546
2020/8/18 19:00,35.71046448
2020/8/18 20:00,0
2020/8/18 21:00,0
2020/8/18 22:00,0
2020/8/18 23:00,0
2020/8/19 0:00,0
2020/8/19 1:00,0
2020/8/19 2:00,0
2020/8/19 3:00,0
2020/8/19 4:00,0
2020/8/19 5:00,0
2020/8/19 6:00,0
2020/8/19 7:00,51.36646652
2020/8/19 8:00,247.9318695
2020/8/19 9:00,470.6273804
2020/8/19 10:00,668.6533203
2020/8/19 11:00,822.0835571
2020/8/19 12:00,917.3848267
2020/8/19 13:00,945.9550781
2020/8/19 14:00,904.4505005
2020/8/19 15:00,798.3209229
2020/8/19 16:00,636.4296875
2020/8/19 17:00,431.3085632
2020/8/19 18:00,209.2453156
2020/8/19 19:00,34.48347473
2020/8/19 20:00,0
2020/8/19 21:00,0
2020/8/19 22:00,0
2020/8/19 23:00,0
2020/8/20 0:00,0
2020/8/20 1:00,0
2020/8/20 2:00,0
2020/8/20 3:00,0
2020/8/20 4:00,0
2020/8/20 5:00,0
2020/8/20 6:00,0
2020/8/20 7:00,47.58488846
2020/8/20 8:00,240.2033997
2020/8/20 9:00,467.2192078
2020/8/20 10:00,671.1220093
2020/8/20 11:00,829.7891846
2020/8/20 12:00,928.5951538
2020/8/20 13:00,959.2064819
2020/8/20 14:00,919.4690552
2020/8/20 15:00,811.4331665
2020/8/20 16:00,643.5284424
2020/8/20 17:00,431.5749207
2020/8/20 18:00,204.6415558
2020/8/20 19:00,32.29545593
2020/8/20 20:00,0
2020/8/20 21:00,0
2020/8/20 22:00,0
2020/8/20 23:00,0
2020/8/21 0:00,0
2020/8/21 1:00,0
2020/8/21 2:00,0
2020/8/21 3:00,0
2020/8/21 4:00,0
2020/8/21 5:00,0
2020/8/21 6:00,0
2020/8/21 7:00,40.98841095
2020/8/21 8:00,211.6708679
2020/8/21 9:00,427.2750854
2020/8/21 10:00,626.9663696
2020/8/21 11:00,782.4949341
2020/8/21 12:00,879.0339966
2020/8/21 13:00,907.8865967
2020/8/21 14:00,865.3486938
2020/8/21 15:00,755.5987549
2020/8/21 16:00,588.4187012
2020/8/21 17:00,381.8835144
2020/8/21 18:00,171.8796997
2020/8/21 19:00,26.15198708
2020/8/21 20:00,0
2020/8/21 21:00,0
2020/8/21 22:00,0
2020/8/21 23:00,0
2020/8/22 0:00,0
2020/8/22 1:00,0
2020/8/22 2:00,0
2020/8/22 3:00,0
2020/8/22 4:00,0
2020/8/22 5:00,0
2020/8/22 6:00,0
2020/8/22 7:00,38.40598297
2020/8/22 8:00,208.1602936
2020/8/22 9:00,429.0922852
2020/8/22 10:00,629.2418823
2020/8/22 11:00,785.1210327
2020/8/22 12:00,883.2155762
2020/8/22 13:00,914.7247314
2020/8/22 14:00,874.730957
2020/8/22 15:00,766.8896484
2020/8/22 16:00,600.6380005
2020/8/22 17:00,393.5022278
2020/8/22 18:00,179.0702209
2020/8/22 19:00,26.6456852
2020/8/22 20:00,0
2020/8/22 21:00,0
2020/8/22 22:00,0
2020/8/22 23:00,0
2020/8/23 0:00,0
2020/8/23 1:00,0
2020/8/23 2:00,0
2020/8/23 3:00,0
2020/8/23 4:00,0
2020/8/23 5:00,0
2020/8/23 6:00,0
2020/8/23 7:00,43.74412918
2020/8/23 8:00,235.2199097
2020/8/23 9:00,466.4358826
2020/8/23 10:00,669.444519
2020/8/23 11:00,826.6463013
2020/8/23 12:00,923.0296021
2020/8/23 13:00,950.2255859
2020/8/23 14:00,906.3485718
2020/8/23 15:00,794.840271
2020/8/23 16:00,624.5791016
2020/8/23 17:00,411.3929443
2020/8/23 18:00,187.3120422
2020/8/23 19:00,26.82634735
2020/8/23 20:00,0
2020/8/23 21:00,0
2020/8/23 22:00,0
2020/8/23 23:00,0
2020/8/24 0:00,0
2020/8/24 1:00,0
2020/8/24 2:00,0
2020/8/24 3:00,0
2020/8/24 4:00,0
2020/8/24 5:00,0
2020/8/24 6:00,0
2020/8/24 7:00,43.6809845
2020/8/24 8:00,232.1117554
2020/8/24 9:00,459.9398499
2020/8/24 10:00,663.8595581
2020/8/24 11:00,821.9796143
2020/8/24 12:00,919.0701904
2020/8/24 13:00,946.8487549
2020/8/24 14:00,903.6755981
2020/8/24 15:00,794.1212769
2020/8/24 16:00,627.0876465
2020/8/24 17:00,416.8392334
2020/8/24 18:00,192.6606903
2020/8/24 19:00,27.16869926
2020/8/24 20:00,0
2020/8/24 21:00,0
2020/8/24 22:00,0
2020/8/24 23:00,0
2020/8/25 0:00,0
2020/8/25 1:00,0
2020/8/25 2:00,0
2020/8/25 3:00,0
2020/8/25 4:00,0
2020/8/25 5:00,0
2020/8/25 6:00,0
2020/8/25 7:00,42.890728
2020/8/25 8:00,225.6518707
2020/8/25 9:00,447.3928528
2020/8/25 10:00,649.1418457
2020/8/25 11:00,805.4040527
2020/8/25 12:00,902.6621094
2020/8/25 13:00,932.6224365
2020/8/25 14:00,891.5496826
2020/8/25 15:00,782.4845581
2020/8/25 16:00,614.4502563
2020/8/25 17:00,403.8536072
2020/8/25 18:00,183.2473755
2020/8/25 19:00,25.07867432
2020/8/25 20:00,0
2020/8/25 21:00,0
2020/8/25 22:00,0
2020/8/25 23:00,0
2020/8/26 0:00,0
2020/8/26 1:00,0
2020/8/26 2:00,0
2020/8/26 3:00,0
2020/8/26 4:00,0
2020/8/26 5:00,0
2020/8/26 6:00,0
2020/8/26 7:00,41.80138016
2020/8/26 8:00,224.5012665
2020/8/26 9:00,446.7062378
2020/8/26 10:00,646.9840698
2020/8/26 11:00,801.7565918
2020/8/26 12:00,897.137146
2020/8/26 13:00,924.8116455
2020/8/26 14:00,881.5308228
2020/8/26 15:00,771.211792
2020/8/26 16:00,603.0683594
2020/8/26 17:00,393.2040405
2020/8/26 18:00,175.5494537
2020/8/26 19:00,23.25615501
2020/8/26 20:00,0
2020/8/26 21:00,0
2020/8/26 22:00,0
2020/8/26 23:00,0
2020/8/27 0:00,0
2020/8/27 1:00,0
2020/8/27 2:00,0
2020/8/27 3:00,0
2020/8/27 4:00,0
2020/8/27 5:00,0
2020/8/27 6:00,0
2020/8/27 7:00,36.85569
2020/8/27 8:00,200.0146942
2020/8/27 9:00,410.7955017
2020/8/27 10:00,609.0706177
2020/8/27 11:00,763.9038086
2020/8/27 12:00,860.3093872
2020/8/27 13:00,889.430481
2020/8/27 14:00,847.1174927
2020/8/27 15:00,737.7438965
2020/8/27 16:00,570.8981323
2020/8/27 17:00,364.9369812
2020/8/27 18:00,157.7104187
2020/8/27 19:00,20.15348244
2020/8/27 20:00,0
2020/8/27 21:00,0
2020/8/27 22:00,0
2020/8/27 23:00,0
2020/8/28 0:00,0
2020/8/28 1:00,0
2020/8/28 2:00,0
2020/8/28 3:00,0
2020/8/28 4:00,0
2020/8/28 5:00,0
2020/8/28 6:00,0
2020/8/28 7:00,35.0996933
2020/8/28 8:00,197.3030243
2020/8/28 9:00,415.4365234
2020/8/28 10:00,620.6634521
2020/8/28 11:00,782.0021973
2020/8/28 12:00,880.5565186
2020/8/28 13:00,907.4193726
2020/8/28 14:00,861.6917114
2020/8/28 15:00,747.012146
2020/8/28 16:00,573.8837891
2020/8/28 17:00,362.8927612
2020/8/28 18:00,153.5511017
2020/8/28 19:00,18.77717972
2020/8/28 20:00,0
2020/8/28 21:00,0
2020/8/28 22:00,0
2020/8/28 23:00,0
2020/8/29 0:00,0
2020/8/29 1:00,0
2020/8/29 2:00,0
2020/8/29 3:00,0
2020/8/29 4:00,0
2020/8/29 5:00,0
2020/8/29 6:00,0
2020/8/29 7:00,34.09130478
2020/8/29 8:00,194.4235077
2020/8/29 9:00,410.9273987
2020/8/29 10:00,612.9743042
2020/8/29 11:00,771.3980713
2020/8/29 12:00,867.7888794
2020/8/29 13:00,892.9134521
2020/8/29 14:00,844.9766846
2020/8/29 15:00,725.4914551
2020/8/29 16:00,546.3610229
2020/8/29 17:00,335.2240295
2020/8/29 18:00,137.0407257
2020/8/29 19:00,16.33985519
2020/8/29 20:00,0
2020/8/29 21:00,0
2020/8/29 22:00,0
2020/8/29 23:00,0
2020/8/30 0:00,0
2020/8/30 1:00,0
2020/8/30 2:00,0
2020/8/30 3:00,0
2020/8/30 4:00,0
2020/8/30 5:00,0
2020/8/30 6:00,0
2020/8/30 7:00,32.283638
2020/8/30 8:00,188.2263641
2020/8/30 9:00,403.0855713
2020/8/30 10:00,603.1000977
2020/8/30 11:00,759.9407349
2020/8/30 12:00,854.1593018
2020/8/30 13:00,876.5319824
2020/8/30 14:00,826.2669067
2020/8/30 15:00,710.2821655
2020/8/30 16:00,539.7206421
2020/8/30 17:00,334.6346741
2020/8/30 18:00,136.9639282
2020/8/30 19:00,15.72899055
2020/8/30 20:00,0
2020/8/30 21:00,0
2020/8/30 22:00,0
2020/8/30 23:00,0
2020/8/31 0:00,0
2020/8/31 1:00,0
2020/8/31 2:00,0
2020/8/31 3:00,0
2020/8/31 4:00,0
2020/8/31 5:00,0
2020/8/31 6:00,0
2020/8/31 7:00,30.65964317
2020/8/31 8:00,180.221817
2020/8/31 9:00,393.5256653
2020/8/31 10:00,597.8693237
2020/8/31 11:00,759.7770996
2020/8/31 12:00,859.5493774
2020/8/31 13:00,888.255188
2020/8/31 14:00,844.8927002
2020/8/31 15:00,732.0046997
2020/8/31 16:00,559.9749756
2020/8/31 17:00,350.5123596
2020/8/31 18:00,144.819519
2020/8/31 19:00,16.00214195
2020/8/31 20:00,0
2020/8/31 21:00,0
2020/8/31 22:00,0
2020/8/31 23:00,0
2020/9/1 0:00,0
2020/9/1 1:00,0
2020/9/1 2:00,0
2020/9/1 3:00,0
2020/9/1 4:00,0
2020/9/1 5:00,0
2020/9/1 6:00,0
2020/9/1 7:00,30.04850769
2020/9/1 8:00,177.387085
2020/9/1 9:00,389.2125854
2020/9/1 10:00,591.7172852
2020/9/1 11:00,751.9467163
2020/9/1 12:00,850.2454834
2020/9/1 13:00,877.4980469
2020/9/1 14:00,832.296875
2020/9/1 15:00,719.0828857
2020/9/1 16:00,548.7548218
2020/9/1 17:00,341.9788818
2020/9/1 18:00,139.4064789
2020/9/1 19:00,14.80134869
2020/9/1 20:00,0
2020/9/1 21:00,0
2020/9/1 22:00,0
2020/9/1 23:00,0
2020/9/2 0:00,0
2020/9/2 1:00,0
2020/9/2 2:00,0
2020/9/2 3:00,0
2020/9/2 4:00,0
2020/9/2 5:00,0
2020/9/2 6:00,0
2020/9/2 7:00,27.9070816
2020/9/2 8:00,155.6948395
2020/9/2 9:00,338.9494019
2020/9/2 10:00,527.4963379
2020/9/2 11:00,680.0383911
2020/9/2 12:00,777.65625
2020/9/2 13:00,809.3084717
2020/9/2 14:00,768.5648804
2020/9/2 15:00,657.3068848
2020/9/2 16:00,488.9700928
2020/9/2 17:00,293.2635193
2020/9/2 18:00,116.0573196
2020/9/2 19:00,12.21260548
2020/9/2 20:00,0
2020/9/2 21:00,0
2020/9/2 22:00,0
2020/9/2 23:00,0
2020/9/3 0:00,0
2020/9/3 1:00,0
2020/9/3 2:00,0
2020/9/3 3:00,0
2020/9/3 4:00,0
2020/9/3 5:00,0
2020/9/3 6:00,0
2020/9/3 7:00,26.36684036
2020/9/3 8:00,150.3291473
2020/9/3 9:00,332.1040344
2020/9/3 10:00,521.0181274
2020/9/3 11:00,675.7067261
2020/9/3 12:00,774.0006714
2020/9/3 13:00,804.362915
2020/9/3 14:00,762.2455444
2020/9/3 15:00,649.6699219
2020/9/3 16:00,480.8495178
2020/9/3 17:00,286.2597351
2020/9/3 18:00,112.8880463
2020/9/3 19:00,11.53977013
2020/9/3 20:00,0
2020/9/3 21:00,0
2020/9/3 22:00,0
2020/9/3 23:00,0
2020/9/4 0:00,0
2020/9/4 1:00,0
2020/9/4 2:00,0
2020/9/4 3:00,0
2020/9/4 4:00,0
2020/9/4 5:00,0
2020/9/4 6:00,0
2020/9/4 7:00,26.59152794
2020/9/4 8:00,150.3808746
2020/9/4 9:00,334.229126
2020/9/4 10:00,534.5681763
2020/9/4 11:00,703.5940552
2020/9/4 12:00,811.2849731
2020/9/4 13:00,846.0081787
2020/9/4 14:00,807.7437134
2020/9/4 15:00,698.8442383
2020/9/4 16:00,530.6450195
2020/9/4 17:00,327.5409851
2020/9/4 18:00,129.8398438
2020/9/4 19:00,12.17480755
2020/9/4 20:00,0
2020/9/4 21:00,0
2020/9/4 22:00,0
2020/9/4 23:00,0
2020/9/5 0:00,0
2020/9/5 1:00,0
2020/9/5 2:00,0
2020/9/5 3:00,0
2020/9/5 4:00,0
2020/9/5 5:00,0
2020/9/5 6:00,0
2020/9/5 7:00,31.25633049
2020/9/5 8:00,186.2932892
2020/9/5 9:00,398.8921509
2020/9/5 10:00,600.9804077
2020/9/5 11:00,759.078064
2020/9/5 12:00,854.8743896
2020/9/5 13:00,879.6730347
2020/9/5 14:00,831.9061279
2020/9/5 15:00,715.6149902
2020/9/5 16:00,541.7391357
2020/9/5 17:00,331.9634094
2020/9/5 18:00,130.9126892
2020/9/5 19:00,11.8459301
2020/9/5 20:00,0
2020/9/5 21:00,0
2020/9/5 22:00,0
2020/9/5 23:00,0
2020/9/6 0:00,0
2020/9/6 1:00,0
2020/9/6 2:00,0
2020/9/6 3:00,0
2020/9/6 4:00,0
2020/9/6 5:00,0
2020/9/6 6:00,0
2020/9/6 7:00,28.05773926
2020/9/6 8:00,164.5596313
2020/9/6 9:00,359.8733521
2020/9/6 10:00,556.6105347
2020/9/6 11:00,714.0385132
2020/9/6 12:00,814.5108643
2020/9/6 13:00,847.8790894
2020/9/6 14:00,808.3518677
2020/9/6 15:00,696.085022
2020/9/6 16:00,522.6798706
2020/9/6 17:00,315.8918152
2020/9/6 18:00,121.556282
2020/9/6 19:00,10.49989414
2020/9/6 20:00,0
2020/9/6 21:00,0
2020/9/6 22:00,0
2020/9/6 23:00,0
2020/9/7 0:00,0
2020/9/7 1:00,0
2020/9/7 2:00,0
2020/9/7 3:00,0
2020/9/7 4:00,0
2020/9/7 5:00,0
2020/9/7 6:00,0
2020/9/7 7:00,29.11384964
2020/9/7 8:00,176.1141052
2020/9/7 9:00,386.1027222
2020/9/7 10:00,593.0828857
2020/9/7 11:00,757.3953247
2020/9/7 12:00,858.7174072
2020/9/7 13:00,888.2319336
2020/9/7 14:00,845.4292603
2020/9/7 15:00,734.7664795
2020/9/7 16:00,566.3230591
2020/9/7 17:00,357.458252
2020/9/7 18:00,142.4336853
2020/9/7 19:00,11.33060741
2020/9/7 20:00,0
2020/9/7 21:00,0
2020/9/7 22:00,0
2020/9/7 23:00,0
2020/9/8 0:00,0
2020/9/8 1:00,0
2020/9/8 2:00,0
2020/9/8 3:00,0
2020/9/8 4:00,0
2020/9/8 5:00,0
2020/9/8 6:00,0
2020/9/8 7:00,32.87189484
2020/9/8 8:00,196.6156006
2020/9/8 9:00,413.5167847
2020/9/8 10:00,617.9328003
2020/9/8 11:00,776.4376831
2020/9/8 12:00,872.9967651
2020/9/8 13:00,899.5314331
2020/9/8 14:00,854.0196533
2020/9/8 15:00,738.9382324
2020/9/8 16:00,564.3410034
2020/9/8 17:00,350.3381348
2020/9/8 18:00,136.4373779
2020/9/8 19:00,10.34903622
2020/9/8 20:00,0
2020/9/8 21:00,0
2020/9/8 22:00,0
2020/9/8 23:00,0
2020/9/9 0:00,0
2020/9/9 1:00,0
2020/9/9 2:00,0
2020/9/9 3:00,0
2020/9/9 4:00,0
2020/9/9 5:00,0
2020/9/9 6:00,0
2020/9/9 7:00,30.92060471
2020/9/9 8:00,187.8964386
2020/9/9 9:00,399.9558105
2020/9/9 10:00,601.9943237
2020/9/9 11:00,759.4238892
2020/9/9 12:00,857.7009888
2020/9/9 13:00,888.109375
2020/9/9 14:00,845.9382935
2020/9/9 15:00,730.6380005
2020/9/9 16:00,552.5712891
2020/9/9 17:00,337.0275574
2020/9/9 18:00,128.0932007
2020/9/9 19:00,9.313897133
2020/9/9 20:00,0
2020/9/9 21:00,0
2020/9/9 22:00,0
2020/9/9 23:00,0
2020/9/10 0:00,0
2020/9/10 1:00,0
2020/9/10 2:00,0
2020/9/10 3:00,0
2020/9/10 4:00,0
2020/9/10 5:00,0
2020/9/10 6:00,0
2020/9/10 7:00,30.27336693
2020/9/10 8:00,186.1207275
2020/9/10 9:00,399.8033447
2020/9/10 10:00,605.4382324
2020/9/10 11:00,766.3309326
2020/9/10 12:00,864.2332153
2020/9/10 13:00,890.8179321
2020/9/10 14:00,845.0263062
2020/9/10 15:00,730.5324707
2020/9/10 16:00,557.5917358
2020/9/10 17:00,345.1954651
2020/9/10 18:00,131.9447174
2020/9/10 19:00,8.962440491
2020/9/10 20:00,0
2020/9/10 21:00,0
2020/9/10 22:00,0
2020/9/10 23:00,0
2020/9/11 0:00,0
2020/9/11 1:00,0
2020/9/11 2:00,0
2020/9/11 3:00,0
2020/9/11 4:00,0
2020/9/11 5:00,0
2020/9/11 6:00,0
2020/9/11 7:00,33.03286362
2020/9/11 8:00,205.9075012
2020/9/11 9:00,429.9183044
2020/9/11 10:00,635.161499
2020/9/11 11:00,793.0893555
2020/9/11 12:00,886.637207
2020/9/11 13:00,907.8440552
2020/9/11 14:00,856.7287598
2020/9/11 15:00,738.196106
2020/9/11 16:00,562.2607422
2020/9/11 17:00,346.4449463
2020/9/11 18:00,130.8034821
2020/9/11 19:00,8.359009743
2020/9/11 20:00,0
2020/9/11 21:00,0
2020/9/11 22:00,0
2020/9/11 23:00,0
2020/9/12 0:00,0
2020/9/12 1:00,0
2020/9/12 2:00,0
2020/9/12 3:00,0
2020/9/12 4:00,0
2020/9/12 5:00,0
2020/9/12 6:00,0
2020/9/12 7:00,30.63191795
2020/9/12 8:00,197.0151062
2020/9/12 9:00,420.5797729
2020/9/12 10:00,623.6102295
2020/9/12 11:00,779.7698364
2020/9/12 12:00,872.4041138
2020/9/12 13:00,893.2661743
2020/9/12 14:00,841.4542847
2020/9/12 15:00,719.991333
2020/9/12 16:00,539.776062
2020/9/12 17:00,323.6023865
2020/9/12 18:00,116.9856491
2020/9/12 19:00,7.044611931
2020/9/12 20:00,0
2020/9/12 21:00,0
2020/9/12 22:00,0
2020/9/12 23:00,0
2020/9/13 0:00,0
2020/9/13 1:00,0
2020/9/13 2:00,0
2020/9/13 3:00,0
2020/9/13 4:00,0
2020/9/13 5:00,0
2020/9/13 6:00,0
2020/9/13 7:00,28.2479496
2020/9/13 8:00,189.95961
2020/9/13 9:00,413.9328613
2020/9/13 10:00,613.3565674
2020/9/13 11:00,765.9442749
2020/9/13 12:00,857.2352295
2020/9/13 13:00,878.9512329
2020/9/13 14:00,827.8547974
2020/9/13 15:00,707.9829102
2020/9/13 16:00,530.4672852
2020/9/13 17:00,317.4054871
2020/9/13 18:00,114.3128052
2020/9/13 19:00,6.534484386
2020/9/13 20:00,0
2020/9/13 21:00,0
2020/9/13 22:00,0
2020/9/13 23:00,0
2020/9/14 0:00,0
2020/9/14 1:00,0
2020/9/14 2:00,0
2020/9/14 3:00,0
2020/9/14 4:00,0
2020/9/14 5:00,0
2020/9/14 6:00,0
2020/9/14 7:00,32.94379425
2020/9/14 8:00,214.6349487
2020/9/14 9:00,444.3222046
2020/9/14 10:00,645.628418
2020/9/14 11:00,798.8582764
2020/9/14 12:00,890.328186
2020/9/14 13:00,912.0296021
2020/9/14 14:00,861.1799316
2020/9/14 15:00,741.8223267
2020/9/14 16:00,564.0490723
2020/9/14 17:00,346.1663513
2020/9/14 18:00,128.6196442
2020/9/14 19:00,6.808282852
2020/9/14 20:00,0
2020/9/14 21:00,0
2020/9/14 22:00,0
2020/9/14 23:00,0
2020/9/15 0:00,0
2020/9/15 1:00,0
2020/9/15 2:00,0
2020/9/15 3:00,0
2020/9/15 4:00,0
2020/9/15 5:00,0
2020/9/15 6:00,0
2020/9/15 7:00,32.575737
2020/9/15 8:00,204.1205292
2020/9/15 9:00,424.3220825
2020/9/15 10:00,627.8088379
2020/9/15 11:00,783.647522
2020/9/15 12:00,879.0522461
2020/9/15 13:00,906.0526733
2020/9/15 14:00,860.4960938
2020/9/15 15:00,745.8931885
2020/9/15 16:00,572.1462402
2020/9/15 17:00,356.960022
2020/9/15 18:00,134.1737518
2020/9/15 19:00,6.537793159
2020/9/15 20:00,0
2020/9/15 21:00,0
2020/9/15 22:00,0
2020/9/15 23:00,0
2020/9/16 0:00,0
2020/9/16 1:00,0
2020/9/16 2:00,0
2020/9/16 3:00,0
2020/9/16 4:00,0
2020/9/16 5:00,0
2020/9/16 6:00,0
2020/9/16 7:00,35.50969315
2020/9/16 8:00,224.9291229
2020/9/16 9:00,454.2458191
2020/9/16 10:00,657.6129761
2020/9/16 11:00,812.3510742
2020/9/16 12:00,904.6654663
2020/9/16 13:00,926.6485596
2020/9/16 14:00,876.0628662
2020/9/16 15:00,757.5097656
2020/9/16 16:00,580.9059448
2020/9/16 17:00,362.475708
2020/9/16 18:00,135.7336884
2020/9/16 19:00,6.082331181
2020/9/16 20:00,0
2020/9/16 21:00,0
2020/9/16 22:00,0
2020/9/16 23:00,0
2020/9/17 0:00,0
2020/9/17 1:00,0
2020/9/17 2:00,0
2020/9/17 3:00,0
2020/9/17 4:00,0
2020/9/17 5:00,0
2020/9/17 6:00,0
2020/9/17 7:00,35.12194061
2020/9/17 8:00,222.2173309
2020/9/17 9:00,449.9594727
2020/9/17 10:00,653.7056274
2020/9/17 11:00,808.5563965
2020/9/17 12:00,900.0380859
2020/9/17 13:00,920.2677612
2020/9/17 14:00,867.8242798
2020/9/17 15:00,748.4071045
2020/9/17 16:00,572.4002686
2020/9/17 17:00,355.559845
2020/9/17 18:00,130.8822937
2020/9/17 19:00,5.36941576
2020/9/17 20:00,0
2020/9/17 21:00,0
2020/9/17 22:00,0
2020/9/17 23:00,0
2020/9/18 0:00,0
2020/9/18 1:00,0
2020/9/18 2:00,0
2020/9/18 3:00,0
2020/9/18 4:00,0
2020/9/18 5:00,0
2020/9/18 6:00,0
2020/9/18 7:00,34.28613663
2020/9/18 8:00,219.7667847
2020/9/18 9:00,446.5495605
2020/9/18 10:00,648.6411743
2020/9/18 11:00,802.0144043
2020/9/18 12:00,893.1769409
2020/9/18 13:00,914.1800537
2020/9/18 14:00,862.5819092
2020/9/18 15:00,742.1546631
2020/9/18 16:00,563.067749
2020/9/18 17:00,343.4660645
2020/9/18 18:00,121.743927
2020/9/18 19:00,4.626681328
2020/9/18 20:00,0
2020/9/18 21:00,0
2020/9/18 22:00,0
2020/9/18 23:00,0
2020/9/19 0:00,0
2020/9/19 1:00,0
2020/9/19 2:00,0
2020/9/19 3:00,0
2020/9/19 4:00,0
2020/9/19 5:00,0
2020/9/19 6:00,0
2020/9/19 7:00,33.99464035
2020/9/19 8:00,220.824234
2020/9/19 9:00,448.3231201
2020/9/19 10:00,649.9520264
2020/9/19 11:00,802.6952515
2020/9/19 12:00,892.0949707
2020/9/19 13:00,910.2255249
2020/9/19 14:00,855.3325195
2020/9/19 15:00,732.6434326
2020/9/19 16:00,552.8571777
2020/9/19 17:00,333.6671753
2020/9/19 18:00,115.6753998
2020/9/19 19:00,4.048810005
2020/9/19 20:00,0
2020/9/19 21:00,0
2020/9/19 22:00,0
2020/9/19 23:00,0
2020/9/20 0:00,0
2020/9/20 1:00,0
2020/9/20 2:00,0
2020/9/20 3:00,0
2020/9/20 4:00,0
2020/9/20 5:00,0
2020/9/20 6:00,0
2020/9/20 7:00,30.9160347
2020/9/20 8:00,207.3955841
2020/9/20 9:00,431.9240112
2020/9/20 10:00,633.0601807
2020/9/20 11:00,785.5723877
2020/9/20 12:00,875.755127
2020/9/20 13:00,895.5932007
2020/9/20 14:00,842.3052979
2020/9/20 15:00,719.2063599
2020/9/20 16:00,536.946228
2020/9/20 17:00,316.7813416
2020/9/20 18:00,105.2217484
2020/9/20 19:00,3.398811102
2020/9/20 20:00,0
2020/9/20 21:00,0
2020/9/20 22:00,0
2020/9/20 23:00,0
2020/9/21 0:00,0
2020/9/21 1:00,0
2020/9/21 2:00,0
2020/9/21 3:00,0
2020/9/21 4:00,0
2020/9/21 5:00,0
2020/9/21 6:00,0
2020/9/21 7:00,30.10879135
2020/9/21 8:00,208.0525665
2020/9/21 9:00,436.6148987
2020/9/21 10:00,638.6102295
2020/9/21 11:00,791.6766357
2020/9/21 12:00,881.4209595
2020/9/21 13:00,900.0467529
2020/9/21 14:00,845.8997192
2020/9/21 15:00,722.5249023
2020/9/21 16:00,540.4193726
2020/9/21 17:00,319.8566895
2020/9/21 18:00,106.0746155
2020/9/21 19:00,3.075677872
2020/9/21 20:00,0
2020/9/21 21:00,0
2020/9/21 22:00,0
2020/9/21 23:00,0
2020/9/22 0:00,0
2020/9/22 1:00,0
2020/9/22 2:00,0
2020/9/22 3:00,0
2020/9/22 4:00,0
2020/9/22 5:00,0
2020/9/22 6:00,0
2020/9/22 7:00,27.48170853
2020/9/22 8:00,190.546814
2020/9/22 9:00,411.1456604
2020/9/22 10:00,613.9310913
2020/9/22 11:00,768.6737061
2020/9/22 12:00,857.1122437
2020/9/22 13:00,871.5148315
2020/9/22 14:00,812.5792847
2020/9/22 15:00,686.5084839
2020/9/22 16:00,505.1090393
2020/9/22 17:00,290.2064209
2020/9/22 18:00,92.40532684
2020/9/22 19:00,2.479413748
2020/9/22 20:00,0
2020/9/22 21:00,0
2020/9/22 22:00,0
2020/9/22 23:00,0
2020/9/23 0:00,0
2020/9/23 1:00,0
2020/9/23 2:00,0
2020/9/23 3:00,0
2020/9/23 4:00,0
2020/9/23 5:00,0
2020/9/23 6:00,0
2020/9/23 7:00,26.30092239
2020/9/23 8:00,191.7124023
2020/9/23 9:00,418.342865
2020/9/23 10:00,616.8636475
2020/9/23 11:00,766.967041
2020/9/23 12:00,851.8968506
2020/9/23 13:00,863.3344116
2020/9/23 14:00,801.1004028
2020/9/23 15:00,672.1853638
2020/9/23 16:00,489.2772217
2020/9/23 17:00,275.877594
2020/9/23 18:00,85.62874603
2020/9/23 19:00,2.083874941
2020/9/23 20:00,0
2020/9/23 21:00,0
2020/9/23 22:00,0
2020/9/23 23:00,0
2020/9/24 0:00,0
2020/9/24 1:00,0
2020/9/24 2:00,0
2020/9/24 3:00,0
2020/9/24 4:00,0
2020/9/24 5:00,0
2020/9/24 6:00,0
2020/9/24 7:00,25.89972878
2020/9/24 8:00,189.8429871
2020/9/24 9:00,414.6390686
2020/9/24 10:00,613.0291138
2020/9/24 11:00,763.2831421
2020/9/24 12:00,851.2575073
2020/9/24 13:00,868.7504272
2020/9/24 14:00,813.0284424
2020/9/24 15:00,686.7706909
2020/9/24 16:00,501.7626038
2020/9/24 17:00,284.1150513
2020/9/24 18:00,87.5684433
2020/9/24 19:00,1.871143222
2020/9/24 20:00,0
2020/9/24 21:00,0
2020/9/24 22:00,0
2020/9/24 23:00,0
2020/9/25 0:00,0
2020/9/25 1:00,0
2020/9/25 2:00,0
2020/9/25 3:00,0
2020/9/25 4:00,0
2020/9/25 5:00,0
2020/9/25 6:00,0
2020/9/25 7:00,28.48028183
2020/9/25 8:00,208.0667114
2020/9/25 9:00,439.4139404
2020/9/25 10:00,638.7391357
2020/9/25 11:00,788.7022095
2020/9/25 12:00,873.9141846
2020/9/25 13:00,886.4019165
2020/9/25 14:00,825.3954468
2020/9/25 15:00,695.2260132
2020/9/25 16:00,507.8253784
2020/9/25 17:00,287.2001648
2020/9/25 18:00,86.85366058
2020/9/25 19:00,1.604534745
2020/9/25 20:00,0
2020/9/25 21:00,0
2020/9/25 22:00,0
2020/9/25 23:00,0
2020/9/26 0:00,0
2020/9/26 1:00,0
2020/9/26 2:00,0
2020/9/26 3:00,0
2020/9/26 4:00,0
2020/9/26 5:00,0
2020/9/26 6:00,0
2020/9/26 7:00,24.04807663
2020/9/26 8:00,173.5203094
2020/9/26 9:00,385.9341125
2020/9/26 10:00,585.9581299
2020/9/26 11:00,739.505188
2020/9/26 12:00,829.1463623
2020/9/26 13:00,846.7142944
2020/9/26 14:00,790.9602051
2020/9/26 15:00,666.6574097
2020/9/26 16:00,486.2036133
2020/9/26 17:00,273.9664612
2020/9/26 18:00,82.03308868
2020/9/26 19:00,1.340140343
2020/9/26 20:00,0
2020/9/26 21:00,0
2020/9/26 22:00,0
2020/9/26 23:00,0
2020/9/27 0:00,0
2020/9/27 1:00,0
2020/9/27 2:00,0
2020/9/27 3:00,0
2020/9/27 4:00,0
2020/9/27 5:00,0
2020/9/27 6:00,0
2020/9/27 7:00,25.16042328
2020/9/27 8:00,186.2068024
2020/9/27 9:00,406.9779663
2020/9/27 10:00,606.8552246
2020/9/27 11:00,758.2816772
2020/9/27 12:00,845.9940796
2020/9/27 13:00,862.0897217
2020/9/27 14:00,804.8921509
2020/9/27 15:00,678.5552979
2020/9/27 16:00,495.003418
2020/9/27 17:00,278.4772339
2020/9/27 18:00,81.97911835
2020/9/27 19:00,1.137456536
2020/9/27 20:00,0
2020/9/27 21:00,0
2020/9/27 22:00,0
2020/9/27 23:00,0
2020/9/28 0:00,0
2020/9/28 1:00,0
2020/9/28 2:00,0
2020/9/28 3:00,0
2020/9/28 4:00,0
2020/9/28 5:00,0
2020/9/28 6:00,0
2020/9/28 7:00,25.19612503
2020/9/28 8:00,184.3138275
2020/9/28 9:00,401.6921387
2020/9/28 10:00,601.6787109
2020/9/28 11:00,753.4837646
2020/9/28 12:00,842.5836792
2020/9/28 13:00,861.204834
2020/9/28 14:00,806.7702637
2020/9/28 15:00,683.1243896
2020/9/28 16:00,501.6016846
2020/9/28 17:00,284.8756409
2020/9/28 18:00,83.06390381
2020/9/28 19:00,0.958689094
2020/9/28 20:00,0
2020/9/28 21:00,0
2020/9/28 22:00,0
2020/9/28 23:00,0
2020/9/29 0:00,0
2020/9/29 1:00,0
2020/9/29 2:00,0
2020/9/29 3:00,0
2020/9/29 4:00,0
2020/9/29 5:00,0
2020/9/29 6:00,0
2020/9/29 7:00,25.0786171
2020/9/29 8:00,184.6549683
2020/9/29 9:00,399.9590759
2020/9/29 10:00,596.4515991
2020/9/29 11:00,744.9276123
2020/9/29 12:00,831.6051636
2020/9/29 13:00,848.6694336
2020/9/29 14:00,792.5426025
2020/9/29 15:00,666.4981079
2020/9/29 16:00,482.8005676
2020/9/29 17:00,267.6468811
2020/9/29 18:00,75.90792084
2020/9/29 19:00,0.742369533
2020/9/29 20:00,0
2020/9/29 21:00,0
2020/9/29 22:00,0
2020/9/29 23:00,0
2020/9/30 0:00,0
2020/9/30 1:00,0
2020/9/30 2:00,0
2020/9/30 3:00,0
2020/9/30 4:00,0
2020/9/30 5:00,0
2020/9/30 6:00,0
2020/9/30 7:00,24.27576256
2020/9/30 8:00,189.6113739
2020/9/30 9:00,414.1517639
2020/9/30 10:00,611.2734985
2020/9/30 11:00,759.4577026
2020/9/30 12:00,844.0070801
2020/9/30 13:00,857.0639648
2020/9/30 14:00,797.0842285
2020/9/30 15:00,668.0554199
2020/9/30 16:00,482.2489624
2020/9/30 17:00,265.3623962
2020/9/30 18:00,73.60692596
2020/9/30 19:00,0.582884908
2020/9/30 20:00,0
2020/9/30 21:00,0
2020/9/30 22:00,0
2020/9/30 23:00,0
2020/10/1 0:00,0
2020/10/1 1:00,0
2020/10/1 2:00,0
2020/10/1 3:00,0
2020/10/1 4:00,0
2020/10/1 5:00,0
2020/10/1 6:00,0
2020/10/1 7:00,24.35917664
2020/10/1 8:00,187.6550751
2020/10/1 9:00,410.1081543
2020/10/1 10:00,610.4141846
2020/10/1 11:00,761.621521
2020/10/1 12:00,847.3833008
2020/10/1 13:00,860.0217896
2020/10/1 14:00,799.4023438
2020/10/1 15:00,671.1520386
2020/10/1 16:00,487.0978699
2020/10/1 17:00,269.9916687
2020/10/1 18:00,74.43852997
2020/10/1 19:00,0.462067604
2020/10/1 20:00,0
2020/10/1 21:00,0
2020/10/1 22:00,0
2020/10/1 23:00,0
2020/10/2 0:00,0
2020/10/2 1:00,0
2020/10/2 2:00,0
2020/10/2 3:00,0
2020/10/2 4:00,0
2020/10/2 5:00,0
2020/10/2 6:00,0
2020/10/2 7:00,26.84509468
2020/10/2 8:00,204.3980713
2020/10/2 9:00,431.6881104
2020/10/2 10:00,631.1402588
2020/10/2 11:00,780.300293
2020/10/2 12:00,865.5585327
2020/10/2 13:00,879.434082
2020/10/2 14:00,820.0063477
2020/10/2 15:00,692.7002563
2020/10/2 16:00,508.835083
2020/10/2 17:00,288.4205933
2020/10/2 18:00,80.01919556
2020/10/2 19:00,0.360105485
2020/10/2 20:00,0
2020/10/2 21:00,0
2020/10/2 22:00,0
2020/10/2 23:00,0
2020/10/3 0:00,0
2020/10/3 1:00,0
2020/10/3 2:00,0
2020/10/3 3:00,0
2020/10/3 4:00,0
2020/10/3 5:00,0
2020/10/3 6:00,0
2020/10/3 7:00,25.49841309
2020/10/3 8:00,198.0396881
2020/10/3 9:00,424.6398315
2020/10/3 10:00,625.9386597
2020/10/3 11:00,777.0791626
2020/10/3 12:00,862.8128052
2020/10/3 13:00,875.5328979
2020/10/3 14:00,814.5891113
2020/10/3 15:00,684.4875488
2020/10/3 16:00,496.8602905
2020/10/3 17:00,274.7031555
2020/10/3 18:00,73.01992035
2020/10/3 19:00,0.246226788
2020/10/3 20:00,0
2020/10/3 21:00,0
2020/10/3 22:00,0
2020/10/3 23:00,0
2020/10/4 0:00,0
2020/10/4 1:00,0
2020/10/4 2:00,0
2020/10/4 3:00,0
2020/10/4 4:00,0
2020/10/4 5:00,0
2020/10/4 6:00,0
2020/10/4 7:00,22.45516396
2020/10/4 8:00,180.0059814
2020/10/4 9:00,401.1652527
2020/10/4 10:00,599.7282104
2020/10/4 11:00,749.2025757
2020/10/4 12:00,831.7202148
2020/10/4 13:00,839.3833618
2020/10/4 14:00,772.8363647
2020/10/4 15:00,636.9371948
2020/10/4 16:00,446.1882935
2020/10/4 17:00,232.3372345
2020/10/4 18:00,57.98808289
2020/10/4 19:00,0.141982436
2020/10/4 20:00,0
2020/10/4 21:00,0
2020/10/4 22:00,0
2020/10/4 23:00,0
2020/10/5 0:00,0
2020/10/5 1:00,0
2020/10/5 2:00,0
2020/10/5 3:00,0
2020/10/5 4:00,0
2020/10/5 5:00,0
2020/10/5 6:00,0
2020/10/5 7:00,22.02410889
2020/10/5 8:00,185.0141754
2020/10/5 9:00,417.9562988
2020/10/5 10:00,625.5753784
2020/10/5 11:00,783.0037231
2020/10/5 12:00,871.725647
2020/10/5 13:00,884.2978516
2020/10/5 14:00,822.9117432
2020/10/5 15:00,690.4250488
2020/10/5 16:00,498.4428406
2020/10/5 17:00,272.1154175
2020/10/5 18:00,68.8316803
2020/10/5 19:00,0.096368298
2020/10/5 20:00,0
2020/10/5 21:00,0
2020/10/5 22:00,0
2020/10/5 23:00,0
2020/10/6 0:00,0
2020/10/6 1:00,0
2020/10/6 2:00,0
2020/10/6 3:00,0
2020/10/6 4:00,0
2020/10/6 5:00,0
2020/10/6 6:00,0
2020/10/6 7:00,21.23342323
2020/10/6 8:00,170.5864563
2020/10/6 9:00,385.1390381
2020/10/6 10:00,585.2006226
2020/10/6 11:00,737.0172729
2020/10/6 12:00,821.520874
2020/10/6 13:00,830.6253052
2020/10/6 14:00,765.0610352
2020/10/6 15:00,632.7050781
2020/10/6 16:00,447.8884277
2020/10/6 17:00,236.968399
2020/10/6 18:00,58.87389755
2020/10/6 19:00,0.045483518
2020/10/6 20:00,0
2020/10/6 21:00,0
2020/10/6 22:00,0
2020/10/6 23:00,0
2020/10/7 0:00,0
2020/10/7 1:00,0
2020/10/7 2:00,0
2020/10/7 3:00,0
2020/10/7 4:00,0
2020/10/7 5:00,0
2020/10/7 6:00,0
2020/10/7 7:00,22.96191597
2020/10/7 8:00,192.7059631
2020/10/7 9:00,425.32724
2020/10/7 10:00,630.2191772
2020/10/7 11:00,784.013916
2020/10/7 12:00,869.4663696
2020/10/7 13:00,878.9810791
2020/10/7 14:00,813.5181274
2020/10/7 15:00,678.4220581
2020/10/7 16:00,486.1739197
2020/10/7 17:00,261.1799622
2020/10/7 18:00,63.57749557
2020/10/7 19:00,0.01651339
2020/10/7 20:00,0
2020/10/7 21:00,0
2020/10/7 22:00,0
2020/10/7 23:00,0
2020/10/8 0:00,0
2020/10/8 1:00,0
2020/10/8 2:00,0
2020/10/8 3:00,0
2020/10/8 4:00,0
2020/10/8 5:00,0
2020/10/8 6:00,0
2020/10/8 7:00,22.45792961
2020/10/8 8:00,189.8354492
2020/10/8 9:00,419.8043518
2020/10/8 10:00,622.7462769
2020/10/8 11:00,774.2886353
2020/10/8 12:00,857.2918091
2020/10/8 13:00,864.2642822
2020/10/8 14:00,796.2496948
2020/10/8 15:00,659.5673828
2020/10/8 16:00,467.4407349
2020/10/8 17:00,246.5799866
2020/10/8 18:00,58.47157288
2020/10/8 19:00,6.24E-17
2020/10/8 20:00,0
2020/10/8 21:00,0
2020/10/8 22:00,0
2020/10/8 23:00,0
2020/10/9 0:00,0
2020/10/9 1:00,0
2020/10/9 2:00,0
2020/10/9 3:00,0
2020/10/9 4:00,0
2020/10/9 5:00,0
2020/10/9 6:00,0
2020/10/9 7:00,23.04149055
2020/10/9 8:00,197.7658844
2020/10/9 9:00,431.9886169
2020/10/9 10:00,634.7093506
2020/10/9 11:00,785.637085
2020/10/9 12:00,869.1205444
2020/10/9 13:00,877.8604736
2020/10/9 14:00,812.2931519
2020/10/9 15:00,677.0785522
2020/10/9 16:00,484.2445068
2020/10/9 17:00,258.492218
2020/10/9 18:00,60.24661255
2020/10/9 19:00,0
2020/10/9 20:00,0
2020/10/9 21:00,0
2020/10/9 22:00,0
2020/10/9 23:00,0
2020/10/10 0:00,0
2020/10/10 1:00,0
2020/10/10 2:00,0
2020/10/10 3:00,0
2020/10/10 4:00,0
2020/10/10 5:00,0
2020/10/10 6:00,0
2020/10/10 7:00,22.22032547
2020/10/10 8:00,192.2284698
2020/10/10 9:00,425.2082214
2020/10/10 10:00,631.0167236
2020/10/10 11:00,784.883667
2020/10/10 12:00,870.640564
2020/10/10 13:00,881.1212158
2020/10/10 14:00,817.1530151
2020/10/10 15:00,683.4898071
2020/10/10 16:00,492.0186462
2020/10/10 17:00,265.8945313
2020/10/10 18:00,61.8915596
2020/10/10 19:00,0
2020/10/10 20:00,0
2020/10/10 21:00,0
2020/10/10 22:00,0
2020/10/10 23:00,0
2020/10/11 0:00,0
2020/10/11 1:00,0
2020/10/11 2:00,0
2020/10/11 3:00,0
2020/10/11 4:00,0
2020/10/11 5:00,0
2020/10/11 6:00,0
2020/10/11 7:00,21.99406624
2020/10/11 8:00,193.0605316
2020/10/11 9:00,423.6536255
2020/10/11 10:00,626.3864136
2020/10/11 11:00,777.6716309
2020/10/11 12:00,861.8839722
2020/10/11 13:00,871.7704468
2020/10/11 14:00,807.7295532
2020/10/11 15:00,674.3859253
2020/10/11 16:00,483.6617737
2020/10/11 17:00,259.133667
2020/10/11 18:00,58.5949173
2020/10/11 19:00,0
2020/10/11 20:00,0
2020/10/11 21:00,0
2020/10/11 22:00,0
2020/10/11 23:00,0
2020/10/12 0:00,0
2020/10/12 1:00,0
2020/10/12 2:00,0
2020/10/12 3:00,0
2020/10/12 4:00,0
2020/10/12 5:00,0
2020/10/12 6:00,0
2020/10/12 7:00,20.84419441
2020/10/12 8:00,183.2455139
2020/10/12 9:00,406.5638428
2020/10/12 10:00,606.4611206
2020/10/12 11:00,755.3424683
2020/10/12 12:00,838.3049316
2020/10/12 13:00,848.4111328
2020/10/12 14:00,785.4586182
2020/10/12 15:00,654.8587036
2020/10/12 16:00,468.5949402
2020/10/12 17:00,249.4141235
2020/10/12 18:00,55.04254913
2020/10/12 19:00,0
2020/10/12 20:00,0
2020/10/12 21:00,0
2020/10/12 22:00,0
2020/10/12 23:00,0
2020/10/13 0:00,0
2020/10/13 1:00,0
2020/10/13 2:00,0
2020/10/13 3:00,0
2020/10/13 4:00,0
2020/10/13 5:00,0
2020/10/13 6:00,0
2020/10/13 7:00,20.28892326
2020/10/13 8:00,180.4766693
2020/10/13 9:00,398.2690125
2020/10/13 10:00,591.2966309
2020/10/13 11:00,734.4603271
2020/10/13 12:00,816.1366577
2020/10/13 13:00,828.9430542
2020/10/13 14:00,769.2893677
2020/10/13 15:00,641.3383789
2020/10/13 16:00,456.8476257
2020/10/13 17:00,240.1966248
2020/10/13 18:00,51.5831337
2020/10/13 19:00,0
2020/10/13 20:00,0
2020/10/13 21:00,0
2020/10/13 22:00,0
2020/10/13 23:00,0
2020/10/14 0:00,0
2020/10/14 1:00,0
2020/10/14 2:00,0
2020/10/14 3:00,0
2020/10/14 4:00,0
2020/10/14 5:00,0
2020/10/14 6:00,0
2020/10/14 7:00,19.64865112
2020/10/14 8:00,176.6480713
2020/10/14 9:00,393.2007141
2020/10/14 10:00,587.6397095
2020/10/14 11:00,732.4017944
2020/10/14 12:00,814.5452271
2020/10/14 13:00,826.6555786
2020/10/14 14:00,766.0266724
2020/10/14 15:00,638.0673828
2020/10/14 16:00,454.9075623
2020/10/14 17:00,239.4603729
2020/10/14 18:00,50.44781494
2020/10/14 19:00,0
2020/10/14 20:00,0
2020/10/14 21:00,0
2020/10/14 22:00,0
2020/10/14 23:00,0
2020/10/15 0:00,0
2020/10/15 1:00,0
2020/10/15 2:00,0
2020/10/15 3:00,0
2020/10/15 4:00,0
2020/10/15 5:00,0
2020/10/15 6:00,0
2020/10/15 7:00,18.56967735
2020/10/15 8:00,170.0671234
2020/10/15 9:00,388.4928589
2020/10/15 10:00,590.4595947
2020/10/15 11:00,742.4028931
2020/10/15 12:00,828.5264282
2020/10/15 13:00,841.3307495
2020/10/15 14:00,779.8528442
2020/10/15 15:00,648.8310547
2020/10/15 16:00,460.9328613
2020/10/15 17:00,241.1233673
2020/10/15 18:00,49.8144455
2020/10/15 19:00,0
2020/10/15 20:00,0
2020/10/15 21:00,0
2020/10/15 22:00,0
2020/10/15 23:00,0
2020/10/16 0:00,0
2020/10/16 1:00,0
2020/10/16 2:00,0
2020/10/16 3:00,0
2020/10/16 4:00,0
2020/10/16 5:00,0
2020/10/16 6:00,0
2020/10/16 7:00,18.3609581
2020/10/16 8:00,172.0040894
2020/10/16 9:00,392.043457
2020/10/16 10:00,592.9603882
2020/10/16 11:00,743.4382935
2020/10/16 12:00,827.7655029
2020/10/16 13:00,838.6859741
2020/10/16 14:00,775.8486938
2020/10/16 15:00,643.5117188
2020/10/16 16:00,454.145813
2020/10/16 17:00,233.9539642
2020/10/16 18:00,46.66846466
2020/10/16 19:00,0
2020/10/16 20:00,0
2020/10/16 21:00,0
2020/10/16 22:00,0
2020/10/16 23:00,0
2020/10/17 0:00,0
2020/10/17 1:00,0
2020/10/17 2:00,0
2020/10/17 3:00,0
2020/10/17 4:00,0
2020/10/17 5:00,0
2020/10/17 6:00,0
2020/10/17 7:00,19.21772575
2020/10/17 8:00,188.4948578
2020/10/17 9:00,418.1819153
2020/10/17 10:00,614.7759399
2020/10/17 11:00,760.0140991
2020/10/17 12:00,839.8842163
2020/10/17 13:00,847.1251831
2020/10/17 14:00,780.7407837
2020/10/17 15:00,645.9651489
2020/10/17 16:00,455.2728882
2020/10/17 17:00,233.6625366
2020/10/17 18:00,45.64402008
2020/10/17 19:00,0
2020/10/17 20:00,0
2020/10/17 21:00,0
2020/10/17 22:00,0
2020/10/17 23:00,0
2020/10/18 0:00,0
2020/10/18 1:00,0
2020/10/18 2:00,0
2020/10/18 3:00,0
2020/10/18 4:00,0
2020/10/18 5:00,0
2020/10/18 6:00,0
2020/10/18 7:00,19.12042999
2020/10/18 8:00,192.0261841
2020/10/18 9:00,424.4737854
2020/10/18 10:00,621.0994263
2020/10/18 11:00,766.3589478
2020/10/18 12:00,846.0254517
2020/10/18 13:00,852.9423218
2020/10/18 14:00,786.5528564
2020/10/18 15:00,652.5172729
2020/10/18 16:00,462.8258362
2020/10/18 17:00,240.0435028
2020/10/18 18:00,46.4793129
2020/10/18 19:00,0
2020/10/18 20:00,0
2020/10/18 21:00,0
2020/10/18 22:00,0
2020/10/18 23:00,0
2020/10/19 0:00,0
2020/10/19 1:00,0
2020/10/19 2:00,0
2020/10/19 3:00,0
2020/10/19 4:00,0
2020/10/19 5:00,0
2020/10/19 6:00,0
2020/10/19 7:00,17.30090904
2020/10/19 8:00,172.9549561
2020/10/19 9:00,395.3078308
2020/10/19 10:00,594.3665771
2020/10/19 11:00,742.5532837
2020/10/19 12:00,824.3603516
2020/10/19 13:00,832.6261597
2020/10/19 14:00,767.3984985
2020/10/19 15:00,633.1427002
2020/10/19 16:00,442.5209045
2020/10/19 17:00,222.6902771
2020/10/19 18:00,41.31983948
2020/10/19 19:00,0
2020/10/19 20:00,0
2020/10/19 21:00,0
2020/10/19 22:00,0
2020/10/19 23:00,0
2020/10/20 0:00,0
2020/10/20 1:00,0
2020/10/20 2:00,0
2020/10/20 3:00,0
2020/10/20 4:00,0
2020/10/20 5:00,0
2020/10/20 6:00,0
2020/10/20 7:00,16.06439209
2020/10/20 8:00,162.0454102
2020/10/20 9:00,378.368988
2020/10/20 10:00,578.477356
2020/10/20 11:00,728.6330566
2020/10/20 12:00,811.4837036
2020/10/20 13:00,819.7955933
2020/10/20 14:00,754.5131226
2020/10/20 15:00,621.5975952
2020/10/20 16:00,434.1127625
2020/10/20 17:00,218.028244
2020/10/20 18:00,39.81886673
2020/10/20 19:00,0
2020/10/20 20:00,0
2020/10/20 21:00,0
2020/10/20 22:00,0
2020/10/20 23:00,0
2020/10/21 0:00,0
2020/10/21 1:00,0
2020/10/21 2:00,0
2020/10/21 3:00,0
2020/10/21 4:00,0
2020/10/21 5:00,0
2020/10/21 6:00,0
2020/10/21 7:00,17.82470512
2020/10/21 8:00,187.6854858
2020/10/21 9:00,419.27771
2020/10/21 10:00,617.0095825
2020/10/21 11:00,762.8293457
2020/10/21 12:00,842.6122437
2020/10/21 13:00,849.4096069
2020/10/21 14:00,782.9043579
2020/10/21 15:00,647.4324951
2020/10/21 16:00,454.7605896
2020/10/21 17:00,230.023819
2020/10/21 18:00,41.20121765
2020/10/21 19:00,0
2020/10/21 20:00,0
2020/10/21 21:00,0
2020/10/21 22:00,0
2020/10/21 23:00,0
2020/10/22 0:00,0
2020/10/22 1:00,0
2020/10/22 2:00,0
2020/10/22 3:00,0
2020/10/22 4:00,0
2020/10/22 5:00,0
2020/10/22 6:00,0
2020/10/22 7:00,16.37700272
2020/10/22 8:00,174.9533539
2020/10/22 9:00,398.9085388
2020/10/22 10:00,595.7185669
2020/10/22 11:00,741.3374023
2020/10/22 12:00,822.178772
2020/10/22 13:00,831.3049316
2020/10/22 14:00,767.5834961
2020/10/22 15:00,635.7912598
2020/10/22 16:00,447.9007568
2020/10/22 17:00,227.8164215
2020/10/22 18:00,40.14815521
2020/10/22 19:00,0
2020/10/22 20:00,0
2020/10/22 21:00,0
2020/10/22 22:00,0
2020/10/22 23:00,0
2020/10/23 0:00,0
2020/10/23 1:00,0
2020/10/23 2:00,0
2020/10/23 3:00,0
2020/10/23 4:00,0
2020/10/23 5:00,0
2020/10/23 6:00,0
2020/10/23 7:00,15.73185158
2020/10/23 8:00,168.5948029
2020/10/23 9:00,386.625
2020/10/23 10:00,581.5375977
2020/10/23 11:00,725.9648438
2020/10/23 12:00,805.3278198
2020/10/23 13:00,812.4639282
2020/10/23 14:00,746.5636597
2020/10/23 15:00,613.8416138
2020/10/23 16:00,427.1654053
2020/10/23 17:00,211.8370972
2020/10/23 18:00,36.02098083
2020/10/23 19:00,0
2020/10/23 20:00,0
2020/10/23 21:00,0
2020/10/23 22:00,0
2020/10/23 23:00,0
2020/10/24 0:00,0
2020/10/24 1:00,0
2020/10/24 2:00,0
2020/10/24 3:00,0
2020/10/24 4:00,0
2020/10/24 5:00,0
2020/10/24 6:00,0
2020/10/24 7:00,14.42681408
2020/10/24 8:00,158.239563
2020/10/24 9:00,370.3885498
2020/10/24 10:00,564.192688
2020/10/24 11:00,708.4187622
2020/10/24 12:00,787.5388794
2020/10/24 13:00,794.4317627
2020/10/24 14:00,729.0291138
2020/10/24 15:00,597.0080566
2020/10/24 16:00,411.2646484
2020/10/24 17:00,199.2914886
2020/10/24 18:00,32.70462799
2020/10/24 19:00,0
2020/10/24 20:00,0
2020/10/24 21:00,0
2020/10/24 22:00,0
2020/10/24 23:00,0
2020/10/25 0:00,0
2020/10/25 1:00,0
2020/10/25 2:00,0
2020/10/25 3:00,0
2020/10/25 4:00,0
2020/10/25 5:00,0
2020/10/25 6:00,0
2020/10/25 7:00,14.43743992
2020/10/25 8:00,166.3029175
2020/10/25 9:00,386.9767151
2020/10/25 10:00,581.9969482
2020/10/25 11:00,726.3959961
2020/10/25 12:00,805.2388306
2020/10/25 13:00,811.7451172
2020/10/25 14:00,746.3204346
2020/10/25 15:00,614.3412476
2020/10/25 16:00,427.9104919
2020/10/25 17:00,211.576355
2020/10/25 18:00,34.37490845
2020/10/25 19:00,0
2020/10/25 20:00,0
2020/10/25 21:00,0
2020/10/25 22:00,0
2020/10/25 23:00,0
2020/10/26 0:00,0
2020/10/26 1:00,0
2020/10/26 2:00,0
2020/10/26 3:00,0
2020/10/26 4:00,0
2020/10/26 5:00,0
2020/10/26 6:00,0
2020/10/26 7:00,13.8833189
2020/10/26 8:00,163.5233154
2020/10/26 9:00,383.5474243
2020/10/26 10:00,579.9538574
2020/10/26 11:00,726.0812988
2020/10/26 12:00,806.3973999
2020/10/26 13:00,813.7924805
2020/10/26 14:00,748.4973755
2020/10/26 15:00,615.522522
2020/10/26 16:00,427.3995667
2020/10/26 17:00,209.9581146
2020/10/26 18:00,33.37446594
2020/10/26 19:00,0
2020/10/26 20:00,0
2020/10/26 21:00,0
2020/10/26 22:00,0
2020/10/26 23:00,0
2020/10/27 0:00,0
2020/10/27 1:00,0
2020/10/27 2:00,0
2020/10/27 3:00,0
2020/10/27 4:00,0
2020/10/27 5:00,0
2020/10/27 6:00,0
2020/10/27 7:00,13.71837425
2020/10/27 8:00,164.6958771
2020/10/27 9:00,386.5024414
2020/10/27 10:00,584.3317871
2020/10/27 11:00,731.2242432
2020/10/27 12:00,811.5079956
2020/10/27 13:00,818.2767944
2020/10/27 14:00,752.289978
2020/10/27 15:00,618.6760254
2020/10/27 16:00,430.0247498
2020/10/27 17:00,211.441864
2020/10/27 18:00,32.981987
2020/10/27 19:00,0
2020/10/27 20:00,0
2020/10/27 21:00,0
2020/10/27 22:00,0
2020/10/27 23:00,0
2020/10/28 0:00,0
2020/10/28 1:00,0
2020/10/28 2:00,0
2020/10/28 3:00,0
2020/10/28 4:00,0
2020/10/28 5:00,0
2020/10/28 6:00,0
2020/10/28 7:00,12.73703575
2020/10/28 8:00,154.6550751
2020/10/28 9:00,366.4287415
2020/10/28 10:00,557.579895
2020/10/28 11:00,698.9213867
2020/10/28 12:00,775.8511353
2020/10/28 13:00,781.5235596
2020/10/28 14:00,715.604248
2020/10/28 15:00,584.4416504
2020/10/28 16:00,401.0055542
2020/10/28 17:00,191.8349609
2020/10/28 18:00,28.97319412
2020/10/28 19:00,0
2020/10/28 20:00,0
2020/10/28 21:00,0
2020/10/28 22:00,0
2020/10/28 23:00,0
2020/10/29 0:00,0
2020/10/29 1:00,0
2020/10/29 2:00,0
2020/10/29 3:00,0
2020/10/29 4:00,0
2020/10/29 5:00,0
2020/10/29 6:00,0
2020/10/29 7:00,11.78168106
2020/10/29 8:00,145.8216248
2020/10/29 9:00,349.8065186
2020/10/29 10:00,536.1080322
2020/10/29 11:00,674.3578491
2020/10/29 12:00,748.9866333
2020/10/29 13:00,752.1239624
2020/10/29 14:00,683.3712158
2020/10/29 15:00,549.9921265
2020/10/29 16:00,367.5084229
2020/10/29 17:00,168.6967926
2020/10/29 18:00,24.86656189
2020/10/29 19:00,0
2020/10/29 20:00,0
2020/10/29 21:00,0
2020/10/29 22:00,0
2020/10/29 23:00,0
2020/10/30 0:00,0
2020/10/30 1:00,0
2020/10/30 2:00,0
2020/10/30 3:00,0
2020/10/30 4:00,0
2020/10/30 5:00,0
2020/10/30 6:00,0
2020/10/30 7:00,10.557971
2020/10/30 8:00,137.6791229
2020/10/30 9:00,341.794281
2020/10/30 10:00,529.1126099
2020/10/30 11:00,669.0765991
2020/10/30 12:00,745.9743042
2020/10/30 13:00,752.0148315
2020/10/30 14:00,685.9169922
2020/10/30 15:00,554.5585327
2020/10/30 16:00,372.9994202
2020/10/30 17:00,172.4224701
2020/10/30 18:00,24.81267357
2020/10/30 19:00,0
2020/10/30 20:00,0
2020/10/30 21:00,0
2020/10/30 22:00,0
2020/10/30 23:00,0
2020/10/31 0:00,0
2020/10/31 1:00,0
2020/10/31 2:00,0
2020/10/31 3:00,0
2020/10/31 4:00,0
2020/10/31 5:00,0
2020/10/31 6:00,0
2020/10/31 7:00,9.887259483
2020/10/31 8:00,132.1579437
2020/10/31 9:00,336.3718567
2020/10/31 10:00,529.2201538
2020/10/31 11:00,674.8342285
2020/10/31 12:00,756.4575195
2020/10/31 13:00,766.4372559
2020/10/31 14:00,703.7677612
2020/10/31 15:00,573.3319702
2020/10/31 16:00,388.9768982
2020/10/31 17:00,181.4622803
2020/10/31 18:00,25.67051125
2020/10/31 19:00,0
2020/10/31 20:00,0
2020/10/31 21:00,0
2020/10/31 22:00,0
2020/10/31 23:00,0
2020/11/1 0:00,0
2020/11/1 1:00,0
2020/11/1 2:00,0
2020/11/1 3:00,0
2020/11/1 4:00,0
2020/11/1 5:00,0
2020/11/1 6:00,0
2020/11/1 7:00,10.81731224
2020/11/1 8:00,151.2553406
2020/11/1 9:00,367.3872375
2020/11/1 10:00,559.163269
2020/11/1 11:00,701.0402832
2020/11/1 12:00,777.0661621
2020/11/1 13:00,779.9829102
2020/11/1 14:00,710.2587891
2020/11/1 15:00,575.0806274
2020/11/1 16:00,388.6084595
2020/11/1 17:00,179.7016907
2020/11/1 18:00,24.71612167
2020/11/1 19:00,0
2020/11/1 20:00,0
2020/11/1 21:00,0
2020/11/1 22:00,0
2020/11/1 23:00,0
2020/11/2 0:00,0
2020/11/2 1:00,0
2020/11/2 2:00,0
2020/11/2 3:00,0
2020/11/2 4:00,0
2020/11/2 5:00,0
2020/11/2 6:00,0
2020/11/2 7:00,9.996716499
2020/11/2 8:00,149.1551819
2020/11/2 9:00,370.2023926
2020/11/2 10:00,562.3327637
2020/11/2 11:00,704.3448486
2020/11/2 12:00,781.0028687
2020/11/2 13:00,785.3283691
2020/11/2 14:00,717.541687
2020/11/2 15:00,582.2852173
2020/11/2 16:00,393.0989075
2020/11/2 17:00,180.8360596
2020/11/2 18:00,24.17844009
2020/11/2 19:00,0
2020/11/2 20:00,0
2020/11/2 21:00,0
2020/11/2 22:00,0
2020/11/2 23:00,0
2020/11/3 0:00,0
2020/11/3 1:00,0
2020/11/3 2:00,0
2020/11/3 3:00,0
2020/11/3 4:00,0
2020/11/3 5:00,0
2020/11/3 6:00,0
2020/11/3 7:00,8.849201202
2020/11/3 8:00,128.637146
2020/11/3 9:00,330.4864807
2020/11/3 10:00,520.6565552
2020/11/3 11:00,663.5858765
2020/11/3 12:00,738.8009644
2020/11/3 13:00,738.4935913
2020/11/3 14:00,665.4152222
2020/11/3 15:00,529.001709
2020/11/3 16:00,346.8157959
2020/11/3 17:00,153.7898254
2020/11/3 18:00,20.56389427
2020/11/3 19:00,0
2020/11/3 20:00,0
2020/11/3 21:00,0
2020/11/3 22:00,0
2020/11/3 23:00,0
2020/11/4 0:00,0
2020/11/4 1:00,0
2020/11/4 2:00,0
2020/11/4 3:00,0
2020/11/4 4:00,0
2020/11/4 5:00,0
2020/11/4 6:00,0
2020/11/4 7:00,8.611920357
2020/11/4 8:00,131.428421
2020/11/4 9:00,339.7408447
2020/11/4 10:00,532.3768921
2020/11/4 11:00,676.8449097
2020/11/4 12:00,755.6275635
2020/11/4 13:00,761.1699829
2020/11/4 14:00,693.9534302
2020/11/4 15:00,560.1974487
2020/11/4 16:00,374.6821899
2020/11/4 17:00,169.8279724
2020/11/4 18:00,22.10150146
2020/11/4 19:00,0
2020/11/4 20:00,0
2020/11/4 21:00,0
2020/11/4 22:00,0
2020/11/4 23:00,0
2020/11/5 0:00,0
2020/11/5 1:00,0
2020/11/5 2:00,0
2020/11/5 3:00,0
2020/11/5 4:00,0
2020/11/5 5:00,0
2020/11/5 6:00,0
2020/11/5 7:00,8.956868172
2020/11/5 8:00,142.2855988
2020/11/5 9:00,357.6866455
2020/11/5 10:00,551.7556152
2020/11/5 11:00,696.0664063
2020/11/5 12:00,774.8814697
2020/11/5 13:00,781.1202393
2020/11/5 14:00,714.9685669
2020/11/5 15:00,581.3343506
2020/11/5 16:00,393.615509
2020/11/5 17:00,181.2987518
2020/11/5 18:00,23.05309486
2020/11/5 19:00,0
2020/11/5 20:00,0
2020/11/5 21:00,0
2020/11/5 22:00,0
2020/11/5 23:00,0
2020/11/6 0:00,0
2020/11/6 1:00,0
2020/11/6 2:00,0
2020/11/6 3:00,0
2020/11/6 4:00,0
2020/11/6 5:00,0
2020/11/6 6:00,0
2020/11/6 7:00,8.252570152
2020/11/6 8:00,134.4104767
2020/11/6 9:00,344.3586731
2020/11/6 10:00,539.0014038
2020/11/6 11:00,684.8466187
2020/11/6 12:00,764.6040649
2020/11/6 13:00,771.0452271
2020/11/6 14:00,705.0362549
2020/11/6 15:00,571.8214111
2020/11/6 16:00,385.2232056
2020/11/6 17:00,175.5585327
2020/11/6 18:00,21.85119247
2020/11/6 19:00,0
2020/11/6 20:00,0
2020/11/6 21:00,0
2020/11/6 22:00,0
2020/11/6 23:00,0
2020/11/7 0:00,0
2020/11/7 1:00,0
2020/11/7 2:00,0
2020/11/7 3:00,0
2020/11/7 4:00,0
2020/11/7 5:00,0
2020/11/7 6:00,0
2020/11/7 7:00,8.695020676
2020/11/7 8:00,150.3531036
2020/11/7 9:00,368.5773926
2020/11/7 10:00,557.9466553
2020/11/7 11:00,697.4233398
2020/11/7 12:00,772.7363281
2020/11/7 13:00,776.7819214
2020/11/7 14:00,709.0285034
2020/11/7 15:00,574.8807373
2020/11/7 16:00,387.7005615
2020/11/7 17:00,176.6659546
2020/11/7 18:00,21.52425575
2020/11/7 19:00,0
2020/11/7 20:00,0
2020/11/7 21:00,0
2020/11/7 22:00,0
2020/11/7 23:00,0
2020/11/8 0:00,0
2020/11/8 1:00,0
2020/11/8 2:00,0
2020/11/8 3:00,0
2020/11/8 4:00,0
2020/11/8 5:00,0
2020/11/8 6:00,0
2020/11/8 7:00,7.673069954
2020/11/8 8:00,138.1933594
2020/11/8 9:00,351.8843079
2020/11/8 10:00,542.5592041
2020/11/8 11:00,684.0272217
2020/11/8 12:00,761.2819214
2020/11/8 13:00,767.1865845
2020/11/8 14:00,701.2799072
2020/11/8 15:00,568.951355
2020/11/8 16:00,383.5912781
2020/11/8 17:00,174.3735046
2020/11/8 18:00,20.96677399
2020/11/8 19:00,0
2020/11/8 20:00,0
2020/11/8 21:00,0
2020/11/8 22:00,0
2020/11/8 23:00,0
2020/11/9 0:00,0
2020/11/9 1:00,0
2020/11/9 2:00,0
2020/11/9 3:00,0
2020/11/9 4:00,0
2020/11/9 5:00,0
2020/11/9 6:00,0
2020/11/9 7:00,7.012865543
2020/11/9 8:00,127.3232117
2020/11/9 9:00,334.0657043
2020/11/9 10:00,527.5648804
2020/11/9 11:00,672.5236816
2020/11/9 12:00,752.4139404
2020/11/9 13:00,760.0791016
2020/11/9 14:00,695.5966797
2020/11/9 15:00,563.5875854
2020/11/9 16:00,377.9119263
2020/11/9 17:00,169.9411011
2020/11/9 18:00,19.97340012
2020/11/9 19:00,0
2020/11/9 20:00,0
2020/11/9 21:00,0
2020/11/9 22:00,0
2020/11/9 23:00,0
2020/11/10 0:00,0
2020/11/10 1:00,0
2020/11/10 2:00,0
2020/11/10 3:00,0
2020/11/10 4:00,0
2020/11/10 5:00,0
2020/11/10 6:00,0
2020/11/10 7:00,6.624557018
2020/11/10 8:00,126.6669083
2020/11/10 9:00,332.4573975
2020/11/10 10:00,523.3242188
2020/11/10 11:00,666.1600342
2020/11/10 12:00,745.1908569
2020/11/10 13:00,753.1590576
2020/11/10 14:00,689.6881104
2020/11/10 15:00,560.4775391
2020/11/10 16:00,378.7933655
2020/11/10 17:00,172.3608093
2020/11/10 18:00,20.05106926
2020/11/10 19:00,0
2020/11/10 20:00,0
2020/11/10 21:00,0
2020/11/10 22:00,0
2020/11/10 23:00,0
2020/11/11 0:00,0
2020/11/11 1:00,0
2020/11/11 2:00,0
2020/11/11 3:00,0
2020/11/11 4:00,0
2020/11/11 5:00,0
2020/11/11 6:00,0
2020/11/11 7:00,6.892239571
2020/11/11 8:00,141.4650269
2020/11/11 9:00,358.9087524
2020/11/11 10:00,551.2935181
2020/11/11 11:00,694.4334717
2020/11/11 12:00,773.6814575
2020/11/11 13:00,781.8377075
2020/11/11 14:00,718.2211914
2020/11/11 15:00,587.520874
2020/11/11 16:00,401.9359436
2020/11/11 17:00,187.018219
2020/11/11 18:00,21.77641487
2020/11/11 19:00,0
2020/11/11 20:00,0
2020/11/11 21:00,0
2020/11/11 22:00,0
2020/11/11 23:00,0
2020/11/12 0:00,0
2020/11/12 1:00,0
2020/11/12 2:00,0
2020/11/12 3:00,0
2020/11/12 4:00,0
2020/11/12 5:00,0
2020/11/12 6:00,0
2020/11/12 7:00,7.258054256
2020/11/12 8:00,152.8649445
2020/11/12 9:00,380.0415039
2020/11/12 10:00,576.3345337
2020/11/12 11:00,720.8323975
2020/11/12 12:00,799.8427124
2020/11/12 13:00,806.4567261
2020/11/12 14:00,739.7452393
2020/11/12 15:00,604.8881836
2020/11/12 16:00,414.1774292
2020/11/12 17:00,192.8661194
2020/11/12 18:00,22.19294548
2020/11/12 19:00,0
2020/11/12 20:00,0
2020/11/12 21:00,0
2020/11/12 22:00,0
2020/11/12 23:00,0
2020/11/13 0:00,0
2020/11/13 1:00,0
2020/11/13 2:00,0
2020/11/13 3:00,0
2020/11/13 4:00,0
2020/11/13 5:00,0
2020/11/13 6:00,0
2020/11/13 7:00,6.070626259
2020/11/13 8:00,134.8013458
2020/11/13 9:00,348.2416992
2020/11/13 10:00,538.3793945
2020/11/13 11:00,678.5200195
2020/11/13 12:00,754.7258911
2020/11/13 13:00,760.3844604
2020/11/13 14:00,694.8963623
2020/11/13 15:00,564.8200684
2020/11/13 16:00,382.9442749
2020/11/13 17:00,174.6082306
2020/11/13 18:00,19.48160362
2020/11/13 19:00,0
2020/11/13 20:00,0
2020/11/13 21:00,0
2020/11/13 22:00,0
2020/11/13 23:00,0
2020/11/14 0:00,0
2020/11/14 1:00,0
2020/11/14 2:00,0
2020/11/14 3:00,0
2020/11/14 4:00,0
2020/11/14 5:00,0
2020/11/14 6:00,0
2020/11/14 7:00,5.236147404
2020/11/14 8:00,119.2360077
2020/11/14 9:00,320.3479614
2020/11/14 10:00,507.7128906
2020/11/14 11:00,647.4506226
2020/11/14 12:00,724.0059814
2020/11/14 13:00,730.3168335
2020/11/14 14:00,665.9854736
2020/11/14 15:00,536.7542114
2020/11/14 16:00,356.4442749
2020/11/14 17:00,156.1746826
2020/11/14 18:00,17.07281685
2020/11/14 19:00,0
2020/11/14 20:00,0
2020/11/14 21:00,0
2020/11/14 22:00,0
2020/11/14 23:00,0
2020/11/15 0:00,0
2020/11/15 1:00,0
2020/11/15 2:00,0
2020/11/15 3:00,0
2020/11/15 4:00,0
2020/11/15 5:00,0
2020/11/15 6:00,0
2020/11/15 7:00,4.637648106
2020/11/15 8:00,110.2515335
2020/11/15 9:00,305.3047791
2020/11/15 10:00,492.7251892
2020/11/15 11:00,634.3166504
2020/11/15 12:00,712.1553955
2020/11/15 13:00,718.8582764
2020/11/15 14:00,655.1286011
2020/11/15 15:00,527.7797241
2020/11/15 16:00,350.7460022
2020/11/15 17:00,153.8847809
2020/11/15 18:00,16.70684624
2020/11/15 19:00,0
2020/11/15 20:00,0
2020/11/15 21:00,0
2020/11/15 22:00,0
2020/11/15 23:00,0
2020/11/16 0:00,0
2020/11/16 1:00,0
2020/11/16 2:00,0
2020/11/16 3:00,0
2020/11/16 4:00,0
2020/11/16 5:00,0
2020/11/16 6:00,0
2020/11/16 7:00,4.45694685
2020/11/16 8:00,117.1587906
2020/11/16 9:00,323.4881287
2020/11/16 10:00,513.571167
2020/11/16 11:00,656.2494507
2020/11/16 12:00,734.6964722
2020/11/16 13:00,741.7808228
2020/11/16 14:00,678.2733154
2020/11/16 15:00,549.1745605
2020/11/16 16:00,367.7312622
2020/11/16 17:00,163.088501
2020/11/16 18:00,17.35702896
2020/11/16 19:00,0
2020/11/16 20:00,0
2020/11/16 21:00,0
2020/11/16 22:00,0
2020/11/16 23:00,0
2020/11/17 0:00,0
2020/11/17 1:00,0
2020/11/17 2:00,0
2020/11/17 3:00,0
2020/11/17 4:00,0
2020/11/17 5:00,0
2020/11/17 6:00,0
2020/11/17 7:00,4.219245911
2020/11/17 8:00,116.0388718
2020/11/17 9:00,321.2138367
2020/11/17 10:00,511.219635
2020/11/17 11:00,653.6589966
2020/11/17 12:00,732.0282593
2020/11/17 13:00,739.1575928
2020/11/17 14:00,675.4157715
2020/11/17 15:00,547.0646973
2020/11/17 16:00,367.282959
2020/11/17 17:00,163.6399994
2020/11/17 18:00,17.35130882
2020/11/17 19:00,0
2020/11/17 20:00,0
2020/11/17 21:00,0
2020/11/17 22:00,0
2020/11/17 23:00,0
2020/11/18 0:00,0
2020/11/18 1:00,0
2020/11/18 2:00,0
2020/11/18 3:00,0
2020/11/18 4:00,0
2020/11/18 5:00,0
2020/11/18 6:00,0
2020/11/18 7:00,3.974037647
2020/11/18 8:00,117.696434
2020/11/18 9:00,324.0299377
2020/11/18 10:00,511.3800049
2020/11/18 11:00,651.0706787
2020/11/18 12:00,728.5179443
2020/11/18 13:00,736.6428223
2020/11/18 14:00,674.414917
2020/11/18 15:00,548.0296631
2020/11/18 16:00,370.2434692
2020/11/18 17:00,166.6385345
2020/11/18 18:00,17.511549
2020/11/18 19:00,0
2020/11/18 20:00,0
2020/11/18 21:00,0
2020/11/18 22:00,0
2020/11/18 23:00,0
2020/11/19 0:00,0
2020/11/19 1:00,0
2020/11/19 2:00,0
2020/11/19 3:00,0
2020/11/19 4:00,0
2020/11/19 5:00,0
2020/11/19 6:00,0
2020/11/19 7:00,3.508482218
2020/11/19 8:00,108.1743088
2020/11/19 9:00,307.2330933
2020/11/19 10:00,495.293335
2020/11/19 11:00,637.1060181
2020/11/19 12:00,716.3963013
2020/11/19 13:00,725.7086182
2020/11/19 14:00,664.3555908
2020/11/19 15:00,538.3962402
2020/11/19 16:00,361.1052856
2020/11/19 17:00,160.2391205
2020/11/19 18:00,16.65269852
2020/11/19 19:00,0
2020/11/19 20:00,0
2020/11/19 21:00,0
2020/11/19 22:00,0
2020/11/19 23:00,0
2020/11/20 0:00,0
2020/11/20 1:00,0
2020/11/20 2:00,0
2020/11/20 3:00,0
2020/11/20 4:00,0
2020/11/20 5:00,0
2020/11/20 6:00,0
2020/11/20 7:00,3.086251497
2020/11/20 8:00,100.6648788
2020/11/20 9:00,297.2675781
2020/11/20 10:00,487.782135
2020/11/20 11:00,633.0458984
2020/11/20 12:00,714.1070557
2020/11/20 13:00,723.4360962
2020/11/20 14:00,661.9736328
2020/11/20 15:00,534.5408325
2020/11/20 16:00,354.8167114
2020/11/20 17:00,154.4118347
2020/11/20 18:00,15.81544876
2020/11/20 19:00,0
2020/11/20 20:00,0
2020/11/20 21:00,0
2020/11/20 22:00,0
2020/11/20 23:00,0
2020/11/21 0:00,0
2020/11/21 1:00,0
2020/11/21 2:00,0
2020/11/21 3:00,0
2020/11/21 4:00,0
2020/11/21 5:00,0
2020/11/21 6:00,0
2020/11/21 7:00,2.672918558
2020/11/21 8:00,87.79667664
2020/11/21 9:00,266.7901306
2020/11/21 10:00,458.1970215
2020/11/21 11:00,611.1017456
2020/11/21 12:00,699.295105
2020/11/21 13:00,713.1925659
2020/11/21 14:00,656.2458496
2020/11/21 15:00,533.5114746
2020/11/21 16:00,358.3146667
2020/11/21 17:00,159.2743378
2020/11/21 18:00,16.41357994
2020/11/21 19:00,0
2020/11/21 20:00,0
2020/11/21 21:00,0
2020/11/21 22:00,0
2020/11/21 23:00,0
2020/11/22 0:00,0
2020/11/22 1:00,0
2020/11/22 2:00,0
2020/11/22 3:00,0
2020/11/22 4:00,0
2020/11/22 5:00,0
2020/11/22 6:00,0
2020/11/22 7:00,2.83947897
2020/11/22 8:00,112.3916245
2020/11/22 9:00,319.4930115
2020/11/22 10:00,506.6373291
2020/11/22 11:00,646.6541138
2020/11/22 12:00,724.3644409
2020/11/22 13:00,732.4067993
2020/11/22 14:00,670.036438
2020/11/22 15:00,540.8582153
2020/11/22 16:00,358.4550781
2020/11/22 17:00,155.1921539
2020/11/22 18:00,15.54979706
2020/11/22 19:00,0
2020/11/22 20:00,0
2020/11/22 21:00,0
2020/11/22 22:00,0
2020/11/22 23:00,0
2020/11/23 0:00,0
2020/11/23 1:00,0
2020/11/23 2:00,0
2020/11/23 3:00,0
2020/11/23 4:00,0
2020/11/23 5:00,0
2020/11/23 6:00,0
2020/11/23 7:00,2.275732279
2020/11/23 8:00,87.97785187
2020/11/23 9:00,270.8973389
2020/11/23 10:00,459.8554077
2020/11/23 11:00,607.9082642
2020/11/23 12:00,692.5247192
2020/11/23 13:00,704.7440186
2020/11/23 14:00,645.7769775
2020/11/23 15:00,521.1663818
2020/11/23 16:00,345.1441345
2020/11/23 17:00,149.704483
2020/11/23 18:00,15.27356434
2020/11/23 19:00,0
2020/11/23 20:00,0
2020/11/23 21:00,0
2020/11/23 22:00,0
2020/11/23 23:00,0
2020/11/24 0:00,0
2020/11/24 1:00,0
2020/11/24 2:00,0
2020/11/24 3:00,0
2020/11/24 4:00,0
2020/11/24 5:00,0
2020/11/24 6:00,0
2020/11/24 7:00,2.295991898
2020/11/24 8:00,105.3402023
2020/11/24 9:00,312.1851196
2020/11/24 10:00,501.8423157
2020/11/24 11:00,644.4780273
2020/11/24 12:00,723.8383179
2020/11/24 13:00,732.4237671
2020/11/24 14:00,670.0128784
2020/11/24 15:00,541.8618164
2020/11/24 16:00,361.2709045
2020/11/24 17:00,158.1215057
2020/11/24 18:00,15.89663696
2020/11/24 19:00,0
2020/11/24 20:00,0
2020/11/24 21:00,0
2020/11/24 22:00,0
2020/11/24 23:00,0
2020/11/25 0:00,0
2020/11/25 1:00,0
2020/11/25 2:00,0
2020/11/25 3:00,0
2020/11/25 4:00,0
2020/11/25 5:00,0
2020/11/25 6:00,0
2020/11/25 7:00,2.083832264
2020/11/25 8:00,105.1139526
2020/11/25 9:00,313.5362854
2020/11/25 10:00,504.2293701
2020/11/25 11:00,647.9395142
2020/11/25 12:00,728.6016235
2020/11/25 13:00,738.6644287
2020/11/25 14:00,677.6640015
2020/11/25 15:00,550.1135864
2020/11/25 16:00,368.8099365
2020/11/25 17:00,162.6483307
2020/11/25 18:00,16.28778076
2020/11/25 19:00,0
2020/11/25 20:00,0
2020/11/25 21:00,0
2020/11/25 22:00,0
2020/11/25 23:00,0
2020/11/26 0:00,0
2020/11/26 1:00,0
2020/11/26 2:00,0
2020/11/26 3:00,0
2020/11/26 4:00,0
2020/11/26 5:00,0
2020/11/26 6:00,0
2020/11/26 7:00,1.877804637
2020/11/26 8:00,105.218605
2020/11/26 9:00,316.4593811
2020/11/26 10:00,507.4203186
2020/11/26 11:00,651.3511963
2020/11/26 12:00,732.1907959
2020/11/26 13:00,742.3370972
2020/11/26 14:00,681.3951416
2020/11/26 15:00,553.3069458
2020/11/26 16:00,370.6846619
2020/11/26 17:00,163.0803986
2020/11/26 18:00,16.29459
2020/11/26 19:00,0
2020/11/26 20:00,0
2020/11/26 21:00,0
2020/11/26 22:00,0
2020/11/26 23:00,0
2020/11/27 0:00,0
2020/11/27 1:00,0
2020/11/27 2:00,0
2020/11/27 3:00,0
2020/11/27 4:00,0
2020/11/27 5:00,0
2020/11/27 6:00,0
2020/11/27 7:00,1.745711803
2020/11/27 8:00,106.8455582
2020/11/27 9:00,318.4588928
2020/11/27 10:00,510.0838623
2020/11/27 11:00,654.1300049
2020/11/27 12:00,735.104126
2020/11/27 13:00,745.4316406
2020/11/27 14:00,684.0075684
2020/11/27 15:00,555.5400391
2020/11/27 16:00,372.7634888
2020/11/27 17:00,164.6965485
2020/11/27 18:00,16.5441494
2020/11/27 19:00,0
2020/11/27 20:00,0
2020/11/27 21:00,0
2020/11/27 22:00,0
2020/11/27 23:00,0
2020/11/28 0:00,0
2020/11/28 1:00,0
2020/11/28 2:00,0
2020/11/28 3:00,0
2020/11/28 4:00,0
2020/11/28 5:00,0
2020/11/28 6:00,0
2020/11/28 7:00,1.454170108
2020/11/28 8:00,90.47598267
2020/11/28 9:00,286.8805847
2020/11/28 10:00,482.5492859
2020/11/28 11:00,633.2850952
2020/11/28 12:00,719.0396118
2020/11/28 13:00,731.8460693
2020/11/28 14:00,672.4822998
2020/11/28 15:00,544.1889038
2020/11/28 16:00,360.7099915
2020/11/28 17:00,156.1703491
2020/11/28 18:00,15.64519691
2020/11/28 19:00,0
2020/11/28 20:00,0
2020/11/28 21:00,0
2020/11/28 22:00,0
2020/11/28 23:00,0
2020/11/29 0:00,0
2020/11/29 1:00,0
2020/11/29 2:00,0
2020/11/29 3:00,0
2020/11/29 4:00,0
2020/11/29 5:00,0
2020/11/29 6:00,0
2020/11/29 7:00,1.27739048
2020/11/29 8:00,90.91641998
2020/11/29 9:00,290.3129272
2020/11/29 10:00,481.0568848
2020/11/29 11:00,626.0560913
2020/11/29 12:00,707.7391357
2020/11/29 13:00,718.5012207
2020/11/29 14:00,658.3791504
2020/11/29 15:00,532.1702271
2020/11/29 16:00,353.380127
2020/11/29 17:00,153.435318
2020/11/29 18:00,15.37793732
2020/11/29 19:00,0
2020/11/29 20:00,0
2020/11/29 21:00,0
2020/11/29 22:00,0
2020/11/29 23:00,0
2020/11/30 0:00,0
2020/11/30 1:00,0
2020/11/30 2:00,0
2020/11/30 3:00,0
2020/11/30 4:00,0
2020/11/30 5:00,0
2020/11/30 6:00,0
2020/11/30 7:00,1.100204587
2020/11/30 8:00,87.85025024
2020/11/30 9:00,284.324585
2020/11/30 10:00,473.2062988
2020/11/30 11:00,617.3029785
2020/11/30 12:00,700.3884277
2020/11/30 13:00,714.5963135
2020/11/30 14:00,658.0609741
2020/11/30 15:00,535.5592041
2020/11/30 16:00,359.8460083
2020/11/30 17:00,159.424942
2020/11/30 18:00,16.16110229
2020/11/30 19:00,0
2020/11/30 20:00,0
2020/11/30 21:00,0
2020/11/30 22:00,0
2020/11/30 23:00,0
2020/12/1 0:00,0
2020/12/1 1:00,0
2020/12/1 2:00,0
2020/12/1 3:00,0
2020/12/1 4:00,0
2020/12/1 5:00,0
2020/12/1 6:00,0
2020/12/1 7:00,0.927969694
2020/12/1 8:00,78.71720123
2020/12/1 9:00,263.5661011
2020/12/1 10:00,455.401886
2020/12/1 11:00,605.3026733
2020/12/1 12:00,691.8544312
2020/12/1 13:00,706.3688965
2020/12/1 14:00,648.7293091
2020/12/1 15:00,523.1320801
2020/12/1 16:00,344.1134949
2020/12/1 17:00,147.4356537
2020/12/1 18:00,14.9545393
2020/12/1 19:00,0
2020/12/1 20:00,0
2020/12/1 21:00,0
2020/12/1 22:00,0
2020/12/1 23:00,0
2020/12/2 0:00,0
2020/12/2 1:00,0
2020/12/2 2:00,0
2020/12/2 3:00,0
2020/12/2 4:00,0
2020/12/2 5:00,0
2020/12/2 6:00,0
2020/12/2 7:00,0.841398656
2020/12/2 8:00,86.64660645
2020/12/2 9:00,289.2827759
2020/12/2 10:00,485.3227234
2020/12/2 11:00,635.3966675
2020/12/2 12:00,720.9267578
2020/12/2 13:00,734.098877
2020/12/2 14:00,675.177124
2020/12/2 15:00,548.2237549
2020/12/2 16:00,366.4043274
2020/12/2 17:00,160.9022064
2020/12/2 18:00,16.35885811
2020/12/2 19:00,0
2020/12/2 20:00,0
2020/12/2 21:00,0
2020/12/2 22:00,0
2020/12/2 23:00,0
2020/12/3 0:00,0
2020/12/3 1:00,0
2020/12/3 2:00,0
2020/12/3 3:00,0
2020/12/3 4:00,0
2020/12/3 5:00,0
2020/12/3 6:00,0
2020/12/3 7:00,0.738019347
2020/12/3 8:00,89.91049194
2020/12/3 9:00,296.8789673
2020/12/3 10:00,491.4450073
2020/12/3 11:00,639.263916
2020/12/3 12:00,723.3886719
2020/12/3 13:00,735.9412842
2020/12/3 14:00,676.229126
2020/12/3 15:00,548.7689209
2020/12/3 16:00,366.6634521
2020/12/3 17:00,161.0172119
2020/12/3 18:00,16.50178528
2020/12/3 19:00,0
2020/12/3 20:00,0
2020/12/3 21:00,0
2020/12/3 22:00,0
2020/12/3 23:00,0
2020/12/4 0:00,0
2020/12/4 1:00,0
2020/12/4 2:00,0
2020/12/4 3:00,0
2020/12/4 4:00,0
2020/12/4 5:00,0
2020/12/4 6:00,0
2020/12/4 7:00,0.614020228
2020/12/4 8:00,87.33311462
2020/12/4 9:00,292.4739685
2020/12/4 10:00,486.705658
2020/12/4 11:00,634.5043945
2020/12/4 12:00,718.4575195
2020/12/4 13:00,730.6470947
2020/12/4 14:00,670.7391968
2020/12/4 15:00,543.1820679
2020/12/4 16:00,361.4817505
2020/12/4 17:00,157.7079468
2020/12/4 18:00,16.20889091
2020/12/4 19:00,0
2020/12/4 20:00,0
2020/12/4 21:00,0
2020/12/4 22:00,0
2020/12/4 23:00,0
2020/12/5 0:00,0
2020/12/5 1:00,0
2020/12/5 2:00,0
2020/12/5 3:00,0
2020/12/5 4:00,0
2020/12/5 5:00,0
2020/12/5 6:00,0
2020/12/5 7:00,0.517947316
2020/12/5 8:00,88.33476257
2020/12/5 9:00,295.2686462
2020/12/5 10:00,486.9431458
2020/12/5 11:00,632.3052979
2020/12/5 12:00,715.2360229
2020/12/5 13:00,727.7904053
2020/12/5 14:00,668.4501953
2020/12/5 15:00,541.8215332
2020/12/5 16:00,361.1418457
2020/12/5 17:00,157.949707
2020/12/5 18:00,16.34023094
2020/12/5 19:00,0
2020/12/5 20:00,0
2020/12/5 21:00,0
2020/12/5 22:00,0
2020/12/5 23:00,0
2020/12/6 0:00,0
2020/12/6 1:00,0
2020/12/6 2:00,0
2020/12/6 3:00,0
2020/12/6 4:00,0
2020/12/6 5:00,0
2020/12/6 6:00,0
2020/12/6 7:00,0.416033238
2020/12/6 8:00,80.91616058
2020/12/6 9:00,281.0211792
2020/12/6 10:00,476.779541
2020/12/6 11:00,627.0230103
2020/12/6 12:00,713.7384644
2020/12/6 13:00,728.9690552
2020/12/6 14:00,672.1270142
2020/12/6 15:00,547.7250977
2020/12/6 16:00,368.660614
2020/12/6 17:00,164.2689667
2020/12/6 18:00,17.26974297
2020/12/6 19:00,0
2020/12/6 20:00,0
2020/12/6 21:00,0
2020/12/6 22:00,0
2020/12/6 23:00,0
2020/12/7 0:00,0
2020/12/7 1:00,0
2020/12/7 2:00,0
2020/12/7 3:00,0
2020/12/7 4:00,0
2020/12/7 5:00,0
2020/12/7 6:00,0
2020/12/7 7:00,0.322594464
2020/12/7 8:00,77.42041016
2020/12/7 9:00,271.9565125
2020/12/7 10:00,464.9801331
2020/12/7 11:00,614.123291
2020/12/7 12:00,700.6570435
2020/12/7 13:00,716.3779297
2020/12/7 14:00,660.9210205
2020/12/7 15:00,538.1781006
2020/12/7 16:00,361.2072754
2020/12/7 17:00,160.1136169
2020/12/7 18:00,16.89040184
2020/12/7 19:00,0
2020/12/7 20:00,0
2020/12/7 21:00,0
2020/12/7 22:00,0
2020/12/7 23:00,0
2020/12/8 0:00,0
2020/12/8 1:00,0
2020/12/8 2:00,0
2020/12/8 3:00,0
2020/12/8 4:00,0
2020/12/8 5:00,0
2020/12/8 6:00,0
2020/12/8 7:00,0.253599465
2020/12/8 8:00,75.9916153
2020/12/8 9:00,269.4967041
2020/12/8 10:00,455.9986877
2020/12/8 11:00,598.80896
2020/12/8 12:00,680.8942871
2020/12/8 13:00,694.0908203
2020/12/8 14:00,637.0067749
2020/12/8 15:00,515.1477661
2020/12/8 16:00,342.1312866
2020/12/8 17:00,149.1202698
2020/12/8 18:00,15.86960793
2020/12/8 19:00,0
2020/12/8 20:00,0
2020/12/8 21:00,0
2020/12/8 22:00,0
2020/12/8 23:00,0
2020/12/9 0:00,0
2020/12/9 1:00,0
2020/12/9 2:00,0
2020/12/9 3:00,0
2020/12/9 4:00,0
2020/12/9 5:00,0
2020/12/9 6:00,0
2020/12/9 7:00,0.176945984
2020/12/9 8:00,61.87527466
2020/12/9 9:00,231.4455566
2020/12/9 10:00,415.434967
2020/12/9 11:00,562.1829224
2020/12/9 12:00,650.1258545
2020/12/9 13:00,669.8925171
2020/12/9 14:00,619.5453491
2020/12/9 15:00,503.4560852
2020/12/9 16:00,335.3378601
2020/12/9 17:00,147.1708832
2020/12/9 18:00,15.99923611
2020/12/9 19:00,0
2020/12/9 20:00,0
2020/12/9 21:00,0
2020/12/9 22:00,0
2020/12/9 23:00,0
2020/12/10 0:00,0
2020/12/10 1:00,0
2020/12/10 2:00,0
2020/12/10 3:00,0
2020/12/10 4:00,0
2020/12/10 5:00,0
2020/12/10 6:00,0
2020/12/10 7:00,0.131203815
2020/12/10 8:00,68.61855316
2020/12/10 9:00,255.9432526
2020/12/10 10:00,445.788269
2020/12/10 11:00,593.7161865
2020/12/10 12:00,679.8917847
2020/12/10 13:00,695.9557495
2020/12/10 14:00,641.7872314
2020/12/10 15:00,522.4584961
2020/12/10 16:00,350.9755859
2020/12/10 17:00,156.2833099
2020/12/10 18:00,17.10057068
2020/12/10 19:00,0
2020/12/10 20:00,0
2020/12/10 21:00,0
2020/12/10 22:00,0
2020/12/10 23:00,0
2020/12/11 0:00,0
2020/12/11 1:00,0
2020/12/11 2:00,0
2020/12/11 3:00,0
2020/12/11 4:00,0
2020/12/11 5:00,0
2020/12/11 6:00,0
2020/12/11 7:00,0.098995417
2020/12/11 8:00,71.75863647
2020/12/11 9:00,266.0307312
2020/12/11 10:00,456.7372437
2020/12/11 11:00,604.5787964
2020/12/11 12:00,691.1627197
2020/12/11 13:00,707.996582
2020/12/11 14:00,654.5003052
2020/12/11 15:00,534.2901611
2020/12/11 16:00,360.1874084
2020/12/11 17:00,161.4922485
2020/12/11 18:00,17.87106514
2020/12/11 19:00,0
2020/12/11 20:00,0
2020/12/11 21:00,0
2020/12/11 22:00,0
2020/12/11 23:00,0
2020/12/12 0:00,0
2020/12/12 1:00,0
2020/12/12 2:00,0
2020/12/12 3:00,0
2020/12/12 4:00,0
2020/12/12 5:00,0
2020/12/12 6:00,0
2020/12/12 7:00,0.058892436
2020/12/12 8:00,61.45439529
2020/12/12 9:00,235.70224
2020/12/12 10:00,421.5192261
2020/12/12 11:00,568.949646
2020/12/12 12:00,656.9180298
2020/12/12 13:00,676.1159668
2020/12/12 14:00,624.7355957
2020/12/12 15:00,506.3598328
2020/12/12 16:00,335.6919861
2020/12/12 17:00,147.1681213
2020/12/12 18:00,16.67064285
2020/12/12 19:00,0
2020/12/12 20:00,0
2020/12/12 21:00,0
2020/12/12 22:00,0
2020/12/12 23:00,0
2020/12/13 0:00,0
2020/12/13 1:00,0
2020/12/13 2:00,0
2020/12/13 3:00,0
2020/12/13 4:00,0
2020/12/13 5:00,0
2020/12/13 6:00,0
2020/12/13 7:00,0.036615707
2020/12/13 8:00,59.17662048
2020/12/13 9:00,232.6296844
2020/12/13 10:00,419.8120728
2020/12/13 11:00,569.1279907
2020/12/13 12:00,657.5115967
2020/12/13 13:00,675.6057739
2020/12/13 14:00,623.2735596
2020/12/13 15:00,506.572937
2020/12/13 16:00,339.0180359
2020/12/13 17:00,150.8464203
2020/12/13 18:00,17.45488358
2020/12/13 19:00,0
2020/12/13 20:00,0
2020/12/13 21:00,0
2020/12/13 22:00,0
2020/12/13 23:00,0
2020/12/14 0:00,0
2020/12/14 1:00,0
2020/12/14 2:00,0
2020/12/14 3:00,0
2020/12/14 4:00,0
2020/12/14 5:00,0
2020/12/14 6:00,0
2020/12/14 7:00,0.017551523
2020/12/14 8:00,66.90338135
2020/12/14 9:00,257.4719849
2020/12/14 10:00,443.853302
2020/12/14 11:00,588.230896
2020/12/14 12:00,671.8547363
2020/12/14 13:00,685.6412964
2020/12/14 14:00,628.8756714
2020/12/14 15:00,507.9041748
2020/12/14 16:00,336.9274292
2020/12/14 17:00,148.5724945
2020/12/14 18:00,17.45290756
2020/12/14 19:00,0
2020/12/14 20:00,0
2020/12/14 21:00,0
2020/12/14 22:00,0
2020/12/14 23:00,0
2020/12/15 0:00,0
2020/12/15 1:00,0
2020/12/15 2:00,0
2020/12/15 3:00,0
2020/12/15 4:00,0
2020/12/15 5:00,0
2020/12/15 6:00,0
2020/12/15 7:00,0
2020/12/15 8:00,62.23731613
2020/12/15 9:00,245.7252197
2020/12/15 10:00,434.9538269
2020/12/15 11:00,583.262085
2020/12/15 12:00,671.2695313
2020/12/15 13:00,689.9338989
2020/12/15 14:00,637.3988647
2020/12/15 15:00,519.0349731
2020/12/15 16:00,348.4253845
2020/12/15 17:00,156.3460999
2020/12/15 18:00,18.65759087
2020/12/15 19:00,0
2020/12/15 20:00,0
2020/12/15 21:00,0
2020/12/15 22:00,0
2020/12/15 23:00,0
2020/12/16 0:00,0
2020/12/16 1:00,0
2020/12/16 2:00,0
2020/12/16 3:00,0
2020/12/16 4:00,0
2020/12/16 5:00,0
2020/12/16 6:00,0
2020/12/16 7:00,0
2020/12/16 8:00,59.75257492
2020/12/16 9:00,240.9239044
2020/12/16 10:00,430.7938843
2020/12/16 11:00,580.4749756
2020/12/16 12:00,670.345459
2020/12/16 13:00,691.3527222
2020/12/16 14:00,641.4282227
2020/12/16 15:00,524.2363892
2020/12/16 16:00,352.8743286
2020/12/16 17:00,158.8151093
2020/12/16 18:00,19.11550903
2020/12/16 19:00,0
2020/12/16 20:00,0
2020/12/16 21:00,0
2020/12/16 22:00,0
2020/12/16 23:00,0
2020/12/17 0:00,0
2020/12/17 1:00,0
2020/12/17 2:00,0
2020/12/17 3:00,0
2020/12/17 4:00,0
2020/12/17 5:00,0
2020/12/17 6:00,0
2020/12/17 7:00,0
2020/12/17 8:00,63.26975632
2020/12/17 9:00,255.3153229
2020/12/17 10:00,447.1921082
2020/12/17 11:00,596.781189
2020/12/17 12:00,685.1328735
2020/12/17 13:00,703.6165771
2020/12/17 14:00,651.2910767
2020/12/17 15:00,532.7976685
2020/12/17 16:00,360.8023682
2020/12/17 17:00,164.2882538
2020/12/17 18:00,20.16466522
2020/12/17 19:00,0
2020/12/17 20:00,0
2020/12/17 21:00,0
2020/12/17 22:00,0
2020/12/17 23:00,0
2020/12/18 0:00,0
2020/12/18 1:00,0
2020/12/18 2:00,0
2020/12/18 3:00,0
2020/12/18 4:00,0
2020/12/18 5:00,0
2020/12/18 6:00,0
2020/12/18 7:00,0
2020/12/18 8:00,62.09804916
2020/12/18 9:00,252.8769379
2020/12/18 10:00,445.0070496
2020/12/18 11:00,595.3334351
2020/12/18 12:00,685.6779785
2020/12/18 13:00,707.4059448
2020/12/18 14:00,658.9533081
2020/12/18 15:00,544.0224609
2020/12/18 16:00,374.0185852
2020/12/18 17:00,174.6780701
2020/12/18 18:00,21.85992432
2020/12/18 19:00,0
2020/12/18 20:00,0
2020/12/18 21:00,0
2020/12/18 22:00,0
2020/12/18 23:00,0
2020/12/19 0:00,0
2020/12/19 1:00,0
2020/12/19 2:00,0
2020/12/19 3:00,0
2020/12/19 4:00,0
2020/12/19 5:00,0
2020/12/19 6:00,0
2020/12/19 7:00,0
2020/12/19 8:00,62.52662659
2020/12/19 9:00,255.5810547
2020/12/19 10:00,445.7619629
2020/12/19 11:00,593.8846436
2020/12/19 12:00,682.3790894
2020/12/19 13:00,702.4761963
2020/12/19 14:00,652.0379639
2020/12/19 15:00,535.352356
2020/12/19 16:00,364.5862732
2020/12/19 17:00,167.8925323
2020/12/19 18:00,21.29216766
2020/12/19 19:00,0
2020/12/19 20:00,0
2020/12/19 21:00,0
2020/12/19 22:00,0
2020/12/19 23:00,0
2020/12/20 0:00,0
2020/12/20 1:00,0
2020/12/20 2:00,0
2020/12/20 3:00,0
2020/12/20 4:00,0
2020/12/20 5:00,0
2020/12/20 6:00,0
2020/12/20 7:00,0
2020/12/20 8:00,61.43177414
2020/12/20 9:00,255.7223816
2020/12/20 10:00,447.7912903
2020/12/20 11:00,597.6012573
2020/12/20 12:00,686.8270264
2020/12/20 13:00,706.7012329
2020/12/20 14:00,655.7245483
2020/12/20 15:00,537.7401733
2020/12/20 16:00,365.1711121
2020/12/20 17:00,167.5205536
2020/12/20 18:00,21.55706787
2020/12/20 19:00,0
2020/12/20 20:00,0
2020/12/20 21:00,0
2020/12/20 22:00,0
2020/12/20 23:00,0
2020/12/21 0:00,0
2020/12/21 1:00,0
2020/12/21 2:00,0
2020/12/21 3:00,0
2020/12/21 4:00,0
2020/12/21 5:00,0
2020/12/21 6:00,0
2020/12/21 7:00,0
2020/12/21 8:00,55.66163635
2020/12/21 9:00,240.1322174
2020/12/21 10:00,434.0542603
2020/12/21 11:00,587.5141602
2020/12/21 12:00,680.9292603
2020/12/21 13:00,705.2594604
2020/12/21 14:00,658.5820313
2020/12/21 15:00,544.3450317
2020/12/21 16:00,374.3583984
2020/12/21 17:00,175.8653107
2020/12/21 18:00,23.20578384
2020/12/21 19:00,0
2020/12/21 20:00,0
2020/12/21 21:00,0
2020/12/21 22:00,0
2020/12/21 23:00,0
2020/12/22 0:00,0
2020/12/22 1:00,0
2020/12/22 2:00,0
2020/12/22 3:00,0
2020/12/22 4:00,0
2020/12/22 5:00,0
2020/12/22 6:00,0
2020/12/22 7:00,0
2020/12/22 8:00,54.44889069
2020/12/22 9:00,237.3605652
2020/12/22 10:00,428.6502991
2020/12/22 11:00,579.8342285
2020/12/22 12:00,671.6605835
2020/12/22 13:00,695.2263794
2020/12/22 14:00,648.6849976
2020/12/22 15:00,535.7382813
2020/12/22 16:00,368.1454468
2020/12/22 17:00,172.9332886
2020/12/22 18:00,23.21547318
2020/12/22 19:00,0
2020/12/22 20:00,0
2020/12/22 21:00,0
2020/12/22 22:00,0
2020/12/22 23:00,0
2020/12/23 0:00,0
2020/12/23 1:00,0
2020/12/23 2:00,0
2020/12/23 3:00,0
2020/12/23 4:00,0
2020/12/23 5:00,0
2020/12/23 6:00,0
2020/12/23 7:00,0
2020/12/23 8:00,52.21123886
2020/12/23 9:00,231.1404419
2020/12/23 10:00,419.8774719
2020/12/23 11:00,569.7052612
2020/12/23 12:00,662.0808716
2020/12/23 13:00,687.7387695
2020/12/23 14:00,643.7262573
2020/12/23 15:00,533.0117188
2020/12/23 16:00,367.0813599
2020/12/23 17:00,173.1988983
2020/12/23 18:00,23.71440697
2020/12/23 19:00,0
2020/12/23 20:00,0
2020/12/23 21:00,0
2020/12/23 22:00,0
2020/12/23 23:00,0
2020/12/24 0:00,0
2020/12/24 1:00,0
2020/12/24 2:00,0
2020/12/24 3:00,0
2020/12/24 4:00,0
2020/12/24 5:00,0
2020/12/24 6:00,0
2020/12/24 7:00,0
2020/12/24 8:00,59.57838821
2020/12/24 9:00,255.05159
2020/12/24 10:00,449.1185303
2020/12/24 11:00,601.5567017
2020/12/24 12:00,694.5222778
2020/12/24 13:00,718.8960571
2020/12/24 14:00,672.7052002
2020/12/24 15:00,559.2102661
2020/12/24 16:00,389.324585
2020/12/24 17:00,187.5824585
2020/12/24 18:00,26.35566139
2020/12/24 19:00,0
2020/12/24 20:00,0
2020/12/24 21:00,0
2020/12/24 22:00,0
2020/12/24 23:00,0
2020/12/25 0:00,0
2020/12/25 1:00,0
2020/12/25 2:00,0
2020/12/25 3:00,0
2020/12/25 4:00,0
2020/12/25 5:00,0
2020/12/25 6:00,0
2020/12/25 7:00,0
2020/12/25 8:00,52.74090958
2020/12/25 9:00,236.1129761
2020/12/25 10:00,429.3779602
2020/12/25 11:00,582.9611816
2020/12/25 12:00,677.3696289
2020/12/25 13:00,703.0479736
2020/12/25 14:00,656.8982544
2020/12/25 15:00,542.9584961
2020/12/25 16:00,373.5336914
2020/12/25 17:00,176.8679504
2020/12/25 18:00,25.4194603
2020/12/25 19:00,0
2020/12/25 20:00,0
2020/12/25 21:00,0
2020/12/25 22:00,0
2020/12/25 23:00,0
2020/12/26 0:00,0
2020/12/26 1:00,0
2020/12/26 2:00,0
2020/12/26 3:00,0
2020/12/26 4:00,0
2020/12/26 5:00,0
2020/12/26 6:00,0
2020/12/26 7:00,0
2020/12/26 8:00,53.54650497
2020/12/26 9:00,243.8573151
2020/12/26 10:00,441.7921753
2020/12/26 11:00,598.4298096
2020/12/26 12:00,694.2362671
2020/12/26 13:00,720.1948242
2020/12/26 14:00,674.8863525
2020/12/26 15:00,562.0374146
2020/12/26 16:00,392.8182983
2020/12/26 17:00,191.4226074
2020/12/26 18:00,28.14692497
2020/12/26 19:00,0
2020/12/26 20:00,0
2020/12/26 21:00,0
2020/12/26 22:00,0
2020/12/26 23:00,0
2020/12/27 0:00,0
2020/12/27 1:00,0
2020/12/27 2:00,0
2020/12/27 3:00,0
2020/12/27 4:00,0
2020/12/27 5:00,0
2020/12/27 6:00,0
2020/12/27 7:00,0
2020/12/27 8:00,53.14529037
2020/12/27 9:00,241.3031006
2020/12/27 10:00,435.9199829
2020/12/27 11:00,590.4772339
2020/12/27 12:00,685.2808838
2020/12/27 13:00,710.8289795
2020/12/27 14:00,665.3997803
2020/12/27 15:00,552.453064
2020/12/27 16:00,383.5312195
2020/12/27 17:00,184.7259064
2020/12/27 18:00,27.42708015
2020/12/27 19:00,0
2020/12/27 20:00,0
2020/12/27 21:00,0
2020/12/27 22:00,0
2020/12/27 23:00,0
2020/12/28 0:00,0
2020/12/28 1:00,0
2020/12/28 2:00,0
2020/12/28 3:00,0
2020/12/28 4:00,0
2020/12/28 5:00,0
2020/12/28 6:00,0
2020/12/28 7:00,0
2020/12/28 8:00,47.44247437
2020/12/28 9:00,226.6602173
2020/12/28 10:00,423.8974915
2020/12/28 11:00,583.0426636
2020/12/28 12:00,682.3270874
2020/12/28 13:00,712.072937
2020/12/28 14:00,670.4157715
2020/12/28 15:00,560.5764771
2020/12/28 16:00,393.5601807
2020/12/28 17:00,193.7566223
2020/12/28 18:00,29.69516182
2020/12/28 19:00,0
2020/12/28 20:00,0
2020/12/28 21:00,0
2020/12/28 22:00,0
2020/12/28 23:00,0
2020/12/29 0:00,0
2020/12/29 1:00,0
2020/12/29 2:00,0
2020/12/29 3:00,0
2020/12/29 4:00,0
2020/12/29 5:00,0
2020/12/29 6:00,0
2020/12/29 7:00,0
2020/12/29 8:00,50.93187714
2020/12/29 9:00,238.6761322
2020/12/29 10:00,434.901886
2020/12/29 11:00,591.2630005
2020/12/29 12:00,687.5673218
2020/12/29 13:00,714.5272217
2020/12/29 14:00,670.5697632
2020/12/29 15:00,557.2773438
2020/12/29 16:00,386.2781067
2020/12/29 17:00,185.9237671
2020/12/29 18:00,28.45337105
2020/12/29 19:00,0
2020/12/29 20:00,0
2020/12/29 21:00,0
2020/12/29 22:00,0
2020/12/29 23:00,0
2020/12/30 0:00,0
2020/12/30 1:00,0
2020/12/30 2:00,0
2020/12/30 3:00,0
2020/12/30 4:00,0
2020/12/30 5:00,0
2020/12/30 6:00,0
2020/12/30 7:00,0
2020/12/30 8:00,48.82335281
2020/12/30 9:00,232.846405
2020/12/30 10:00,433.7900696
2020/12/30 11:00,595.8970337
2020/12/30 12:00,698.1725464
2020/12/30 13:00,730.8076782
2020/12/30 14:00,691.2974243
2020/12/30 15:00,582.9067993
2020/12/30 16:00,415.7628784
2020/12/30 17:00,211.645462
2020/12/30 18:00,34.77511597
2020/12/30 19:00,0
2020/12/30 20:00,0
2020/12/30 21:00,0
2020/12/30 22:00,0
2020/12/30 23:00,0
2020/12/31 0:00,0
2020/12/31 1:00,0
2020/12/31 2:00,0
2020/12/31 3:00,0
2020/12/31 4:00,0
2020/12/31 5:00,0
2020/12/31 6:00,0
2020/12/31 7:00,0
2020/12/31 8:00,54.99031448
2020/12/31 9:00,253.7561493
2020/12/31 10:00,459.6881409
2020/12/31 11:00,622.9302368
2020/12/31 12:00,723.9428711
2020/12/31 13:00,753.4118652
2020/12/31 14:00,709.3844604
2020/12/31 15:00,596.1570435
2020/12/31 16:00,424.4519043
2020/12/31 17:00,216.1612854
2020/12/31 18:00,36.29257584
2020/12/31 19:00,0
2020/12/31 20:00,0
2020/12/31 21:00,0
2020/12/31 22:00,0
2020/12/31 23:00,0
2021/1/1 0:00,0
2021/1/1 1:00,0
2021/1/1 2:00,0
2021/1/1 3:00,0
2021/1/1 4:00,0
2021/1/1 5:00,0
2021/1/1 6:00,0
2021/1/1 7:00,0
2021/1/1 8:00,55.17232895
2021/1/1 9:00,253.8982849
2021/1/1 10:00,455.0396118
2021/1/1 11:00,613.4873657
2021/1/1 12:00,712.4193726
2021/1/1 13:00,742.2610474
2021/1/1 14:00,698.8019409
2021/1/1 15:00,585.7137451
2021/1/1 16:00,414.1721497
2021/1/1 17:00,208.1134338
2021/1/1 18:00,34.7934494
2021/1/1 19:00,0
2021/1/1 20:00,0
2021/1/1 21:00,0
2021/1/1 22:00,0
2021/1/1 23:00,0
2021/1/2 0:00,0
2021/1/2 1:00,0
2021/1/2 2:00,0
2021/1/2 3:00,0
2021/1/2 4:00,0
2021/1/2 5:00,0
2021/1/2 6:00,0
2021/1/2 7:00,0
2021/1/2 8:00,51.6015625
2021/1/2 9:00,245.0977173
2021/1/2 10:00,450.8395691
2021/1/2 11:00,615.5767822
2021/1/2 12:00,718.2285156
2021/1/2 13:00,748.9404907
2021/1/2 14:00,705.9520874
2021/1/2 15:00,592.4384766
2021/1/2 16:00,419.6611328
2021/1/2 17:00,212.3882446
2021/1/2 18:00,36.51992416
2021/1/2 19:00,0
2021/1/2 20:00,0
2021/1/2 21:00,0
2021/1/2 22:00,0
2021/1/2 23:00,0
2021/1/3 0:00,0
2021/1/3 1:00,0
2021/1/3 2:00,0
2021/1/3 3:00,0
2021/1/3 4:00,0
2021/1/3 5:00,0
2021/1/3 6:00,0
2021/1/3 7:00,0
2021/1/3 8:00,52.06427765
2021/1/3 9:00,245.6808014
2021/1/3 10:00,446.8053284
2021/1/3 11:00,606.3357544
2021/1/3 12:00,705.2845459
2021/1/3 13:00,734.5635986
2021/1/3 14:00,692.2272949
2021/1/3 15:00,581.9727783
2021/1/3 16:00,414.0995483
2021/1/3 17:00,210.8648682
2021/1/3 18:00,36.66915894
2021/1/3 19:00,0
2021/1/3 20:00,0
2021/1/3 21:00,0
2021/1/3 22:00,0
2021/1/3 23:00,0
2021/1/4 0:00,0
2021/1/4 1:00,0
2021/1/4 2:00,0
2021/1/4 3:00,0
2021/1/4 4:00,0
2021/1/4 5:00,0
2021/1/4 6:00,0
2021/1/4 7:00,0
2021/1/4 8:00,46.32286835
2021/1/4 9:00,227.8930511
2021/1/4 10:00,424.3136597
2021/1/4 11:00,582.0053711
2021/1/4 12:00,682.6149292
2021/1/4 13:00,716.378418
2021/1/4 14:00,678.6618652
2021/1/4 15:00,572.8555298
2021/1/4 16:00,409.4203491
2021/1/4 17:00,210.4916229
2021/1/4 18:00,37.52892685
2021/1/4 19:00,0
2021/1/4 20:00,0
2021/1/4 21:00,0
2021/1/4 22:00,0
2021/1/4 23:00,0
2021/1/5 0:00,0
2021/1/5 1:00,0
2021/1/5 2:00,0
2021/1/5 3:00,0
2021/1/5 4:00,0
2021/1/5 5:00,0
2021/1/5 6:00,0
2021/1/5 7:00,0
2021/1/5 8:00,43.65818024
2021/1/5 9:00,220.1461334
2021/1/5 10:00,415.3835449
2021/1/5 11:00,573.7545166
2021/1/5 12:00,675.3256226
2021/1/5 13:00,709.914917
2021/1/5 14:00,672.8035278
2021/1/5 15:00,566.4750977
2021/1/5 16:00,401.8422546
2021/1/5 17:00,203.8553009
2021/1/5 18:00,36.55658722
2021/1/5 19:00,0
2021/1/5 20:00,0
2021/1/5 21:00,0
2021/1/5 22:00,0
2021/1/5 23:00,0
2021/1/6 0:00,0
2021/1/6 1:00,0
2021/1/6 2:00,0
2021/1/6 3:00,0
2021/1/6 4:00,0
2021/1/6 5:00,0
2021/1/6 6:00,0
2021/1/6 7:00,0
2021/1/6 8:00,38.73134995
2021/1/6 9:00,198.8637695
2021/1/6 10:00,387.6196594
2021/1/6 11:00,544.1331177
2021/1/6 12:00,647.1929321
2021/1/6 13:00,685.4881592
2021/1/6 14:00,651.7158813
2021/1/6 15:00,547.2861938
2021/1/6 16:00,384.3731384
2021/1/6 17:00,192.1006927
2021/1/6 18:00,34.96401978
2021/1/6 19:00,0
2021/1/6 20:00,0
2021/1/6 21:00,0
2021/1/6 22:00,0
2021/1/6 23:00,0
2021/1/7 0:00,0
2021/1/7 1:00,0
2021/1/7 2:00,0
2021/1/7 3:00,0
2021/1/7 4:00,0
2021/1/7 5:00,0
2021/1/7 6:00,0
2021/1/7 7:00,0
2021/1/7 8:00,40.20943832
2021/1/7 9:00,205.0983276
2021/1/7 10:00,389.2642517
2021/1/7 11:00,539.2946777
2021/1/7 12:00,639.2266235
2021/1/7 13:00,677.5246582
2021/1/7 14:00,644.5805664
2021/1/7 15:00,543.3058472
2021/1/7 16:00,384.9668579
2021/1/7 17:00,195.5106506
2021/1/7 18:00,36.90216446
2021/1/7 19:00,0
2021/1/7 20:00,0
2021/1/7 21:00,0
2021/1/7 22:00,0
2021/1/7 23:00,0
2021/1/8 0:00,0
2021/1/8 1:00,0
2021/1/8 2:00,0
2021/1/8 3:00,0
2021/1/8 4:00,0
2021/1/8 5:00,0
2021/1/8 6:00,0
2021/1/8 7:00,0
2021/1/8 8:00,38.52217484
2021/1/8 9:00,204.8551788
2021/1/8 10:00,402.9697876
2021/1/8 11:00,568.7244873
2021/1/8 12:00,675.9957886
2021/1/8 13:00,713.7716064
2021/1/8 14:00,679.9707031
2021/1/8 15:00,577.4961548
2021/1/8 16:00,416.2380676
2021/1/8 17:00,217.8706055
2021/1/8 18:00,42.09298325
2021/1/8 19:00,0
2021/1/8 20:00,0
2021/1/8 21:00,0
2021/1/8 22:00,0
2021/1/8 23:00,0
2021/1/9 0:00,0
2021/1/9 1:00,0
2021/1/9 2:00,0
2021/1/9 3:00,0
2021/1/9 4:00,0
2021/1/9 5:00,0
2021/1/9 6:00,0
2021/1/9 7:00,0
2021/1/9 8:00,46.00740814
2021/1/9 9:00,235.14534
2021/1/9 10:00,442.9787903
2021/1/9 11:00,611.6864624
2021/1/9 12:00,719.2422485
2021/1/9 13:00,755.7178955
2021/1/9 14:00,719.5508423
2021/1/9 15:00,613.309021
2021/1/9 16:00,446.7788086
2021/1/9 17:00,240.1249237
2021/1/9 18:00,48.59415054
2021/1/9 19:00,0
2021/1/9 20:00,0
2021/1/9 21:00,0
2021/1/9 22:00,0
2021/1/9 23:00,0
2021/1/10 0:00,0
2021/1/10 1:00,0
2021/1/10 2:00,0
2021/1/10 3:00,0
2021/1/10 4:00,0
2021/1/10 5:00,0
2021/1/10 6:00,0
2021/1/10 7:00,0
2021/1/10 8:00,44.49910736
2021/1/10 9:00,227.2469025
2021/1/10 10:00,427.4104614
2021/1/10 11:00,589.3179932
2021/1/10 12:00,693.7029419
2021/1/10 13:00,730.5408325
2021/1/10 14:00,695.3304443
2021/1/10 15:00,589.1850586
2021/1/10 16:00,422.6274109
2021/1/10 17:00,220.3307648
2021/1/10 18:00,43.40368652
2021/1/10 19:00,0
2021/1/10 20:00,0
2021/1/10 21:00,0
2021/1/10 22:00,0
2021/1/10 23:00,0
2021/1/11 0:00,0
2021/1/11 1:00,0
2021/1/11 2:00,0
2021/1/11 3:00,0
2021/1/11 4:00,0
2021/1/11 5:00,0
2021/1/11 6:00,0
2021/1/11 7:00,0
2021/1/11 8:00,39.61240005
2021/1/11 9:00,209.4548035
2021/1/11 10:00,406.4984131
2021/1/11 11:00,569.1523438
2021/1/11 12:00,674.446228
2021/1/11 13:00,711.7616577
2021/1/11 14:00,677.208313
2021/1/11 15:00,573.1231079
2021/1/11 16:00,410.1981506
2021/1/11 17:00,213.0491791
2021/1/11 18:00,43.20565796
2021/1/11 19:00,0
2021/1/11 20:00,0
2021/1/11 21:00,0
2021/1/11 22:00,0
2021/1/11 23:00,0
2021/1/12 0:00,0
2021/1/12 1:00,0
2021/1/12 2:00,0
2021/1/12 3:00,0
2021/1/12 4:00,0
2021/1/12 5:00,0
2021/1/12 6:00,0
2021/1/12 7:00,0
2021/1/12 8:00,51.81741714
2021/1/12 9:00,251.9551086
2021/1/12 10:00,458.6279602
2021/1/12 11:00,624.3500977
2021/1/12 12:00,733.8643188
2021/1/12 13:00,776.1035767
2021/1/12 14:00,742.784668
2021/1/12 15:00,633.0720215
2021/1/12 16:00,457.7934875
2021/1/12 17:00,243.6106262
2021/1/12 18:00,50.72391129
2021/1/12 19:00,0
2021/1/12 20:00,0
2021/1/12 21:00,0
2021/1/12 22:00,0
2021/1/12 23:00,0
2021/1/13 0:00,0
2021/1/13 1:00,0
2021/1/13 2:00,0
2021/1/13 3:00,0
2021/1/13 4:00,0
2021/1/13 5:00,0
2021/1/13 6:00,0
2021/1/13 7:00,0
2021/1/13 8:00,47.00780106
2021/1/13 9:00,240.5307312
2021/1/13 10:00,452.3082581
2021/1/13 11:00,624.2375488
2021/1/13 12:00,733.6817627
2021/1/13 13:00,770.3640137
2021/1/13 14:00,732.708313
2021/1/13 15:00,622.1676025
2021/1/13 16:00,449.4655762
2021/1/13 17:00,239.1391296
2021/1/13 18:00,50.95849609
2021/1/13 19:00,0
2021/1/13 20:00,0
2021/1/13 21:00,0
2021/1/13 22:00,0
2021/1/13 23:00,0
2021/1/14 0:00,0
2021/1/14 1:00,0
2021/1/14 2:00,0
2021/1/14 3:00,0
2021/1/14 4:00,0
2021/1/14 5:00,0
2021/1/14 6:00,0
2021/1/14 7:00,0
2021/1/14 8:00,44.03079987
2021/1/14 9:00,223.6691284
2021/1/14 10:00,418.3317261
2021/1/14 11:00,574.4098511
2021/1/14 12:00,676.9917603
2021/1/14 13:00,715.8386841
2021/1/14 14:00,681.6782837
2021/1/14 15:00,577.9755249
2021/1/14 16:00,415.7314453
2021/1/14 17:00,218.9277802
2021/1/14 18:00,47.04731369
2021/1/14 19:00,0
2021/1/14 20:00,0
2021/1/14 21:00,0
2021/1/14 22:00,0
2021/1/14 23:00,0
2021/1/15 0:00,0
2021/1/15 1:00,0
2021/1/15 2:00,0
2021/1/15 3:00,0
2021/1/15 4:00,0
2021/1/15 5:00,0
2021/1/15 6:00,0
2021/1/15 7:00,0
2021/1/15 8:00,42.72335815
2021/1/15 9:00,224.8098145
2021/1/15 10:00,432.5300903
2021/1/15 11:00,603.5654907
2021/1/15 12:00,712.8601685
2021/1/15 13:00,749.9594727
2021/1/15 14:00,714.1357422
2021/1/15 15:00,606.9755249
2021/1/15 16:00,438.877594
2021/1/15 17:00,233.8162384
2021/1/15 18:00,51.17491913
2021/1/15 19:00,0
2021/1/15 20:00,0
2021/1/15 21:00,0
2021/1/15 22:00,0
2021/1/15 23:00,0
2021/1/16 0:00,0
2021/1/16 1:00,0
2021/1/16 2:00,0
2021/1/16 3:00,0
2021/1/16 4:00,0
2021/1/16 5:00,0
2021/1/16 6:00,0
2021/1/16 7:00,0
2021/1/16 8:00,35.67850876
2021/1/16 9:00,196.2160034
2021/1/16 10:00,404.7344971
2021/1/16 11:00,589.524292
2021/1/16 12:00,711.6315918
2021/1/16 13:00,758.0233154
2021/1/16 14:00,730.9696045
2021/1/16 15:00,629.3361816
2021/1/16 16:00,462.9330444
2021/1/16 17:00,255.5748596
2021/1/16 18:00,59.04746628
2021/1/16 19:00,0
2021/1/16 20:00,0
2021/1/16 21:00,0
2021/1/16 22:00,0
2021/1/16 23:00,0
2021/1/17 0:00,0
2021/1/17 1:00,0
2021/1/17 2:00,0
2021/1/17 3:00,0
2021/1/17 4:00,0
2021/1/17 5:00,0
2021/1/17 6:00,0
2021/1/17 7:00,0
2021/1/17 8:00,36.39011383
2021/1/17 9:00,193.8871765
2021/1/17 10:00,380.8606873
2021/1/17 11:00,536.4908447
2021/1/17 12:00,641.4329834
2021/1/17 13:00,683.8686523
2021/1/17 14:00,653.8037109
2021/1/17 15:00,552.2759399
2021/1/17 16:00,392.0306396
2021/1/17 17:00,203.5687714
2021/1/17 18:00,45.9793129
2021/1/17 19:00,0
2021/1/17 20:00,0
2021/1/17 21:00,0
2021/1/17 22:00,0
2021/1/17 23:00,0
2021/1/18 0:00,0
2021/1/18 1:00,0
2021/1/18 2:00,0
2021/1/18 3:00,0
2021/1/18 4:00,0
2021/1/18 5:00,0
2021/1/18 6:00,0
2021/1/18 7:00,0
2021/1/18 8:00,36.77805328
2021/1/18 9:00,195.6567535
2021/1/18 10:00,387.6233521
2021/1/18 11:00,550.0951538
2021/1/18 12:00,659.3850098
2021/1/18 13:00,703.1134033
2021/1/18 14:00,673.6773682
2021/1/18 15:00,574.1484375
2021/1/18 16:00,415.6340942
2021/1/18 17:00,222.3112183
2021/1/18 18:00,51.28334427
2021/1/18 19:00,0
2021/1/18 20:00,0
2021/1/18 21:00,0
2021/1/18 22:00,0
2021/1/18 23:00,0
2021/1/19 0:00,0
2021/1/19 1:00,0
2021/1/19 2:00,0
2021/1/19 3:00,0
2021/1/19 4:00,0
2021/1/19 5:00,0
2021/1/19 6:00,0
2021/1/19 7:00,0
2021/1/19 8:00,40.76185608
2021/1/19 9:00,215.5610199
2021/1/19 10:00,420.0233154
2021/1/19 11:00,590.3613281
2021/1/19 12:00,704.0529175
2021/1/19 13:00,749.7113647
2021/1/19 14:00,721.3676758
2021/1/19 15:00,621.2003784
2021/1/19 16:00,459.1877747
2021/1/19 17:00,256.1689148
2021/1/19 18:00,62.5018425
2021/1/19 19:00,0
2021/1/19 20:00,0
2021/1/19 21:00,0
2021/1/19 22:00,0
2021/1/19 23:00,0
2021/1/20 0:00,0
2021/1/20 1:00,0
2021/1/20 2:00,0
2021/1/20 3:00,0
2021/1/20 4:00,0
2021/1/20 5:00,0
2021/1/20 6:00,0
2021/1/20 7:00,0
2021/1/20 8:00,49.69745255
2021/1/20 9:00,245.9825439
2021/1/20 10:00,453.855896
2021/1/20 11:00,621.7009888
2021/1/20 12:00,731.3218384
2021/1/20 13:00,772.8413086
2021/1/20 14:00,741.8934326
2021/1/20 15:00,641.0115356
2021/1/20 16:00,479.2849731
2021/1/20 17:00,274.5776978
2021/1/20 18:00,70.36273193
2021/1/20 19:00,0
2021/1/20 20:00,0
2021/1/20 21:00,0
2021/1/20 22:00,0
2021/1/20 23:00,0
2021/1/21 0:00,0
2021/1/21 1:00,0
2021/1/21 2:00,0
2021/1/21 3:00,0
2021/1/21 4:00,0
2021/1/21 5:00,0
2021/1/21 6:00,0
2021/1/21 7:00,0
2021/1/21 8:00,42.7074852
2021/1/21 9:00,221.3420258
2021/1/21 10:00,423.824646
2021/1/21 11:00,590.6075439
2021/1/21 12:00,702.1344604
2021/1/21 13:00,747.5681763
2021/1/21 14:00,720.644043
2021/1/21 15:00,622.2925415
2021/1/21 16:00,461.7200012
2021/1/21 17:00,259.9516907
2021/1/21 18:00,65.14356995
2021/1/21 19:00,7.14E-17
2021/1/21 20:00,0
2021/1/21 21:00,0
2021/1/21 22:00,0
2021/1/21 23:00,0
2021/1/22 0:00,0
2021/1/22 1:00,0
2021/1/22 2:00,0
2021/1/22 3:00,0
2021/1/22 4:00,0
2021/1/22 5:00,0
2021/1/22 6:00,0
2021/1/22 7:00,0
2021/1/22 8:00,41.2479744
2021/1/22 9:00,214.3661041
2021/1/22 10:00,412.3200378
2021/1/22 11:00,576.2300415
2021/1/22 12:00,684.2699585
2021/1/22 13:00,725.1181641
2021/1/22 14:00,693.3019409
2021/1/22 15:00,593.9749146
2021/1/22 16:00,437.3570862
2021/1/22 17:00,242.6440277
2021/1/22 18:00,61.21930313
2021/1/22 19:00,0.013883395
2021/1/22 20:00,0
2021/1/22 21:00,0
2021/1/22 22:00,0
2021/1/22 23:00,0
2021/1/23 0:00,0
2021/1/23 1:00,0
2021/1/23 2:00,0
2021/1/23 3:00,0
2021/1/23 4:00,0
2021/1/23 5:00,0
2021/1/23 6:00,0
2021/1/23 7:00,0
2021/1/23 8:00,40.37135315
2021/1/23 9:00,212.3521271
2021/1/23 10:00,418.6733398
2021/1/23 11:00,593.1865845
2021/1/23 12:00,706.5247192
2021/1/23 13:00,746.8983765
2021/1/23 14:00,713.7474365
2021/1/23 15:00,608.1449585
2021/1/23 16:00,440.7349243
2021/1/23 17:00,238.0771332
2021/1/23 18:00,59.15708542
2021/1/23 19:00,0.033424795
2021/1/23 20:00,0
2021/1/23 21:00,0
2021/1/23 22:00,0
2021/1/23 23:00,0
2021/1/24 0:00,0
2021/1/24 1:00,0
2021/1/24 2:00,0
2021/1/24 3:00,0
2021/1/24 4:00,0
2021/1/24 5:00,0
2021/1/24 6:00,0
2021/1/24 7:00,0
2021/1/24 8:00,41.15975952
2021/1/24 9:00,213.792511
2021/1/24 10:00,414.1943359
2021/1/24 11:00,581.5630493
2021/1/24 12:00,697.3809814
2021/1/24 13:00,749.8081055
2021/1/24 14:00,728.3114014
2021/1/24 15:00,631.743103
2021/1/24 16:00,469.7612
2021/1/24 17:00,265.9812927
2021/1/24 18:00,69.73191833
2021/1/24 19:00,0.063080363
2021/1/24 20:00,0
2021/1/24 21:00,0
2021/1/24 22:00,0
2021/1/24 23:00,0
2021/1/25 0:00,0
2021/1/25 1:00,0
2021/1/25 2:00,0
2021/1/25 3:00,0
2021/1/25 4:00,0
2021/1/25 5:00,0
2021/1/25 6:00,0
2021/1/25 7:00,0
2021/1/25 8:00,45.21180344
2021/1/25 9:00,228.4848328
2021/1/25 10:00,432.6591797
2021/1/25 11:00,599.9795532
2021/1/25 12:00,711.3042603
2021/1/25 13:00,755.779541
2021/1/25 14:00,726.7783203
2021/1/25 15:00,626.3486328
2021/1/25 16:00,464.2410583
2021/1/25 17:00,261.6079407
2021/1/25 18:00,68.87857819
2021/1/25 19:00,0.103351071
2021/1/25 20:00,0
2021/1/25 21:00,0
2021/1/25 22:00,0
2021/1/25 23:00,0
2021/1/26 0:00,0
2021/1/26 1:00,0
2021/1/26 2:00,0
2021/1/26 3:00,0
2021/1/26 4:00,0
2021/1/26 5:00,0
2021/1/26 6:00,0
2021/1/26 7:00,0
2021/1/26 8:00,33.62444687
2021/1/26 9:00,178.8722687
2021/1/26 10:00,380.1540222
2021/1/26 11:00,566.7712402
2021/1/26 12:00,689.0287476
2021/1/26 13:00,730.2481689
2021/1/26 14:00,697.7366333
2021/1/26 15:00,594.3372803
2021/1/26 16:00,431.622467
2021/1/26 17:00,235.236908
2021/1/26 18:00,61.04670715
2021/1/26 19:00,0.139215752
2021/1/26 20:00,0
2021/1/26 21:00,0
2021/1/26 22:00,0
2021/1/26 23:00,0
2021/1/27 0:00,0
2021/1/27 1:00,0
2021/1/27 2:00,0
2021/1/27 3:00,0
2021/1/27 4:00,0
2021/1/27 5:00,0
2021/1/27 6:00,0
2021/1/27 7:00,0
2021/1/27 8:00,40.50986481
2021/1/27 9:00,208.091507
2021/1/27 10:00,413.5711365
2021/1/27 11:00,590.7948608
2021/1/27 12:00,707.8666992
2021/1/27 13:00,751.6749878
2021/1/27 14:00,720.973877
2021/1/27 15:00,619.8149414
2021/1/27 16:00,458.464325
2021/1/27 17:00,257.5591431
2021/1/27 18:00,69.59524536
2021/1/27 19:00,0.205460668
2021/1/27 20:00,0
2021/1/27 21:00,0
2021/1/27 22:00,0
2021/1/27 23:00,0
2021/1/28 0:00,0
2021/1/28 1:00,0
2021/1/28 2:00,0
2021/1/28 3:00,0
2021/1/28 4:00,0
2021/1/28 5:00,0
2021/1/28 6:00,0
2021/1/28 7:00,0
2021/1/28 8:00,40.33712769
2021/1/28 9:00,207.1446075
2021/1/28 10:00,410.7606201
2021/1/28 11:00,585.8856201
2021/1/28 12:00,703.3031616
2021/1/28 13:00,749.7670898
2021/1/28 14:00,721.9985352
2021/1/28 15:00,622.7910767
2021/1/28 16:00,462.2666016
2021/1/28 17:00,261.7348328
2021/1/28 18:00,72.09090424
2021/1/28 19:00,0.275472909
2021/1/28 20:00,0
2021/1/28 21:00,0
2021/1/28 22:00,0
2021/1/28 23:00,0
2021/1/29 0:00,0
2021/1/29 1:00,0
2021/1/29 2:00,0
2021/1/29 3:00,0
2021/1/29 4:00,0
2021/1/29 5:00,0
2021/1/29 6:00,0
2021/1/29 7:00,0
2021/1/29 8:00,44.35791779
2021/1/29 9:00,225.4831696
2021/1/29 10:00,443.0033569
2021/1/29 11:00,627.5048218
2021/1/29 12:00,748.7232056
2021/1/29 13:00,795.0535278
2021/1/29 14:00,766.342041
2021/1/29 15:00,664.2279053
2021/1/29 16:00,498.0039978
2021/1/29 17:00,287.8568726
2021/1/29 18:00,81.39431763
2021/1/29 19:00,0.373607576
2021/1/29 20:00,0
2021/1/29 21:00,0
2021/1/29 22:00,0
2021/1/29 23:00,0
2021/1/30 0:00,0
2021/1/30 1:00,0
2021/1/30 2:00,0
2021/1/30 3:00,0
2021/1/30 4:00,0
2021/1/30 5:00,0
2021/1/30 6:00,0
2021/1/30 7:00,0
2021/1/30 8:00,51.26906204
2021/1/30 9:00,241.3042603
2021/1/30 10:00,442.5168762
2021/1/30 11:00,604.788208
2021/1/30 12:00,715.2772827
2021/1/30 13:00,762.9036865
2021/1/30 14:00,735.776062
2021/1/30 15:00,637.0405273
2021/1/30 16:00,476.5901184
2021/1/30 17:00,274.3918762
2021/1/30 18:00,78.3167572
2021/1/30 19:00,0.444545209
2021/1/30 20:00,0
2021/1/30 21:00,0
2021/1/30 22:00,0
2021/1/30 23:00,0
2021/1/31 0:00,0
2021/1/31 1:00,0
2021/1/31 2:00,0
2021/1/31 3:00,0
2021/1/31 4:00,0
2021/1/31 5:00,0
2021/1/31 6:00,0
2021/1/31 7:00,0
2021/1/31 8:00,55.15301895
2021/1/31 9:00,256.4385071
2021/1/31 10:00,468.3119202
2021/1/31 11:00,639.5488892
2021/1/31 12:00,752.487854
2021/1/31 13:00,796.7231445
2021/1/31 14:00,766.6782227
2021/1/31 15:00,665.743042
2021/1/31 16:00,502.9832458
2021/1/31 17:00,295.895813
2021/1/31 18:00,87.44109344
2021/1/31 19:00,0.570269883
2021/1/31 20:00,0
2021/1/31 21:00,0
2021/1/31 22:00,0
2021/1/31 23:00,0
2021/2/1 0:00,0
2021/2/1 1:00,0
2021/2/1 2:00,0
2021/2/1 3:00,0
2021/2/1 4:00,0
2021/2/1 5:00,0
2021/2/1 6:00,0
2021/2/1 7:00,0
2021/2/1 8:00,53.58623123
2021/2/1 9:00,249.5304565
2021/2/1 10:00,458.8136902
2021/2/1 11:00,629.2797852
2021/2/1 12:00,742.8825073
2021/2/1 13:00,788.9589233
2021/2/1 14:00,760.8815918
2021/2/1 15:00,661.6289063
2021/2/1 16:00,500.1925049
2021/2/1 17:00,294.3260498
2021/2/1 18:00,87.58462524
2021/2/1 19:00,0.672120929
2021/2/1 20:00,0
2021/2/1 21:00,0
2021/2/1 22:00,0
2021/2/1 23:00,0
2021/2/2 0:00,0
2021/2/2 1:00,0
2021/2/2 2:00,0
2021/2/2 3:00,0
2021/2/2 4:00,0
2021/2/2 5:00,0
2021/2/2 6:00,0
2021/2/2 7:00,0
2021/2/2 8:00,46.09104538
2021/2/2 9:00,225.6177063
2021/2/2 10:00,440.4768372
2021/2/2 11:00,623.602478
2021/2/2 12:00,744.177063
2021/2/2 13:00,790.0926514
2021/2/2 14:00,761.4052734
2021/2/2 15:00,659.8206787
2021/2/2 16:00,494.9007568
2021/2/2 17:00,287.3415833
2021/2/2 18:00,84.79463196
2021/2/2 19:00,0.759984612
2021/2/2 20:00,0
2021/2/2 21:00,0
2021/2/2 22:00,0
2021/2/2 23:00,0
2021/2/3 0:00,0
2021/2/3 1:00,0
2021/2/3 2:00,0
2021/2/3 3:00,0
2021/2/3 4:00,0
2021/2/3 5:00,0
2021/2/3 6:00,0
2021/2/3 7:00,0
2021/2/3 8:00,53.51531982
2021/2/3 9:00,246.7445831
2021/2/3 10:00,454.9697266
2021/2/3 11:00,624.9326172
2021/2/3 12:00,739.4119873
2021/2/3 13:00,787.1760254
2021/2/3 14:00,759.9116211
2021/2/3 15:00,660.5211182
2021/2/3 16:00,498.5085754
2021/2/3 17:00,292.9516907
2021/2/3 18:00,88.89572906
2021/2/3 19:00,0.910939038
2021/2/3 20:00,0
2021/2/3 21:00,0
2021/2/3 22:00,0
2021/2/3 23:00,0
2021/2/4 0:00,0
2021/2/4 1:00,0
2021/2/4 2:00,0
2021/2/4 3:00,0
2021/2/4 4:00,0
2021/2/4 5:00,0
2021/2/4 6:00,0
2021/2/4 7:00,0
2021/2/4 8:00,53.85664749
2021/2/4 9:00,246.2894287
2021/2/4 10:00,455.157959
2021/2/4 11:00,626.2380981
2021/2/4 12:00,743.2973022
2021/2/4 13:00,795.0856934
2021/2/4 14:00,771.6777344
2021/2/4 15:00,674.6650391
2021/2/4 16:00,513.0164795
2021/2/4 17:00,305.6126099
2021/2/4 18:00,94.70868683
2021/2/4 19:00,1.078322053
2021/2/4 20:00,0
2021/2/4 21:00,0
2021/2/4 22:00,0
2021/2/4 23:00,0
2021/2/5 0:00,0
2021/2/5 1:00,0
2021/2/5 2:00,0
2021/2/5 3:00,0
2021/2/5 4:00,0
2021/2/5 5:00,0
2021/2/5 6:00,0
2021/2/5 7:00,0
2021/2/5 8:00,57.08839035
2021/2/5 9:00,258.5693359
2021/2/5 10:00,478.5308533
2021/2/5 11:00,658.9975586
2021/2/5 12:00,779.003418
2021/2/5 13:00,828.0172119
2021/2/5 14:00,801.4802246
2021/2/5 15:00,701.7268066
2021/2/5 16:00,537.3828735
2021/2/5 17:00,325.4706421
2021/2/5 18:00,104.5633087
2021/2/5 19:00,1.290351748
2021/2/5 20:00,0
2021/2/5 21:00,0
2021/2/5 22:00,0
2021/2/5 23:00,0
2021/2/6 0:00,0
2021/2/6 1:00,0
2021/2/6 2:00,0
2021/2/6 3:00,0
2021/2/6 4:00,0
2021/2/6 5:00,0
2021/2/6 6:00,0
2021/2/6 7:00,0
2021/2/6 8:00,57.096035
2021/2/6 9:00,254.2762299
2021/2/6 10:00,466.6560364
2021/2/6 11:00,640.0575562
2021/2/6 12:00,753.270752
2021/2/6 13:00,795.3618164
2021/2/6 14:00,761.9862671
2021/2/6 15:00,657.56604
2021/2/6 16:00,491.9356689
2021/2/6 17:00,284.598114
2021/2/6 18:00,86.55561066
2021/2/6 19:00,1.271585584
2021/2/6 20:00,0
2021/2/6 21:00,0
2021/2/6 22:00,0
2021/2/6 23:00,0
2021/2/7 0:00,0
2021/2/7 1:00,0
2021/2/7 2:00,0
2021/2/7 3:00,0
2021/2/7 4:00,0
2021/2/7 5:00,0
2021/2/7 6:00,0
2021/2/7 7:00,0
2021/2/7 8:00,60.36986923
2021/2/7 9:00,265.5807495
2021/2/7 10:00,486.2446899
2021/2/7 11:00,666.7905273
2021/2/7 12:00,784.4978027
2021/2/7 13:00,829.2166138
2021/2/7 14:00,799.067688
2021/2/7 15:00,697.3362427
2021/2/7 16:00,532.7771606
2021/2/7 17:00,321.8197937
2021/2/7 18:00,104.3069992
2021/2/7 19:00,1.589039922
2021/2/7 20:00,0
2021/2/7 21:00,0
2021/2/7 22:00,0
2021/2/7 23:00,0
2021/2/8 0:00,0
2021/2/8 1:00,0
2021/2/8 2:00,0
2021/2/8 3:00,0
2021/2/8 4:00,0
2021/2/8 5:00,0
2021/2/8 6:00,0
2021/2/8 7:00,0
2021/2/8 8:00,59.33649445
2021/2/8 9:00,255.4457703
2021/2/8 10:00,463.8474731
2021/2/8 11:00,633.878479
2021/2/8 12:00,746.5449829
2021/2/8 13:00,790.7252197
2021/2/8 14:00,760.3291626
2021/2/8 15:00,657.9906616
2021/2/8 16:00,493.4382019
2021/2/8 17:00,287.6663208
2021/2/8 18:00,89.41677094
2021/2/8 19:00,1.570842743
2021/2/8 20:00,0
2021/2/8 21:00,0
2021/2/8 22:00,0
2021/2/8 23:00,0
2021/2/9 0:00,0
2021/2/9 1:00,0
2021/2/9 2:00,0
2021/2/9 3:00,0
2021/2/9 4:00,0
2021/2/9 5:00,0
2021/2/9 6:00,0
2021/2/9 7:00,0
2021/2/9 8:00,54.8602562
2021/2/9 9:00,243.8089905
2021/2/9 10:00,457.5551758
2021/2/9 11:00,636.0080566
2021/2/9 12:00,754.6702881
2021/2/9 13:00,802.4113159
2021/2/9 14:00,776.0976563
2021/2/9 15:00,677.6364746
2021/2/9 16:00,515.9468994
2021/2/9 17:00,309.6887512
2021/2/9 18:00,100.4812469
2021/2/9 19:00,1.859568
2021/2/9 20:00,0
2021/2/9 21:00,0
2021/2/9 22:00,0
2021/2/9 23:00,0
2021/2/10 0:00,0
2021/2/10 1:00,0
2021/2/10 2:00,0
2021/2/10 3:00,0
2021/2/10 4:00,0
2021/2/10 5:00,0
2021/2/10 6:00,0
2021/2/10 7:00,0
2021/2/10 8:00,62.63517761
2021/2/10 9:00,263.1546631
2021/2/10 10:00,473.8256531
2021/2/10 11:00,644.8143921
2021/2/10 12:00,759.2800293
2021/2/10 13:00,807.1681519
2021/2/10 14:00,782.0845337
2021/2/10 15:00,686.496582
2021/2/10 16:00,529.0463257
2021/2/10 17:00,326.1019592
2021/2/10 18:00,109.8150253
2021/2/10 19:00,2.062543631
2021/2/10 20:00,0
2021/2/10 21:00,0
2021/2/10 22:00,0
2021/2/10 23:00,0
2021/2/11 0:00,0
2021/2/11 1:00,0
2021/2/11 2:00,0
2021/2/11 3:00,0
2021/2/11 4:00,0
2021/2/11 5:00,0
2021/2/11 6:00,0
2021/2/11 7:00,0
2021/2/11 8:00,68.17650604
2021/2/11 9:00,280.3404236
2021/2/11 10:00,501.5032959
2021/2/11 11:00,681.9487915
2021/2/11 12:00,801.1773682
2021/2/11 13:00,848.4839478
2021/2/11 14:00,820.0724487
2021/2/11 15:00,716.5344849
2021/2/11 16:00,546.6893921
2021/2/11 17:00,330.062439
2021/2/11 18:00,109.5489044
2021/2/11 19:00,2.342123985
2021/2/11 20:00,0
2021/2/11 21:00,0
2021/2/11 22:00,0
2021/2/11 23:00,0
2021/2/12 0:00,0
2021/2/12 1:00,0
2021/2/12 2:00,0
2021/2/12 3:00,0
2021/2/12 4:00,0
2021/2/12 5:00,0
2021/2/12 6:00,0
2021/2/12 7:00,0
2021/2/12 8:00,78.12989044
2021/2/12 9:00,295.1373291
2021/2/12 10:00,505.2152405
2021/2/12 11:00,673.2105103
2021/2/12 12:00,783.9996338
2021/2/12 13:00,826.3961792
2021/2/12 14:00,792.6207886
2021/2/12 15:00,685.3016968
2021/2/12 16:00,514.2368774
2021/2/12 17:00,301.1188965
2021/2/12 18:00,96.57278442
2021/2/12 19:00,2.296301126
2021/2/12 20:00,0
2021/2/12 21:00,0
2021/2/12 22:00,0
2021/2/12 23:00,0
2021/2/13 0:00,0
2021/2/13 1:00,0
2021/2/13 2:00,0
2021/2/13 3:00,0
2021/2/13 4:00,0
2021/2/13 5:00,0
2021/2/13 6:00,0
2021/2/13 7:00,0
2021/2/13 8:00,59.45281601
2021/2/13 9:00,251.877121
2021/2/13 10:00,469.627533
2021/2/13 11:00,652.0350342
2021/2/13 12:00,770.9144287
2021/2/13 13:00,814.6040649
2021/2/13 14:00,782.2843628
2021/2/13 15:00,676.5687866
2021/2/13 16:00,507.4781494
2021/2/13 17:00,297.2742004
2021/2/13 18:00,95.69629669
2021/2/13 19:00,2.430804014
2021/2/13 20:00,0
2021/2/13 21:00,0
2021/2/13 22:00,0
2021/2/13 23:00,0
2021/2/14 0:00,0
2021/2/14 1:00,0
2021/2/14 2:00,0
2021/2/14 3:00,0
2021/2/14 4:00,0
2021/2/14 5:00,0
2021/2/14 6:00,0
2021/2/14 7:00,0
2021/2/14 8:00,61.75442123
2021/2/14 9:00,257.2976379
2021/2/14 10:00,477.2384338
2021/2/14 11:00,661.4241333
2021/2/14 12:00,779.442627
2021/2/14 13:00,819.625
2021/2/14 14:00,783.9869995
2021/2/14 15:00,677.0767212
2021/2/14 16:00,508.9941711
2021/2/14 17:00,299.6255188
2021/2/14 18:00,98.04486084
2021/2/14 19:00,2.661854029
2021/2/14 20:00,0
2021/2/14 21:00,0
2021/2/14 22:00,0
2021/2/14 23:00,0
2021/2/15 0:00,0
2021/2/15 1:00,0
2021/2/15 2:00,0
2021/2/15 3:00,0
2021/2/15 4:00,0
2021/2/15 5:00,0
2021/2/15 6:00,0
2021/2/15 7:00,0.015418025
2021/2/15 8:00,69.85503387
2021/2/15 9:00,276.4113159
2021/2/15 10:00,497.8216858
2021/2/15 11:00,679.6973267
2021/2/15 12:00,801.4036865
2021/2/15 13:00,851.9402466
2021/2/15 14:00,825.881958
2021/2/15 15:00,726.6500244
2021/2/15 16:00,563.185791
2021/2/15 17:00,351.1693726
2021/2/15 18:00,124.7889328
2021/2/15 19:00,3.469057083
2021/2/15 20:00,0
2021/2/15 21:00,0
2021/2/15 22:00,0
2021/2/15 23:00,0
2021/2/16 0:00,0
2021/2/16 1:00,0
2021/2/16 2:00,0
2021/2/16 3:00,0
2021/2/16 4:00,0
2021/2/16 5:00,0
2021/2/16 6:00,0
2021/2/16 7:00,0.037319191
2021/2/16 8:00,74.62548065
2021/2/16 9:00,286.004364
2021/2/16 10:00,503.6657715
2021/2/16 11:00,680.3936768
2021/2/16 12:00,797.9245605
2021/2/16 13:00,845.5297852
2021/2/16 14:00,816.8713989
2021/2/16 15:00,713.2442627
2021/2/16 16:00,544.1122437
2021/2/16 17:00,329.547821
2021/2/16 18:00,112.1042252
2021/2/16 19:00,3.304298878
2021/2/16 20:00,0
2021/2/16 21:00,0
2021/2/16 22:00,0
2021/2/16 23:00,0
2021/2/17 0:00,0
2021/2/17 1:00,0
2021/2/17 2:00,0
2021/2/17 3:00,0
2021/2/17 4:00,0
2021/2/17 5:00,0
2021/2/17 6:00,0
2021/2/17 7:00,0.05921999
2021/2/17 8:00,69.21740723
2021/2/17 9:00,270.9011841
2021/2/17 10:00,488.9794312
2021/2/17 11:00,668.9280396
2021/2/17 12:00,785.8950195
2021/2/17 13:00,828.8132935
2021/2/17 14:00,795.7542725
2021/2/17 15:00,691.1760864
2021/2/17 16:00,524.9257813
2021/2/17 17:00,315.055481
2021/2/17 18:00,105.3297043
2021/2/17 19:00,3.303090811
2021/2/17 20:00,0
2021/2/17 21:00,0
2021/2/17 22:00,0
2021/2/17 23:00,0
2021/2/18 0:00,0
2021/2/18 1:00,0
2021/2/18 2:00,0
2021/2/18 3:00,0
2021/2/18 4:00,0
2021/2/18 5:00,0
2021/2/18 6:00,0
2021/2/18 7:00,0.10082382
2021/2/18 8:00,72.53086853
2021/2/18 9:00,278.6190796
2021/2/18 10:00,497.8845825
2021/2/18 11:00,678.1381226
2021/2/18 12:00,798.0941162
2021/2/18 13:00,846.4294434
2021/2/18 14:00,818.0444336
2021/2/18 15:00,714.7642822
2021/2/18 16:00,546.0617065
2021/2/18 17:00,331.6520081
2021/2/18 18:00,114.5816498
2021/2/18 19:00,3.782370806
2021/2/18 20:00,0
2021/2/18 21:00,0
2021/2/18 22:00,0
2021/2/18 23:00,0
2021/2/19 0:00,0
2021/2/19 1:00,0
2021/2/19 2:00,0
2021/2/19 3:00,0
2021/2/19 4:00,0
2021/2/19 5:00,0
2021/2/19 6:00,0
2021/2/19 7:00,0.155255526
2021/2/19 8:00,77.45269775
2021/2/19 9:00,287.8014221
2021/2/19 10:00,505.8626709
2021/2/19 11:00,683.2353516
2021/2/19 12:00,800.9974365
2021/2/19 13:00,848.0881348
2021/2/19 14:00,818.4494629
2021/2/19 15:00,711.7189331
2021/2/19 16:00,537.8535767
2021/2/19 17:00,320.5358582
2021/2/19 18:00,106.9150848
2021/2/19 19:00,3.664401054
2021/2/19 20:00,0
2021/2/19 21:00,0
2021/2/19 22:00,0
2021/2/19 23:00,0
2021/2/20 0:00,0
2021/2/20 1:00,0
2021/2/20 2:00,0
2021/2/20 3:00,0
2021/2/20 4:00,0
2021/2/20 5:00,0
2021/2/20 6:00,0
2021/2/20 7:00,0.211814687
2021/2/20 8:00,78.89373779
2021/2/20 9:00,287.6158447
2021/2/20 10:00,502.563446
2021/2/20 11:00,676.9266357
2021/2/20 12:00,792.0465698
2021/2/20 13:00,836.8759766
2021/2/20 14:00,805.2672729
2021/2/20 15:00,702.4142456
2021/2/20 16:00,537.8491821
2021/2/20 17:00,328.1302185
2021/2/20 18:00,115.617363
2021/2/20 19:00,4.254283905
2021/2/20 20:00,0
2021/2/20 21:00,0
2021/2/20 22:00,0
2021/2/20 23:00,0
2021/2/21 0:00,0
2021/2/21 1:00,0
2021/2/21 2:00,0
2021/2/21 3:00,0
2021/2/21 4:00,0
2021/2/21 5:00,0
2021/2/21 6:00,0
2021/2/21 7:00,0.287838966
2021/2/21 8:00,79.99967194
2021/2/21 9:00,290.951355
2021/2/21 10:00,514.1366577
2021/2/21 11:00,697.4071655
2021/2/21 12:00,818.0563354
2021/2/21 13:00,865.2377319
2021/2/21 14:00,836.1588745
2021/2/21 15:00,733.5045166
2021/2/21 16:00,566.269104
2021/2/21 17:00,351.659729
2021/2/21 18:00,127.2848434
2021/2/21 19:00,4.791312218
2021/2/21 20:00,0
2021/2/21 21:00,0
2021/2/21 22:00,0
2021/2/21 23:00,0
2021/2/22 0:00,0
2021/2/22 1:00,0
2021/2/22 2:00,0
2021/2/22 3:00,0
2021/2/22 4:00,0
2021/2/22 5:00,0
2021/2/22 6:00,0
2021/2/22 7:00,0.375937134
2021/2/22 8:00,82.29441071
2021/2/22 9:00,292.3633118
2021/2/22 10:00,508.2890625
2021/2/22 11:00,683.6665649
2021/2/22 12:00,798.4493408
2021/2/22 13:00,841.715271
2021/2/22 14:00,809.0266724
2021/2/22 15:00,703.296814
2021/2/22 16:00,534.3461304
2021/2/22 17:00,322.0238037
2021/2/22 18:00,112.2110291
2021/2/22 19:00,4.486711502
2021/2/22 20:00,0
2021/2/22 21:00,0
2021/2/22 22:00,0
2021/2/22 23:00,0
2021/2/23 0:00,0
2021/2/23 1:00,0
2021/2/23 2:00,0
2021/2/23 3:00,0
2021/2/23 4:00,0
2021/2/23 5:00,0
2021/2/23 6:00,0
2021/2/23 7:00,0.463066339
2021/2/23 8:00,82.3032074
2021/2/23 9:00,289.9279785
2021/2/23 10:00,505.3948975
2021/2/23 11:00,681.2320557
2021/2/23 12:00,797.3200684
2021/2/23 13:00,842.5536499
2021/2/23 14:00,811.5896606
2021/2/23 15:00,708.9683228
2021/2/23 16:00,544.1430054
2021/2/23 17:00,333.9356689
2021/2/23 18:00,119.2625504
2021/2/23 19:00,4.948765278
2021/2/23 20:00,0
2021/2/23 21:00,0
2021/2/23 22:00,0
2021/2/23 23:00,0
2021/2/24 0:00,0
2021/2/24 1:00,0
2021/2/24 2:00,0
2021/2/24 3:00,0
2021/2/24 4:00,0
2021/2/24 5:00,0
2021/2/24 6:00,0
2021/2/24 7:00,0.600446761
2021/2/24 8:00,87.14273834
2021/2/24 9:00,297.8345947
2021/2/24 10:00,510.5780029
2021/2/24 11:00,683.059082
2021/2/24 12:00,798.6849365
2021/2/24 13:00,845.845459
2021/2/24 14:00,816.336853
2021/2/24 15:00,712.9150391
2021/2/24 16:00,545.5974121
2021/2/24 17:00,333.7841492
2021/2/24 18:00,120.2062302
2021/2/24 19:00,5.255383015
2021/2/24 20:00,0
2021/2/24 21:00,0
2021/2/24 22:00,0
2021/2/24 23:00,0
2021/2/25 0:00,0
2021/2/25 1:00,0
2021/2/25 2:00,0
2021/2/25 3:00,0
2021/2/25 4:00,0
2021/2/25 5:00,0
2021/2/25 6:00,0
2021/2/25 7:00,0.708215892
2021/2/25 8:00,84.49465942
2021/2/25 9:00,282.4191589
2021/2/25 10:00,480.5322266
2021/2/25 11:00,639.4215698
2021/2/25 12:00,750.7192993
2021/2/25 13:00,803.3865967
2021/2/25 14:00,780.6716919
2021/2/25 15:00,684.2946777
2021/2/25 16:00,524.1393433
2021/2/25 17:00,320.5551453
2021/2/25 18:00,114.6860809
2021/2/25 19:00,5.159991264
2021/2/25 20:00,0
2021/2/25 21:00,0
2021/2/25 22:00,0
2021/2/25 23:00,0
2021/2/26 0:00,0
2021/2/26 1:00,0
2021/2/26 2:00,0
2021/2/26 3:00,0
2021/2/26 4:00,0
2021/2/26 5:00,0
2021/2/26 6:00,0
2021/2/26 7:00,0.791709542
2021/2/26 8:00,76.86328888
2021/2/26 9:00,267.0543823
2021/2/26 10:00,473.6934814
2021/2/26 11:00,645.1186523
2021/2/26 12:00,758.3007202
2021/2/26 13:00,801.303833
2021/2/26 14:00,769.3047485
2021/2/26 15:00,667.5439453
2021/2/26 16:00,506.5132141
2021/2/26 17:00,305.3793335
2021/2/26 18:00,109.2170868
2021/2/26 19:00,5.201440811
2021/2/26 20:00,0
2021/2/26 21:00,0
2021/2/26 22:00,0
2021/2/26 23:00,0
2021/2/27 0:00,0
2021/2/27 1:00,0
2021/2/27 2:00,0
2021/2/27 3:00,0
2021/2/27 4:00,0
2021/2/27 5:00,0
2021/2/27 6:00,0
2021/2/27 7:00,1.004200578
2021/2/27 8:00,86.1989975
2021/2/27 9:00,285.2824402
2021/2/27 10:00,488.1475525
2021/2/27 11:00,651.5604248
2021/2/27 12:00,759.5088501
2021/2/27 13:00,801.4659424
2021/2/27 14:00,768.4862671
2021/2/27 15:00,663.5061646
2021/2/27 16:00,497.6772156
2021/2/27 17:00,294.5008545
2021/2/27 18:00,102.7418594
2021/2/27 19:00,5.025388241
2021/2/27 20:00,0
2021/2/27 21:00,0
2021/2/27 22:00,0
2021/2/27 23:00,0
2021/2/28 0:00,0
2021/2/28 1:00,0
2021/2/28 2:00,0
2021/2/28 3:00,0
2021/2/28 4:00,0
2021/2/28 5:00,0
2021/2/28 6:00,0
2021/2/28 7:00,1.112998486
2021/2/28 8:00,81.4778595
2021/2/28 9:00,278.3871765
2021/2/28 10:00,494.9822388
2021/2/28 11:00,676.6079712
2021/2/28 12:00,795.5884399
2021/2/28 13:00,839.6088867
2021/2/28 14:00,808.0164185
2021/2/28 15:00,704.6999512
2021/2/28 16:00,539.4164429
2021/2/28 17:00,330.3832092
2021/2/28 18:00,120.5618973
2021/2/28 19:00,6.031862736
2021/2/28 20:00,0
2021/2/28 21:00,0
2021/2/28 22:00,0
2021/2/28 23:00,0
2021/3/1 0:00,0
2021/3/1 1:00,0
2021/3/1 2:00,0
2021/3/1 3:00,0
2021/3/1 4:00,0
2021/3/1 5:00,0
2021/3/1 6:00,0
2021/3/1 7:00,1.410076976
2021/3/1 8:00,92.54158783
2021/3/1 9:00,300.4511719
2021/3/1 10:00,515.1294556
2021/3/1 11:00,690.0845947
2021/3/1 12:00,806.4187012
2021/3/1 13:00,853.1398315
2021/3/1 14:00,824.234375
2021/3/1 15:00,719.5130615
2021/3/1 16:00,548.7841797
2021/3/1 17:00,334.6179504
2021/3/1 18:00,121.4358673
2021/3/1 19:00,6.242866993
2021/3/1 20:00,0
2021/3/1 21:00,0
2021/3/1 22:00,0
2021/3/1 23:00,0
2021/3/2 0:00,0
2021/3/2 1:00,0
2021/3/2 2:00,0
2021/3/2 3:00,0
2021/3/2 4:00,0
2021/3/2 5:00,0
2021/3/2 6:00,0
2021/3/2 7:00,1.46140635
2021/3/2 8:00,80.94671631
2021/3/2 9:00,267.2278748
2021/3/2 10:00,472.1248779
2021/3/2 11:00,643.4941406
2021/3/2 12:00,758.1148682
2021/3/2 13:00,803.7575684
2021/3/2 14:00,774.3048706
2021/3/2 15:00,672.0421753
2021/3/2 16:00,507.9321899
2021/3/2 17:00,304.9741821
2021/3/2 18:00,107.8491287
2021/3/2 19:00,5.649122715
2021/3/2 20:00,0
2021/3/2 21:00,0
2021/3/2 22:00,0
2021/3/2 23:00,0
2021/3/3 0:00,0
2021/3/3 1:00,0
2021/3/3 2:00,0
2021/3/3 3:00,0
2021/3/3 4:00,0
2021/3/3 5:00,0
2021/3/3 6:00,0
2021/3/3 7:00,1.672817945
2021/3/3 8:00,83.13616943
2021/3/3 9:00,269.256134
2021/3/3 10:00,468.6574707
2021/3/3 11:00,633.7646484
2021/3/3 12:00,745.8830566
2021/3/3 13:00,792.5732422
2021/3/3 14:00,763.753418
2021/3/3 15:00,661.5032959
2021/3/3 16:00,497.5022583
2021/3/3 17:00,296.6621399
2021/3/3 18:00,106.9524994
2021/3/3 19:00,6.05529213
2021/3/3 20:00,0
2021/3/3 21:00,0
2021/3/3 22:00,0
2021/3/3 23:00,0
2021/3/4 0:00,0
2021/3/4 1:00,0
2021/3/4 2:00,0
2021/3/4 3:00,0
2021/3/4 4:00,0
2021/3/4 5:00,0
2021/3/4 6:00,0
2021/3/4 7:00,1.835195899
2021/3/4 8:00,81.02768707
2021/3/4 9:00,263.1162109
2021/3/4 10:00,463.5292969
2021/3/4 11:00,631.8511353
2021/3/4 12:00,745.9065552
2021/3/4 13:00,793.0179443
2021/3/4 14:00,765.4188232
2021/3/4 15:00,667.8733521
2021/3/4 16:00,510.7955933
2021/3/4 17:00,312.9425964
2021/3/4 18:00,115.3042526
2021/3/4 19:00,6.568344116
2021/3/4 20:00,0
2021/3/4 21:00,0
2021/3/4 22:00,0
2021/3/4 23:00,0
2021/3/5 0:00,0
2021/3/5 1:00,0
2021/3/5 2:00,0
2021/3/5 3:00,0
2021/3/5 4:00,0
2021/3/5 5:00,0
2021/3/5 6:00,0
2021/3/5 7:00,2.259079456
2021/3/5 8:00,92.3418045
2021/3/5 9:00,295.8147278
2021/3/5 10:00,517.3497925
2021/3/5 11:00,702.4857788
2021/3/5 12:00,823.2218628
2021/3/5 13:00,868.4708252
2021/3/5 14:00,838.6419067
2021/3/5 15:00,735.4086304
2021/3/5 16:00,567.963562
2021/3/5 17:00,355.0662842
2021/3/5 18:00,134.719223
2021/3/5 19:00,7.71479845
2021/3/5 20:00,0
2021/3/5 21:00,0
2021/3/5 22:00,0
2021/3/5 23:00,0
2021/3/6 0:00,0
2021/3/6 1:00,0
2021/3/6 2:00,0
2021/3/6 3:00,0
2021/3/6 4:00,0
2021/3/6 5:00,0
2021/3/6 6:00,0
2021/3/6 7:00,2.688635349
2021/3/6 8:00,100.2894669
2021/3/6 9:00,303.8610229
2021/3/6 10:00,508.3196106
2021/3/6 11:00,672.317688
2021/3/6 12:00,781.2276611
2021/3/6 13:00,824.0637207
2021/3/6 14:00,791.7512207
2021/3/6 15:00,691.1605835
2021/3/6 16:00,532.3186035
2021/3/6 17:00,330.5414429
2021/3/6 18:00,124.838028
2021/3/6 19:00,7.498119354
2021/3/6 20:00,0
2021/3/6 21:00,0
2021/3/6 22:00,0
2021/3/6 23:00,0
2021/3/7 0:00,0
2021/3/7 1:00,0
2021/3/7 2:00,0
2021/3/7 3:00,0
2021/3/7 4:00,0
2021/3/7 5:00,0
2021/3/7 6:00,0
2021/3/7 7:00,3.1468153
2021/3/7 8:00,108.316391
2021/3/7 9:00,318.4840698
2021/3/7 10:00,528.0371094
2021/3/7 11:00,696.9998779
2021/3/7 12:00,807.5662842
2021/3/7 13:00,848.1063843
2021/3/7 14:00,812.6762085
2021/3/7 15:00,707.1450806
2021/3/7 16:00,542.0100098
2021/3/7 17:00,334.4253235
2021/3/7 18:00,125.0605621
2021/3/7 19:00,7.588212967
2021/3/7 20:00,0
2021/3/7 21:00,0
2021/3/7 22:00,0
2021/3/7 23:00,0
2021/3/8 0:00,0
2021/3/8 1:00,0
2021/3/8 2:00,0
2021/3/8 3:00,0
2021/3/8 4:00,0
2021/3/8 5:00,0
2021/3/8 6:00,0
2021/3/8 7:00,3.252047777
2021/3/8 8:00,101.0710373
2021/3/8 9:00,306.074707
2021/3/8 10:00,519.2293701
2021/3/8 11:00,693.9520264
2021/3/8 12:00,811.1796265
2021/3/8 13:00,859.5154419
2021/3/8 14:00,831.7190552
2021/3/8 15:00,729.7954712
2021/3/8 16:00,563.579834
2021/3/8 17:00,353.0051575
2021/3/8 18:00,135.2398071
2021/3/8 19:00,8.391633034
2021/3/8 20:00,0
2021/3/8 21:00,0
2021/3/8 22:00,0
2021/3/8 23:00,0
2021/3/9 0:00,0
2021/3/9 1:00,0
2021/3/9 2:00,0
2021/3/9 3:00,0
2021/3/9 4:00,0
2021/3/9 5:00,0
2021/3/9 6:00,0
2021/3/9 7:00,3.405440092
2021/3/9 8:00,95.44243622
2021/3/9 9:00,289.7586365
2021/3/9 10:00,500.5393066
2021/3/9 11:00,676.8604736
2021/3/9 12:00,791.6053467
2021/3/9 13:00,832.3658447
2021/3/9 14:00,797.3831787
2021/3/9 15:00,689.3634644
2021/3/9 16:00,519.727417
2021/3/9 17:00,312.3607178
2021/3/9 18:00,114.134552
2021/3/9 19:00,7.357859135
2021/3/9 20:00,0
2021/3/9 21:00,0
2021/3/9 22:00,0
2021/3/9 23:00,0
2021/3/10 0:00,0
2021/3/10 1:00,0
2021/3/10 2:00,0
2021/3/10 3:00,0
2021/3/10 4:00,0
2021/3/10 5:00,0
2021/3/10 6:00,0
2021/3/10 7:00,3.683392048
2021/3/10 8:00,95.87359619
2021/3/10 9:00,293.7168579
2021/3/10 10:00,513.229187
2021/3/10 11:00,699.6116333
2021/3/10 12:00,821.2775879
2021/3/10 13:00,865.4690552
2021/3/10 14:00,833.4458618
2021/3/10 15:00,727.9472046
2021/3/10 16:00,559.0679321
2021/3/10 17:00,346.8357239
2021/3/10 18:00,132.4376221
2021/3/10 19:00,8.743162155
2021/3/10 20:00,0
2021/3/10 21:00,0
2021/3/10 22:00,0
2021/3/10 23:00,0
2021/3/11 0:00,0
2021/3/11 1:00,0
2021/3/11 2:00,0
2021/3/11 3:00,0
2021/3/11 4:00,0
2021/3/11 5:00,0
2021/3/11 6:00,0
2021/3/11 7:00,4.615617752
2021/3/11 8:00,112.4705505
2021/3/11 9:00,325.3266907
2021/3/11 10:00,544.6553345
2021/3/11 11:00,724.0084229
2021/3/11 12:00,837.34375
2021/3/11 13:00,874.3032227
2021/3/11 14:00,835.2036743
2021/3/11 15:00,723.413269
2021/3/11 16:00,549.6992188
2021/3/11 17:00,335.414978
2021/3/11 18:00,126.2755585
2021/3/11 19:00,8.55356884
2021/3/11 20:00,0
2021/3/11 21:00,0
2021/3/11 22:00,0
2021/3/11 23:00,0
2021/3/12 0:00,0
2021/3/12 1:00,0
2021/3/12 2:00,0
2021/3/12 3:00,0
2021/3/12 4:00,0
2021/3/12 5:00,0
2021/3/12 6:00,0
2021/3/12 7:00,4.879622459
2021/3/12 8:00,108.1036911
2021/3/12 9:00,308.3780212
2021/3/12 10:00,516.130127
2021/3/12 11:00,686.2785034
2021/3/12 12:00,796.505249
2021/3/12 13:00,835.0949097
2021/3/12 14:00,797.6159058
2021/3/12 15:00,687.7265625
2021/3/12 16:00,517.0490112
2021/3/12 17:00,309.7572937
2021/3/12 18:00,115.3723145
2021/3/12 19:00,8.219723701
2021/3/12 20:00,0
2021/3/12 21:00,0
2021/3/12 22:00,0
2021/3/12 23:00,0
2021/3/13 0:00,0
2021/3/13 1:00,0
2021/3/13 2:00,0
2021/3/13 3:00,0
2021/3/13 4:00,0
2021/3/13 5:00,0
2021/3/13 6:00,0
2021/3/13 7:00,5.447795868
2021/3/13 8:00,113.4462891
2021/3/13 9:00,315.0862122
2021/3/13 10:00,514.2490845
2021/3/13 11:00,674.2615967
2021/3/13 12:00,782.8865967
2021/3/13 13:00,827.3460693
2021/3/13 14:00,795.5740356
2021/3/13 15:00,690.8587646
2021/3/13 16:00,524.5737305
2021/3/13 17:00,320.0218201
2021/3/13 18:00,121.8164139
2021/3/13 19:00,8.822740555
2021/3/13 20:00,0
2021/3/13 21:00,0
2021/3/13 22:00,0
2021/3/13 23:00,0
2021/3/14 0:00,0
2021/3/14 1:00,0
2021/3/14 2:00,0
2021/3/14 3:00,0
2021/3/14 4:00,0
2021/3/14 5:00,0
2021/3/14 6:00,0
2021/3/14 7:00,5.830964565
2021/3/14 8:00,113.4368896
2021/3/14 9:00,314.1258545
2021/3/14 10:00,516.2753296
2021/3/14 11:00,679.8813477
2021/3/14 12:00,791.111084
2021/3/14 13:00,838.0119019
2021/3/14 14:00,808.463623
2021/3/14 15:00,707.4121094
2021/3/14 16:00,545.6659546
2021/3/14 17:00,341.7224426
2021/3/14 18:00,133.8123627
2021/3/14 19:00,9.750231743
2021/3/14 20:00,0
2021/3/14 21:00,0
2021/3/14 22:00,0
2021/3/14 23:00,0
2021/3/15 0:00,0
2021/3/15 1:00,0
2021/3/15 2:00,0
2021/3/15 3:00,0
2021/3/15 4:00,0
2021/3/15 5:00,0
2021/3/15 6:00,0
2021/3/15 7:00,6.79776907
2021/3/15 8:00,124.4593964
2021/3/15 9:00,340.7907104
2021/3/15 10:00,559.9398193
2021/3/15 11:00,737.4602051
2021/3/15 12:00,851.5840454
2021/3/15 13:00,891.8972778
2021/3/15 14:00,855.5766602
2021/3/15 15:00,740.9176636
2021/3/15 16:00,559.4671631
2021/3/15 17:00,339.1801453
2021/3/15 18:00,128.7883453
2021/3/15 19:00,9.547510147
2021/3/15 20:00,0
2021/3/15 21:00,0
2021/3/15 22:00,0
2021/3/15 23:00,0
2021/3/16 0:00,0
2021/3/16 1:00,0
2021/3/16 2:00,0
2021/3/16 3:00,0
2021/3/16 4:00,0
2021/3/16 5:00,0
2021/3/16 6:00,0
2021/3/16 7:00,6.838803291
2021/3/16 8:00,116.3498383
2021/3/16 9:00,319.6550903
2021/3/16 10:00,531.2982178
2021/3/16 11:00,704.9354858
2021/3/16 12:00,815.5571289
2021/3/16 13:00,851.7844238
2021/3/16 14:00,812.1581421
2021/3/16 15:00,701.6356201
2021/3/16 16:00,531.5744019
2021/3/16 17:00,323.4445801
2021/3/16 18:00,123.0280228
2021/3/16 19:00,9.344057083
2021/3/16 20:00,0
2021/3/16 21:00,0
2021/3/16 22:00,0
2021/3/16 23:00,0
2021/3/17 0:00,0
2021/3/17 1:00,0
2021/3/17 2:00,0
2021/3/17 3:00,0
2021/3/17 4:00,0
2021/3/17 5:00,0
2021/3/17 6:00,0
2021/3/17 7:00,8.475237846
2021/3/17 8:00,139.2777252
2021/3/17 9:00,359.4639893
2021/3/17 10:00,568.9732666
2021/3/17 11:00,735.4906616
2021/3/17 12:00,845.3891602
2021/3/17 13:00,888.5246582
2021/3/17 14:00,855.0789185
2021/3/17 15:00,748.5692749
2021/3/17 16:00,579.0480957
2021/3/17 17:00,365.1859741
2021/3/17 18:00,145.2038269
2021/3/17 19:00,11.17568779
2021/3/17 20:00,0
2021/3/17 21:00,0
2021/3/17 22:00,0
2021/3/17 23:00,0
2021/3/18 0:00,0
2021/3/18 1:00,0
2021/3/18 2:00,0
2021/3/18 3:00,0
2021/3/18 4:00,0
2021/3/18 5:00,0
2021/3/18 6:00,0
2021/3/18 7:00,8.721096039
2021/3/18 8:00,132.2246857
2021/3/18 9:00,344.2463379
2021/3/18 10:00,552.0823364
2021/3/18 11:00,717.732666
2021/3/18 12:00,827.6294556
2021/3/18 13:00,871.2461548
2021/3/18 14:00,838.7630005
2021/3/18 15:00,733.9154663
2021/3/18 16:00,566.7454834
2021/3/18 17:00,356.2745361
2021/3/18 18:00,141.2926178
2021/3/18 19:00,11.10191727
2021/3/18 20:00,0
2021/3/18 21:00,0
2021/3/18 22:00,0
2021/3/18 23:00,0
2021/3/19 0:00,0
2021/3/19 1:00,0
2021/3/19 2:00,0
2021/3/19 3:00,0
2021/3/19 4:00,0
2021/3/19 5:00,0
2021/3/19 6:00,0
2021/3/19 7:00,9.033777237
2021/3/19 8:00,130.8977814
2021/3/19 9:00,341.0240173
2021/3/19 10:00,548.6533813
2021/3/19 11:00,715.0386963
2021/3/19 12:00,822.8833618
2021/3/19 13:00,861.3206787
2021/3/19 14:00,823.7473755
2021/3/19 15:00,714.7852783
2021/3/19 16:00,545.5653687
2021/3/19 17:00,336.6991272
2021/3/19 18:00,131.6970062
2021/3/19 19:00,10.63043976
2021/3/19 20:00,0
2021/3/19 21:00,0
2021/3/19 22:00,0
2021/3/19 23:00,0
2021/3/20 0:00,0
2021/3/20 1:00,0
2021/3/20 2:00,0
2021/3/20 3:00,0
2021/3/20 4:00,0
2021/3/20 5:00,0
2021/3/20 6:00,0
2021/3/20 7:00,9.884379387
2021/3/20 8:00,136.6377106
2021/3/20 9:00,349.1711731
2021/3/20 10:00,552.8603516
2021/3/20 11:00,713.5986938
2021/3/20 12:00,816.9087524
2021/3/20 13:00,852.2297974
2021/3/20 14:00,811.6158447
2021/3/20 15:00,701.439209
2021/3/20 16:00,533.2028198
2021/3/20 17:00,327.0183105
2021/3/20 18:00,126.9001846
2021/3/20 19:00,10.44676113
2021/3/20 20:00,0
2021/3/20 21:00,0
2021/3/20 22:00,0
2021/3/20 23:00,0
2021/3/21 0:00,0
2021/3/21 1:00,0
2021/3/21 2:00,0
2021/3/21 3:00,0
2021/3/21 4:00,0
2021/3/21 5:00,0
2021/3/21 6:00,0
2021/3/21 7:00,9.235239983
2021/3/21 8:00,116.6563263
2021/3/21 9:00,303.3847961
2021/3/21 10:00,494.9730835
2021/3/21 11:00,649.4946289
2021/3/21 12:00,756.9770508
2021/3/21 13:00,805.9542847
2021/3/21 14:00,779.8731079
2021/3/21 15:00,681.5806885
2021/3/21 16:00,522.5950317
2021/3/21 17:00,326.3649292
2021/3/21 18:00,129.8257446
2021/3/21 19:00,10.93296909
2021/3/21 20:00,0
2021/3/21 21:00,0
2021/3/21 22:00,0
2021/3/21 23:00,0
2021/3/22 0:00,0
2021/3/22 1:00,0
2021/3/22 2:00,0
2021/3/22 3:00,0
2021/3/22 4:00,0
2021/3/22 5:00,0
2021/3/22 6:00,0
2021/3/22 7:00,10.27576065
2021/3/22 8:00,127.9030151
2021/3/22 9:00,334.1420898
2021/3/22 10:00,549.7874756
2021/3/22 11:00,727.6977539
2021/3/22 12:00,839.6337891
2021/3/22 13:00,874.2838135
2021/3/22 14:00,833.7706299
2021/3/22 15:00,722.2198486
2021/3/22 16:00,550.3742065
2021/3/22 17:00,339.1526794
2021/3/22 18:00,132.3131866
2021/3/22 19:00,11.09170723
2021/3/22 20:00,0
2021/3/22 21:00,0
2021/3/22 22:00,0
2021/3/22 23:00,0
2021/3/23 0:00,0
2021/3/23 1:00,0
2021/3/23 2:00,0
2021/3/23 3:00,0
2021/3/23 4:00,0
2021/3/23 5:00,0
2021/3/23 6:00,0
2021/3/23 7:00,10.51277542
2021/3/23 8:00,122.0864105
2021/3/23 9:00,314.4187012
2021/3/23 10:00,513.1918335
2021/3/23 11:00,675.5326538
2021/3/23 12:00,778.5488281
2021/3/23 13:00,810.7540283
2021/3/23 14:00,768.1184082
2021/3/23 15:00,659.3439331
2021/3/23 16:00,496.7449646
2021/3/23 17:00,300.4646912
2021/3/23 18:00,116.47509
2021/3/23 19:00,10.33188057
2021/3/23 20:00,0
2021/3/23 21:00,0
2021/3/23 22:00,0
2021/3/23 23:00,0
2021/3/24 0:00,0
2021/3/24 1:00,0
2021/3/24 2:00,0
2021/3/24 3:00,0
2021/3/24 4:00,0
2021/3/24 5:00,0
2021/3/24 6:00,0
2021/3/24 7:00,13.11278439
2021/3/24 8:00,148.9415131
2021/3/24 9:00,366.6055603
2021/3/24 10:00,575.491333
2021/3/24 11:00,740.9795532
2021/3/24 12:00,851.0479126
2021/3/24 13:00,895.4490967
2021/3/24 14:00,863.7849121
2021/3/24 15:00,754.9414673
2021/3/24 16:00,579.3948975
2021/3/24 17:00,362.141449
2021/3/24 18:00,144.8621368
2021/3/24 19:00,12.57534504
2021/3/24 20:00,0
2021/3/24 21:00,0
2021/3/24 22:00,0
2021/3/24 23:00,0
2021/3/25 0:00,0
2021/3/25 1:00,0
2021/3/25 2:00,0
2021/3/25 3:00,0
2021/3/25 4:00,0
2021/3/25 5:00,0
2021/3/25 6:00,0
2021/3/25 7:00,12.73741436
2021/3/25 8:00,136.8535461
2021/3/25 9:00,352.6092834
2021/3/25 10:00,583.9351807
2021/3/25 11:00,777.6569214
2021/3/25 12:00,898.6087036
2021/3/25 13:00,935.1525269
2021/3/25 14:00,894.6777954
2021/3/25 15:00,780.0828247
2021/3/25 16:00,601.7171021
2021/3/25 17:00,379.7671814
2021/3/25 18:00,153.9207458
2021/3/25 19:00,13.54115868
2021/3/25 20:00,0
2021/3/25 21:00,0
2021/3/25 22:00,0
2021/3/25 23:00,0
2021/3/26 0:00,0
2021/3/26 1:00,0
2021/3/26 2:00,0
2021/3/26 3:00,0
2021/3/26 4:00,0
2021/3/26 5:00,0
2021/3/26 6:00,0
2021/3/26 7:00,15.68752575
2021/3/26 8:00,161.855957
2021/3/26 9:00,386.5768433
2021/3/26 10:00,600.269043
2021/3/26 11:00,768.7907715
2021/3/26 12:00,874.0134277
2021/3/26 13:00,906.0787964
2021/3/26 14:00,861.9174805
2021/3/26 15:00,745.4382935
2021/3/26 16:00,567.8834229
2021/3/26 17:00,351.1046753
2021/3/26 18:00,138.3942566
2021/3/26 19:00,12.32227707
2021/3/26 20:00,0
2021/3/26 21:00,0
2021/3/26 22:00,0
2021/3/26 23:00,0
2021/3/27 0:00,0
2021/3/27 1:00,0
2021/3/27 2:00,0
2021/3/27 3:00,0
2021/3/27 4:00,0
2021/3/27 5:00,0
2021/3/27 6:00,0
2021/3/27 7:00,14.86677361
2021/3/27 8:00,144.5128937
2021/3/27 9:00,341.7428589
2021/3/27 10:00,527.9370117
2021/3/27 11:00,674.6652832
2021/3/27 12:00,772.3391113
2021/3/27 13:00,811.2099609
2021/3/27 14:00,775.5127563
2021/3/27 15:00,674.3545532
2021/3/27 16:00,518.4580688
2021/3/27 17:00,325.3262329
2021/3/27 18:00,132.8311615
2021/3/27 19:00,12.53054333
2021/3/27 20:00,0
2021/3/27 21:00,0
2021/3/27 22:00,0
2021/3/27 23:00,0
2021/3/28 0:00,0
2021/3/28 1:00,0
2021/3/28 2:00,0
2021/3/28 3:00,0
2021/3/28 4:00,0
2021/3/28 5:00,0
2021/3/28 6:00,0
2021/3/28 7:00,14.35655403
2021/3/28 8:00,132.9258881
2021/3/28 9:00,334.2255249
2021/3/28 10:00,551.8141479
2021/3/28 11:00,732.7890625
2021/3/28 12:00,846.5574341
2021/3/28 13:00,882.2704468
2021/3/28 14:00,843.1254883
2021/3/28 15:00,733.0491333
2021/3/28 16:00,562.9186401
2021/3/28 17:00,352.7090454
2021/3/28 18:00,142.5078735
2021/3/28 19:00,13.21180153
2021/3/28 20:00,0
2021/3/28 21:00,0
2021/3/28 22:00,0
2021/3/28 23:00,0
2021/3/29 0:00,0
2021/3/29 1:00,0
2021/3/29 2:00,0
2021/3/29 3:00,0
2021/3/29 4:00,0
2021/3/29 5:00,0
2021/3/29 6:00,0
2021/3/29 7:00,14.15889835
2021/3/29 8:00,127.116806
2021/3/29 9:00,314.8734436
2021/3/29 10:00,510.8701782
2021/3/29 11:00,672.114624
2021/3/29 12:00,776.7745361
2021/3/29 13:00,812.8659668
2021/3/29 14:00,775.0680542
2021/3/29 15:00,668.3702393
2021/3/29 16:00,504.8105469
2021/3/29 17:00,307.1517944
2021/3/29 18:00,120.0650558
2021/3/29 19:00,11.51548862
2021/3/29 20:00,0
2021/3/29 21:00,0
2021/3/29 22:00,0
2021/3/29 23:00,0
2021/3/30 0:00,0
2021/3/30 1:00,0
2021/3/30 2:00,0
2021/3/30 3:00,0
2021/3/30 4:00,0
2021/3/30 5:00,0
2021/3/30 6:00,0
2021/3/30 7:00,15.87754059
2021/3/30 8:00,137.3191223
2021/3/30 9:00,338.269043
2021/3/30 10:00,551.5679321
2021/3/30 11:00,728.3028564
2021/3/30 12:00,843.4987183
2021/3/30 13:00,885.7929688
2021/3/30 14:00,853.173584
2021/3/30 15:00,746.1087646
2021/3/30 16:00,575.0917969
2021/3/30 17:00,362.9642029
2021/3/30 18:00,147.4478149
2021/3/30 19:00,13.88194084
2021/3/30 20:00,0
2021/3/30 21:00,0
2021/3/30 22:00,0
2021/3/30 23:00,0
2021/3/31 0:00,0
2021/3/31 1:00,0
2021/3/31 2:00,0
2021/3/31 3:00,0
2021/3/31 4:00,0
2021/3/31 5:00,0
2021/3/31 6:00,0
2021/3/31 7:00,18.64807701
2021/3/31 8:00,160.3837585
2021/3/31 9:00,376.0432739
2021/3/31 10:00,584.3557739
2021/3/31 11:00,750.2423096
2021/3/31 12:00,857.6572266
2021/3/31 13:00,896.552063
2021/3/31 14:00,860.7366943
2021/3/31 15:00,752.9847412
2021/3/31 16:00,583.4168701
2021/3/31 17:00,371.3807983
2021/3/31 18:00,153.4565887
2021/3/31 19:00,14.79560566
2021/3/31 20:00,0
2021/3/31 21:00,0
2021/3/31 22:00,0
2021/3/31 23:00,0
2021/4/1 0:00,0
2021/4/1 1:00,0
2021/4/1 2:00,0
2021/4/1 3:00,0
2021/4/1 4:00,0
2021/4/1 5:00,0
2021/4/1 6:00,0
2021/4/1 7:00,20.1993351
2021/4/1 8:00,162.8271179
2021/4/1 9:00,374.0758057
2021/4/1 10:00,581.3000488
2021/4/1 11:00,746.5679932
2021/4/1 12:00,850.6147461
2021/4/1 13:00,883.2762451
2021/4/1 14:00,841.2896118
2021/4/1 15:00,729.1949463
2021/4/1 16:00,557.9094849
2021/4/1 17:00,347.9205627
2021/4/1 18:00,140.9965973
2021/4/1 19:00,13.92050648
2021/4/1 20:00,0
2021/4/1 21:00,0
2021/4/1 22:00,0
2021/4/1 23:00,0
2021/4/2 0:00,0
2021/4/2 1:00,0
2021/4/2 2:00,0
2021/4/2 3:00,0
2021/4/2 4:00,0
2021/4/2 5:00,0
2021/4/2 6:00,0
2021/4/2 7:00,21.22945595
2021/4/2 8:00,168.2047577
2021/4/2 9:00,380.2773438
2021/4/2 10:00,577.0587158
2021/4/2 11:00,730.2800903
2021/4/2 12:00,829.1765747
2021/4/2 13:00,863.5767822
2021/4/2 14:00,823.3321533
2021/4/2 15:00,714.6094971
2021/4/2 16:00,548.5232544
2021/4/2 17:00,344.1048584
2021/4/2 18:00,140.3206024
2021/4/2 19:00,14.03230572
2021/4/2 20:00,0
2021/4/2 21:00,0
2021/4/2 22:00,0
2021/4/2 23:00,0
2021/4/3 0:00,0
2021/4/3 1:00,0
2021/4/3 2:00,0
2021/4/3 3:00,0
2021/4/3 4:00,0
2021/4/3 5:00,0
2021/4/3 6:00,0
2021/4/3 7:00,21.34909821
2021/4/3 8:00,162.2494812
2021/4/3 9:00,367.8007202
2021/4/3 10:00,562.3723755
2021/4/3 11:00,714.7177124
2021/4/3 12:00,813.767334
2021/4/3 13:00,849.1122437
2021/4/3 14:00,809.8768311
2021/4/3 15:00,701.7487183
2021/4/3 16:00,536.4650269
2021/4/3 17:00,334.4439392
2021/4/3 18:00,135.4034729
2021/4/3 19:00,13.77759361
2021/4/3 20:00,0
2021/4/3 21:00,0
2021/4/3 22:00,0
2021/4/3 23:00,0
2021/4/4 0:00,0
2021/4/4 1:00,0
2021/4/4 2:00,0
2021/4/4 3:00,0
2021/4/4 4:00,0
2021/4/4 5:00,0
2021/4/4 6:00,0
2021/4/4 7:00,19.03722572
2021/4/4 8:00,139.1397095
2021/4/4 9:00,330.2920837
2021/4/4 10:00,529.6446533
2021/4/4 11:00,694.8044434
2021/4/4 12:00,804.300293
2021/4/4 13:00,846.0177002
2021/4/4 14:00,813.5388184
2021/4/4 15:00,706.6051025
2021/4/4 16:00,536.8700562
2021/4/4 17:00,331.4550781
2021/4/4 18:00,133.4186859
2021/4/4 19:00,13.9542942
2021/4/4 20:00,0
2021/4/4 21:00,0
2021/4/4 22:00,0
2021/4/4 23:00,0
2021/4/5 0:00,0
2021/4/5 1:00,0
2021/4/5 2:00,0
2021/4/5 3:00,0
2021/4/5 4:00,0
2021/4/5 5:00,0
2021/4/5 6:00,0
2021/4/5 7:00,18.9574604
2021/4/5 8:00,132.7522736
2021/4/5 9:00,324.7950745
2021/4/5 10:00,547.9672852
2021/4/5 11:00,747.8287354
2021/4/5 12:00,869.8734741
2021/4/5 13:00,899.5848999
2021/4/5 14:00,854.9248047
2021/4/5 15:00,741.2091675
2021/4/5 16:00,569.2703857
2021/4/5 17:00,358.2500916
2021/4/5 18:00,147.838623
2021/4/5 19:00,15.47622013
2021/4/5 20:00,0
2021/4/5 21:00,0
2021/4/5 22:00,0
2021/4/5 23:00,0
2021/4/6 0:00,0
2021/4/6 1:00,0
2021/4/6 2:00,0
2021/4/6 3:00,0
2021/4/6 4:00,0
2021/4/6 5:00,0
2021/4/6 6:00,0
2021/4/6 7:00,25.43383026
2021/4/6 8:00,173.2956696
2021/4/6 9:00,384.7550964
2021/4/6 10:00,590.6853027
2021/4/6 11:00,754.3929443
2021/4/6 12:00,855.9453735
2021/4/6 13:00,885.3347168
2021/4/6 14:00,840.1661377
2021/4/6 15:00,724.322937
2021/4/6 16:00,549.4794312
2021/4/6 17:00,338.8476868
2021/4/6 18:00,136.0516968
2021/4/6 19:00,14.3863163
2021/4/6 20:00,0
2021/4/6 21:00,0
2021/4/6 22:00,0
2021/4/6 23:00,0
2021/4/7 0:00,0
2021/4/7 1:00,0
2021/4/7 2:00,0
2021/4/7 3:00,0
2021/4/7 4:00,0
2021/4/7 5:00,0
2021/4/7 6:00,0
2021/4/7 7:00,24.05471802
2021/4/7 8:00,160.9130859
2021/4/7 9:00,374.109314
2021/4/7 10:00,595.854248
2021/4/7 11:00,778.0743408
2021/4/7 12:00,890.4526978
2021/4/7 13:00,922.7940063
2021/4/7 14:00,880.3439941
2021/4/7 15:00,765.6383057
2021/4/7 16:00,589.3942871
2021/4/7 17:00,373.0172119
2021/4/7 18:00,156.0119629
2021/4/7 19:00,16.76453781
2021/4/7 20:00,0
2021/4/7 21:00,0
2021/4/7 22:00,0
2021/4/7 23:00,0
2021/4/8 0:00,0
2021/4/8 1:00,0
2021/4/8 2:00,0
2021/4/8 3:00,0
2021/4/8 4:00,0
2021/4/8 5:00,0
2021/4/8 6:00,0
2021/4/8 7:00,29.00367737
2021/4/8 8:00,187.0016479
2021/4/8 9:00,408.3877869
2021/4/8 10:00,623.3919678
2021/4/8 11:00,794.5021362
2021/4/8 12:00,901.2034302
2021/4/8 13:00,934.2084961
2021/4/8 14:00,893.003479
2021/4/8 15:00,780.9173584
2021/4/8 16:00,608.1600342
2021/4/8 17:00,393.0218201
2021/4/8 18:00,168.3547211
2021/4/8 19:00,18.20108032
2021/4/8 20:00,0
2021/4/8 21:00,0
2021/4/8 22:00,0
2021/4/8 23:00,0
2021/4/9 0:00,0
2021/4/9 1:00,0
2021/4/9 2:00,0
2021/4/9 3:00,0
2021/4/9 4:00,0
2021/4/9 5:00,0
2021/4/9 6:00,0
2021/4/9 7:00,32.77373505
2021/4/9 8:00,207.4308929
2021/4/9 9:00,436.5605469
2021/4/9 10:00,646.2310791
2021/4/9 11:00,809.8158569
2021/4/9 12:00,909.8699951
2021/4/9 13:00,937.5255737
2021/4/9 14:00,890.8797607
2021/4/9 15:00,774.1318359
2021/4/9 16:00,597.715332
2021/4/9 17:00,380.5618896
2021/4/9 18:00,161.5621948
2021/4/9 19:00,17.99614906
2021/4/9 20:00,0
2021/4/9 21:00,0
2021/4/9 22:00,0
2021/4/9 23:00,0
2021/4/10 0:00,0
2021/4/10 1:00,0
2021/4/10 2:00,0
2021/4/10 3:00,0
2021/4/10 4:00,0
2021/4/10 5:00,0
2021/4/10 6:00,0
2021/4/10 7:00,33.31615448
2021/4/10 8:00,204.2192841
2021/4/10 9:00,434.3158875
2021/4/10 10:00,650.5210571
2021/4/10 11:00,820.2096558
2021/4/10 12:00,924.9955444
2021/4/10 13:00,956.2116089
2021/4/10 14:00,913.0827637
2021/4/10 15:00,799.5124512
2021/4/10 16:00,625.3157349
2021/4/10 17:00,407.5741272
2021/4/10 18:00,178.7008362
2021/4/10 19:00,20.21075821
2021/4/10 20:00,0
2021/4/10 21:00,0
2021/4/10 22:00,0
2021/4/10 23:00,0
2021/4/11 0:00,0
2021/4/11 1:00,0
2021/4/11 2:00,0
2021/4/11 3:00,0
2021/4/11 4:00,0
2021/4/11 5:00,0
2021/4/11 6:00,0
2021/4/11 7:00,37.38254929
2021/4/11 8:00,219.3421478
2021/4/11 9:00,449.247406
2021/4/11 10:00,656.913269
2021/4/11 11:00,817.1392822
2021/4/11 12:00,917.0395508
2021/4/11 13:00,947.9032593
2021/4/11 14:00,904.3326416
2021/4/11 15:00,790.8004761
2021/4/11 16:00,617.3237915
2021/4/11 17:00,401.0560608
2021/4/11 18:00,175.5879517
2021/4/11 19:00,20.22708511
2021/4/11 20:00,0
2021/4/11 21:00,0
2021/4/11 22:00,0
2021/4/11 23:00,0
2021/4/12 0:00,0
2021/4/12 1:00,0
2021/4/12 2:00,0
2021/4/12 3:00,0
2021/4/12 4:00,0
2021/4/12 5:00,0
2021/4/12 6:00,0
2021/4/12 7:00,40.43262482
2021/4/12 8:00,227.6994629
2021/4/12 9:00,456.3340759
2021/4/12 10:00,661.2941284
2021/4/12 11:00,818.5842896
2021/4/12 12:00,915.6686401
2021/4/12 13:00,944.0840454
2021/4/12 14:00,898.8284912
2021/4/12 15:00,784.937561
2021/4/12 16:00,612.4005127
2021/4/12 17:00,397.572876
2021/4/12 18:00,173.5533447
2021/4/12 19:00,20.08070183
2021/4/12 20:00,0
2021/4/12 21:00,0
2021/4/12 22:00,0
2021/4/12 23:00,0
2021/4/13 0:00,0
2021/4/13 1:00,0
2021/4/13 2:00,0
2021/4/13 3:00,0
2021/4/13 4:00,0
2021/4/13 5:00,0
2021/4/13 6:00,0
2021/4/13 7:00,35.65523529
2021/4/13 8:00,201.2870026
2021/4/13 9:00,421.5007629
2021/4/13 10:00,629.7445068
2021/4/13 11:00,793.2905273
2021/4/13 12:00,891.053772
2021/4/13 13:00,914.0687256
2021/4/13 14:00,863.730835
2021/4/13 15:00,747.7245483
2021/4/13 16:00,576.7990723
2021/4/13 17:00,367.0699158
2021/4/13 18:00,155.9331818
2021/4/13 19:00,18.17838287
2021/4/13 20:00,0
2021/4/13 21:00,0
2021/4/13 22:00,0
2021/4/13 23:00,0
2021/4/14 0:00,0
2021/4/14 1:00,0
2021/4/14 2:00,0
2021/4/14 3:00,0
2021/4/14 4:00,0
2021/4/14 5:00,0
2021/4/14 6:00,0
2021/4/14 7:00,41.16276932
2021/4/14 8:00,225.7980194
2021/4/14 9:00,452.0632629
2021/4/14 10:00,652.2647095
2021/4/14 11:00,806.3145752
2021/4/14 12:00,901.8468018
2021/4/14 13:00,930.0552979
2021/4/14 14:00,884.6400757
2021/4/14 15:00,769.6268921
2021/4/14 16:00,595.5223389
2021/4/14 17:00,381.3917542
2021/4/14 18:00,163.5384827
2021/4/14 19:00,19.37617493
2021/4/14 20:00,0
2021/4/14 21:00,0
2021/4/14 22:00,0
2021/4/14 23:00,0
2021/4/15 0:00,0
2021/4/15 1:00,0
2021/4/15 2:00,0
2021/4/15 3:00,0
2021/4/15 4:00,0
2021/4/15 5:00,0
2021/4/15 6:00,0
2021/4/15 7:00,40.62844086
2021/4/15 8:00,217.4034882
2021/4/15 9:00,441.2704773
2021/4/15 10:00,645.7681274
2021/4/15 11:00,803.621521
2021/4/15 12:00,901.7047729
2021/4/15 13:00,931.5299072
2021/4/15 14:00,888.3562012
2021/4/15 15:00,777.2625122
2021/4/15 16:00,608.4568481
2021/4/15 17:00,398.0758057
2021/4/15 18:00,176.5986786
2021/4/15 19:00,21.37022781
2021/4/15 20:00,0
2021/4/15 21:00,0
2021/4/15 22:00,0
2021/4/15 23:00,0
2021/4/16 0:00,0
2021/4/16 1:00,0
2021/4/16 2:00,0
2021/4/16 3:00,0
2021/4/16 4:00,0
2021/4/16 5:00,0
2021/4/16 6:00,0
2021/4/16 7:00,41.72063828
2021/4/16 8:00,217.9490509
2021/4/16 9:00,440.5717163
2021/4/16 10:00,645.4138794
2021/4/16 11:00,804.1055298
2021/4/16 12:00,897.9724121
2021/4/16 13:00,918.5668945
2021/4/16 14:00,866.6189575
2021/4/16 15:00,749.2486572
2021/4/16 16:00,577.2122803
2021/4/16 17:00,367.2806396
2021/4/16 18:00,156.8800964
2021/4/16 19:00,19.01418686
2021/4/16 20:00,0
2021/4/16 21:00,0
2021/4/16 22:00,0
2021/4/16 23:00,0
2021/4/17 0:00,0
2021/4/17 1:00,0
2021/4/17 2:00,0
2021/4/17 3:00,0
2021/4/17 4:00,0
2021/4/17 5:00,0
2021/4/17 6:00,0
2021/4/17 7:00,43.9030838
2021/4/17 8:00,222.887085
2021/4/17 9:00,442.2644043
2021/4/17 10:00,640.5529785
2021/4/17 11:00,792.8862915
2021/4/17 12:00,888.6387939
2021/4/17 13:00,919.1662598
2021/4/17 14:00,877.0362549
2021/4/17 15:00,764.8510742
2021/4/17 16:00,592.8561401
2021/4/17 17:00,381.0918884
2021/4/17 18:00,165.619339
2021/4/17 19:00,20.63505363
2021/4/17 20:00,0
2021/4/17 21:00,0
2021/4/17 22:00,0
2021/4/17 23:00,0
2021/4/18 0:00,0
2021/4/18 1:00,0
2021/4/18 2:00,0
2021/4/18 3:00,0
2021/4/18 4:00,0
2021/4/18 5:00,0
2021/4/18 6:00,0
2021/4/18 7:00,45.14494324
2021/4/18 8:00,225.7293549
2021/4/18 9:00,448.268219
2021/4/18 10:00,646.3198853
2021/4/18 11:00,797.3075562
2021/4/18 12:00,889.8937378
2021/4/18 13:00,915.5797729
2021/4/18 14:00,868.1720581
2021/4/18 15:00,754.9561157
2021/4/18 16:00,586.6903687
2021/4/18 17:00,379.1705933
2021/4/18 18:00,166.7902985
2021/4/18 19:00,21.32118797
2021/4/18 20:00,0
2021/4/18 21:00,0
2021/4/18 22:00,0
2021/4/18 23:00,0
2021/4/19 0:00,0
2021/4/19 1:00,0
2021/4/19 2:00,0
2021/4/19 3:00,0
2021/4/19 4:00,0
2021/4/19 5:00,0
2021/4/19 6:00,0
2021/4/19 7:00,46.96722031
2021/4/19 8:00,230.0243073
2021/4/19 9:00,457.4298401
2021/4/19 10:00,664.5679321
2021/4/19 11:00,824.9117432
2021/4/19 12:00,924.0129395
2021/4/19 13:00,953.5613403
2021/4/19 14:00,910.3499146
2021/4/19 15:00,797.4100342
2021/4/19 16:00,624.4776001
2021/4/19 17:00,409.3608704
2021/4/19 18:00,183.3232117
2021/4/19 19:00,23.51750374
2021/4/19 20:00,0
2021/4/19 21:00,0
2021/4/19 22:00,0
2021/4/19 23:00,0
2021/4/20 0:00,0
2021/4/20 1:00,0
2021/4/20 2:00,0
2021/4/20 3:00,0
2021/4/20 4:00,0
2021/4/20 5:00,0
2021/4/20 6:00,0
2021/4/20 7:00,52.23460388
2021/4/20 8:00,244.4985046
2021/4/20 9:00,474.3754272
2021/4/20 10:00,681.9586792
2021/4/20 11:00,841.9277954
2021/4/20 12:00,939.6749268
2021/4/20 13:00,967.0114136
2021/4/20 14:00,921.2930908
2021/4/20 15:00,806.7312622
2021/4/20 16:00,632.9264526
2021/4/20 17:00,416.1929016
2021/4/20 18:00,188.7102051
2021/4/20 19:00,25.05418015
2021/4/20 20:00,0
2021/4/20 21:00,0
2021/4/20 22:00,0
2021/4/20 23:00,0
2021/4/21 0:00,0
2021/4/21 1:00,0
2021/4/21 2:00,0
2021/4/21 3:00,0
2021/4/21 4:00,0
2021/4/21 5:00,0
2021/4/21 6:00,0
2021/4/21 7:00,53.65249634
2021/4/21 8:00,244.803299
2021/4/21 9:00,476.8134766
2021/4/21 10:00,690.3024902
2021/4/21 11:00,855.4812622
2021/4/21 12:00,954.8488159
2021/4/21 13:00,980.5869141
2021/4/21 14:00,933.0897827
2021/4/21 15:00,815.932312
2021/4/21 16:00,638.6367798
2021/4/21 17:00,418.4560547
2021/4/21 18:00,188.7418823
2021/4/21 19:00,25.20388222
2021/4/21 20:00,0
2021/4/21 21:00,0
2021/4/21 22:00,0
2021/4/21 23:00,0
2021/4/22 0:00,0
2021/4/22 1:00,0
2021/4/22 2:00,0
2021/4/22 3:00,0
2021/4/22 4:00,0
2021/4/22 5:00,0
2021/4/22 6:00,0
2021/4/22 7:00,59.25683975
2021/4/22 8:00,259.7828064
2021/4/22 9:00,490.5592957
2021/4/22 10:00,696.2724609
2021/4/22 11:00,853.2487183
2021/4/22 12:00,947.9962769
2021/4/22 13:00,972.6038818
2021/4/22 14:00,923.9696655
2021/4/22 15:00,807.857666
2021/4/22 16:00,634.0935059
2021/4/22 17:00,417.9112854
2021/4/22 18:00,190.9127045
2021/4/22 19:00,26.07347107
2021/4/22 20:00,0
2021/4/22 21:00,0
2021/4/22 22:00,0
2021/4/22 23:00,0
2021/4/23 0:00,0
2021/4/23 1:00,0
2021/4/23 2:00,0
2021/4/23 3:00,0
2021/4/23 4:00,0
2021/4/23 5:00,0
2021/4/23 6:00,0
2021/4/23 7:00,53.38959122
2021/4/23 8:00,235.6741943
2021/4/23 9:00,460.2728577
2021/4/23 10:00,669.2347412
2021/4/23 11:00,831.5274658
2021/4/23 12:00,930.0223999
2021/4/23 13:00,956.4849243
2021/4/23 14:00,909.6351318
2021/4/23 15:00,794.2528076
2021/4/23 16:00,620.4530029
2021/4/23 17:00,405.4735107
2021/4/23 18:00,182.8255768
2021/4/23 19:00,25.10462379
2021/4/23 20:00,0
2021/4/23 21:00,0
2021/4/23 22:00,0
2021/4/23 23:00,0
2021/4/24 0:00,0
2021/4/24 1:00,0
2021/4/24 2:00,0
2021/4/24 3:00,0
2021/4/24 4:00,0
2021/4/24 5:00,0
2021/4/24 6:00,0
2021/4/24 7:00,58.61390686
2021/4/24 8:00,257.8190308
2021/4/24 9:00,492.8252869
2021/4/24 10:00,701.4263916
2021/4/24 11:00,861.8088989
2021/4/24 12:00,961.3255615
2021/4/24 13:00,991.8548584
2021/4/24 14:00,949.1826172
2021/4/24 15:00,834.3674927
2021/4/24 16:00,656.9967041
2021/4/24 17:00,436.2631531
2021/4/24 18:00,201.9691467
2021/4/24 19:00,28.26209259
2021/4/24 20:00,0
2021/4/24 21:00,0
2021/4/24 22:00,0
2021/4/24 23:00,0
2021/4/25 0:00,0
2021/4/25 1:00,0
2021/4/25 2:00,0
2021/4/25 3:00,0
2021/4/25 4:00,0
2021/4/25 5:00,0
2021/4/25 6:00,0
2021/4/25 7:00,56.14331436
2021/4/25 8:00,244.371109
2021/4/25 9:00,468.6914673
2021/4/25 10:00,665.6096191
2021/4/25 11:00,815.6210327
2021/4/25 12:00,908.6973877
2021/4/25 13:00,936.1011963
2021/4/25 14:00,890.6203613
2021/4/25 15:00,778.2279053
2021/4/25 16:00,609.4840698
2021/4/25 17:00,400.5994263
2021/4/25 18:00,180.980545
2021/4/25 19:00,25.23115349
2021/4/25 20:00,0
2021/4/25 21:00,0
2021/4/25 22:00,0
2021/4/25 23:00,0
2021/4/26 0:00,0
2021/4/26 1:00,0
2021/4/26 2:00,0
2021/4/26 3:00,0
2021/4/26 4:00,0
2021/4/26 5:00,0
2021/4/26 6:00,0.01382269
2021/4/26 7:00,63.5108223
2021/4/26 8:00,262.4828491
2021/4/26 9:00,489.131073
2021/4/26 10:00,690.739502
2021/4/26 11:00,844.8630981
2021/4/26 12:00,936.7026978
2021/4/26 13:00,958.3401489
2021/4/26 14:00,908.4615479
2021/4/26 15:00,794.8269653
2021/4/26 16:00,627.3725586
2021/4/26 17:00,418.6721497
2021/4/26 18:00,195.4616394
2021/4/26 19:00,27.96386147
2021/4/26 20:00,0
2021/4/26 21:00,0
2021/4/26 22:00,0
2021/4/26 23:00,0
2021/4/27 0:00,0
2021/4/27 1:00,0
2021/4/27 2:00,0
2021/4/27 3:00,0
2021/4/27 4:00,0
2021/4/27 5:00,0
2021/4/27 6:00,0.035187986
2021/4/27 7:00,65.1054306
2021/4/27 8:00,263.6643677
2021/4/27 9:00,487.9981689
2021/4/27 10:00,686.5200806
2021/4/27 11:00,837.3341675
2021/4/27 12:00,929.3756714
2021/4/27 13:00,954.9399414
2021/4/27 14:00,909.4162598
2021/4/27 15:00,796.9656982
2021/4/27 16:00,627.1811523
2021/4/27 17:00,416.0387573
2021/4/27 18:00,192.2021179
2021/4/27 19:00,27.63395882
2021/4/27 20:00,0
2021/4/27 21:00,0
2021/4/27 22:00,0
2021/4/27 23:00,0
2021/4/28 0:00,0
2021/4/28 1:00,0
2021/4/28 2:00,0
2021/4/28 3:00,0
2021/4/28 4:00,0
2021/4/28 5:00,0
2021/4/28 6:00,0.055147074
2021/4/28 7:00,58.82727432
2021/4/28 8:00,242.6728516
2021/4/28 9:00,463.1550293
2021/4/28 10:00,662.1783447
2021/4/28 11:00,814.7018433
2021/4/28 12:00,907.4099731
2021/4/28 13:00,932.5059204
2021/4/28 14:00,886.6001587
2021/4/28 15:00,775.8815918
2021/4/28 16:00,610.1954956
2021/4/28 17:00,403.862854
2021/4/28 18:00,184.3614655
2021/4/28 19:00,26.38663483
2021/4/28 20:00,0
2021/4/28 21:00,0
2021/4/28 22:00,0
2021/4/28 23:00,0
2021/4/29 0:00,0
2021/4/29 1:00,0
2021/4/29 2:00,0
2021/4/29 3:00,0
2021/4/29 4:00,0
2021/4/29 5:00,0
2021/4/29 6:00,0.097741149
2021/4/29 7:00,66.92294312
2021/4/29 8:00,265.6112976
2021/4/29 9:00,490.5017395
2021/4/29 10:00,691.3068848
2021/4/29 11:00,845.3189697
2021/4/29 12:00,938.8760986
2021/4/29 13:00,963.984436
2021/4/29 14:00,918.0405273
2021/4/29 15:00,803.3295898
2021/4/29 16:00,629.2244873
2021/4/29 17:00,413.8103027
2021/4/29 18:00,189.5761414
2021/4/29 19:00,27.82476807
2021/4/29 20:00,0
2021/4/29 21:00,0
2021/4/29 22:00,0
2021/4/29 23:00,0
2021/4/30 0:00,0
2021/4/30 1:00,0
2021/4/30 2:00,0
2021/4/30 3:00,0
2021/4/30 4:00,0
2021/4/30 5:00,0
2021/4/30 6:00,0.141412303
2021/4/30 7:00,65.02389526
2021/4/30 8:00,259.5336914
2021/4/30 9:00,487.6228333
2021/4/30 10:00,691.661438
2021/4/30 11:00,848.2445679
2021/4/30 12:00,943.612793
2021/4/30 13:00,969.7290039
2021/4/30 14:00,923.2536621
2021/4/30 15:00,810.3262329
2021/4/30 16:00,640.9314575
2021/4/30 17:00,429.8079834
2021/4/30 18:00,204.1533661
2021/4/30 19:00,31.27033615
2021/4/30 20:00,0
2021/4/30 21:00,0
2021/4/30 22:00,0
2021/4/30 23:00,0
2021/5/1 0:00,0
2021/5/1 1:00,0
2021/5/1 2:00,0
2021/5/1 3:00,0
2021/5/1 4:00,0
2021/5/1 5:00,0
2021/5/1 6:00,0.193409577
2021/5/1 7:00,69.89817047
2021/5/1 8:00,266.9885559
2021/5/1 9:00,489.3695679
2021/5/1 10:00,686.321228
2021/5/1 11:00,835.9526978
2021/5/1 12:00,924.6100464
2021/5/1 13:00,944.5026245
2021/5/1 14:00,893.0947876
2021/5/1 15:00,778.0065918
2021/5/1 16:00,609.2911987
2021/5/1 17:00,400.9922791
2021/5/1 18:00,184.440506
2021/5/1 19:00,27.97776604
2021/5/1 20:00,0
2021/5/1 21:00,0
2021/5/1 22:00,0
2021/5/1 23:00,0
2021/5/2 0:00,0
2021/5/2 1:00,0
2021/5/2 2:00,0
2021/5/2 3:00,0
2021/5/2 4:00,0
2021/5/2 5:00,0
2021/5/2 6:00,0.244588941
2021/5/2 7:00,65.26072693
2021/5/2 8:00,249.0594025
2021/5/2 9:00,462.8257446
2021/5/2 10:00,654.4060669
2021/5/2 11:00,800.2432251
2021/5/2 12:00,893.4429932
2021/5/2 13:00,925.6218872
2021/5/2 14:00,886.8336182
2021/5/2 15:00,780.1391602
2021/5/2 16:00,615.3214111
2021/5/2 17:00,410.016571
2021/5/2 18:00,192.9624481
2021/5/2 19:00,30.13500023
2021/5/2 20:00,0
2021/5/2 21:00,0
2021/5/2 22:00,0
2021/5/2 23:00,0
2021/5/3 0:00,0
2021/5/3 1:00,0
2021/5/3 2:00,0
2021/5/3 3:00,0
2021/5/3 4:00,0
2021/5/3 5:00,0
2021/5/3 6:00,0.323931903
2021/5/3 7:00,72.92609406
2021/5/3 8:00,273.9923096
2021/5/3 9:00,495.3672485
2021/5/3 10:00,687.2104492
2021/5/3 11:00,833.0637817
2021/5/3 12:00,925.1557007
2021/5/3 13:00,955.3682251
2021/5/3 14:00,914.8969116
2021/5/3 15:00,807.8067017
2021/5/3 16:00,643.677063
2021/5/3 17:00,438.1133728
2021/5/3 18:00,214.3015289
2021/5/3 19:00,34.7514801
2021/5/3 20:00,0
2021/5/3 21:00,0
2021/5/3 22:00,0
2021/5/3 23:00,0
2021/5/4 0:00,0
2021/5/4 1:00,0
2021/5/4 2:00,0
2021/5/4 3:00,0
2021/5/4 4:00,0
2021/5/4 5:00,0
2021/5/4 6:00,0.421236902
2021/5/4 7:00,84.60556793
2021/5/4 8:00,296.7185059
2021/5/4 9:00,521.8578491
2021/5/4 10:00,719.8051147
2021/5/4 11:00,870.2814331
2021/5/4 12:00,961.24646
2021/5/4 13:00,985.0507813
2021/5/4 14:00,938.7801514
2021/5/4 15:00,826.5921631
2021/5/4 16:00,657.8086548
2021/5/4 17:00,447.0367126
2021/5/4 18:00,218.0880585
2021/5/4 19:00,35.37313843
2021/5/4 20:00,0
2021/5/4 21:00,0
2021/5/4 22:00,0
2021/5/4 23:00,0
2021/5/5 0:00,0
2021/5/5 1:00,0
2021/5/5 2:00,0
2021/5/5 3:00,0
2021/5/5 4:00,0
2021/5/5 5:00,0
2021/5/5 6:00,0.491030186
2021/5/5 7:00,81.63932037
2021/5/5 8:00,291.1342163
2021/5/5 9:00,515.0043945
2021/5/5 10:00,708.9495239
2021/5/5 11:00,855.7806396
2021/5/5 12:00,942.3195801
2021/5/5 13:00,960.8817749
2021/5/5 14:00,909.0622559
2021/5/5 15:00,791.2146606
2021/5/5 16:00,617.098877
2021/5/5 17:00,404.077301
2021/5/5 18:00,186.1685944
2021/5/5 19:00,29.65264893
2021/5/5 20:00,0
2021/5/5 21:00,0
2021/5/5 22:00,0
2021/5/5 23:00,0
2021/5/6 0:00,0
2021/5/6 1:00,0
2021/5/6 2:00,0
2021/5/6 3:00,0
2021/5/6 4:00,0
2021/5/6 5:00,0
2021/5/6 6:00,0.565017521
2021/5/6 7:00,79.58570862
2021/5/6 8:00,283.3287354
2021/5/6 9:00,508.2792664
2021/5/6 10:00,707.7843018
2021/5/6 11:00,859.8424683
2021/5/6 12:00,951.5447388
2021/5/6 13:00,975.4498901
2021/5/6 14:00,929.1212769
2021/5/6 15:00,816.7006226
2021/5/6 16:00,647.4431763
2021/5/6 17:00,436.3531494
2021/5/6 18:00,211.1334686
2021/5/6 19:00,35.22002029
2021/5/6 20:00,0
2021/5/6 21:00,0
2021/5/6 22:00,0
2021/5/6 23:00,0
2021/5/7 0:00,0
2021/5/7 1:00,0
2021/5/7 2:00,0
2021/5/7 3:00,0
2021/5/7 4:00,0
2021/5/7 5:00,0
2021/5/7 6:00,0.684573591
2021/5/7 7:00,84.52411652
2021/5/7 8:00,292.6362915
2021/5/7 9:00,515.3677979
2021/5/7 10:00,708.9938965
2021/5/7 11:00,854.8795776
2021/5/7 12:00,942.0757446
2021/5/7 13:00,963.0834351
2021/5/7 14:00,913.7231445
2021/5/7 15:00,800.0359497
2021/5/7 16:00,631.5369263
2021/5/7 17:00,422.3500671
2021/5/7 18:00,201.4379425
2021/5/7 19:00,33.6161499
2021/5/7 20:00,0
2021/5/7 21:00,0
2021/5/7 22:00,0
2021/5/7 23:00,0
2021/5/8 0:00,0
2021/5/8 1:00,0
2021/5/8 2:00,0
2021/5/8 3:00,0
2021/5/8 4:00,0
2021/5/8 5:00,0
2021/5/8 6:00,0.775243819
2021/5/8 7:00,84.46827698
2021/5/8 8:00,292.275116
2021/5/8 9:00,518.0540771
2021/5/8 10:00,716.2556152
2021/5/8 11:00,866.5549927
2021/5/8 12:00,956.8504028
2021/5/8 13:00,979.7402954
2021/5/8 14:00,932.3388062
2021/5/8 15:00,819.5811768
2021/5/8 16:00,651.0198364
2021/5/8 17:00,441.1638184
2021/5/8 18:00,215.5335236
2021/5/8 19:00,36.80900192
2021/5/8 20:00,0
2021/5/8 21:00,0
2021/5/8 22:00,0
2021/5/8 23:00,0
2021/5/9 0:00,0
2021/5/9 1:00,0
2021/5/9 2:00,0
2021/5/9 3:00,0
2021/5/9 4:00,0
2021/5/9 5:00,0
2021/5/9 6:00,0.853521645
2021/5/9 7:00,83.1592865
2021/5/9 8:00,286.3320923
2021/5/9 9:00,508.5595093
2021/5/9 10:00,705.0441284
2021/5/9 11:00,854.4949951
2021/5/9 12:00,944.0866699
2021/5/9 13:00,966.3222656
2021/5/9 14:00,918.7232666
2021/5/9 15:00,808.144104
2021/5/9 16:00,643.9534302
2021/5/9 17:00,438.3388367
2021/5/9 18:00,216.5798645
2021/5/9 19:00,38.08131409
2021/5/9 20:00,0
2021/5/9 21:00,0
2021/5/9 22:00,0
2021/5/9 23:00,0
2021/5/10 0:00,0
2021/5/10 1:00,0
2021/5/10 2:00,0
2021/5/10 3:00,0
2021/5/10 4:00,0
2021/5/10 5:00,0
2021/5/10 6:00,1.122441769
2021/5/10 7:00,103.9747849
2021/5/10 8:00,327.9718323
2021/5/10 9:00,556.3781738
2021/5/10 10:00,754.9390869
2021/5/10 11:00,905.2584839
2021/5/10 12:00,995.3037109
2021/5/10 13:00,1017.826599
2021/5/10 14:00,970.4273682
2021/5/10 15:00,857.5749512
2021/5/10 16:00,688.3882446
2021/5/10 17:00,476.5276794
2021/5/10 18:00,244.0820007
2021/5/10 19:00,45.25157547
2021/5/10 20:00,0
2021/5/10 21:00,0
2021/5/10 22:00,0
2021/5/10 23:00,0
2021/5/11 0:00,0
2021/5/11 1:00,0
2021/5/11 2:00,0
2021/5/11 3:00,0
2021/5/11 4:00,0
2021/5/11 5:00,0
2021/5/11 6:00,1.199911714
2021/5/11 7:00,101.0767822
2021/5/11 8:00,320.6514893
2021/5/11 9:00,547.1087646
2021/5/11 10:00,745.0414429
2021/5/11 11:00,895.0825195
2021/5/11 12:00,985.1204224
2021/5/11 13:00,1007.869629
2021/5/11 14:00,961.0304565
2021/5/11 15:00,848.6860352
2021/5/11 16:00,680.0072632
2021/5/11 17:00,469.0515137
2021/5/11 18:00,237.7753601
2021/5/11 19:00,43.39133453
2021/5/11 20:00,0
2021/5/11 21:00,0
2021/5/11 22:00,0
2021/5/11 23:00,0
2021/5/12 0:00,0
2021/5/12 1:00,0
2021/5/12 2:00,0
2021/5/12 3:00,0
2021/5/12 4:00,0
2021/5/12 5:00,0
2021/5/12 6:00,1.322606564
2021/5/12 7:00,103.6024933
2021/5/12 8:00,323.9072876
2021/5/12 9:00,547.7298584
2021/5/12 10:00,741.6830444
2021/5/12 11:00,888.4523926
2021/5/12 12:00,976.2367554
2021/5/12 13:00,997.7730103
2021/5/12 14:00,950.4832153
2021/5/12 15:00,839.4802856
2021/5/12 16:00,673.8491211
2021/5/12 17:00,466.354126
2021/5/12 18:00,237.6217499
2021/5/12 19:00,43.90415573
2021/5/12 20:00,0
2021/5/12 21:00,0
2021/5/12 22:00,0
2021/5/12 23:00,0
2021/5/13 0:00,0
2021/5/13 1:00,0
2021/5/13 2:00,0
2021/5/13 3:00,0
2021/5/13 4:00,0
2021/5/13 5:00,0
2021/5/13 6:00,1.343857527
2021/5/13 7:00,95.72647095
2021/5/13 8:00,307.8945007
2021/5/13 9:00,531.9550171
2021/5/13 10:00,729.3492432
2021/5/13 11:00,879.225769
2021/5/13 12:00,968.8603516
2021/5/13 13:00,991.2233887
2021/5/13 14:00,944.9677124
2021/5/13 15:00,834.5144653
2021/5/13 16:00,668.8565063
2021/5/13 17:00,461.4901733
2021/5/13 18:00,235.0462494
2021/5/13 19:00,44.25743103
2021/5/13 20:00,0
2021/5/13 21:00,0
2021/5/13 22:00,0
2021/5/13 23:00,0
2021/5/14 0:00,0
2021/5/14 1:00,0
2021/5/14 2:00,0
2021/5/14 3:00,0
2021/5/14 4:00,0
2021/5/14 5:00,0
2021/5/14 6:00,1.47614944
2021/5/14 7:00,99.05769348
2021/5/14 8:00,314.057373
2021/5/14 9:00,536.2787476
2021/5/14 10:00,729.7325439
2021/5/14 11:00,876.6039429
2021/5/14 12:00,965.3242798
2021/5/14 13:00,988.4354858
2021/5/14 14:00,943.0853882
2021/5/14 15:00,833.9556885
2021/5/14 16:00,670.0153198
2021/5/14 17:00,464.5395508
2021/5/14 18:00,238.9546051
2021/5/14 19:00,45.98983383
2021/5/14 20:00,0
2021/5/14 21:00,0
2021/5/14 22:00,0
2021/5/14 23:00,0
2021/5/15 0:00,0
2021/5/15 1:00,0
2021/5/15 2:00,0
2021/5/15 3:00,0
2021/5/15 4:00,0
2021/5/15 5:00,0
2021/5/15 6:00,1.655302167
2021/5/15 7:00,103.5236282
2021/5/15 8:00,321.1742249
2021/5/15 9:00,545.9838867
2021/5/15 10:00,742.779541
2021/5/15 11:00,892.3130493
2021/5/15 12:00,982.1008301
2021/5/15 13:00,1004.891785
2021/5/15 14:00,958.8269043
2021/5/15 15:00,848.0048218
2021/5/15 16:00,681.451355
2021/5/15 17:00,472.8622131
2021/5/15 18:00,244.4108887
2021/5/15 19:00,48.07258987
2021/5/15 20:00,0
2021/5/15 21:00,0
2021/5/15 22:00,0
2021/5/15 23:00,0
2021/5/16 0:00,0
2021/5/16 1:00,0
2021/5/16 2:00,0
2021/5/16 3:00,0
2021/5/16 4:00,0
2021/5/16 5:00,0
2021/5/16 6:00,1.833844185
2021/5/16 7:00,107.6638565
2021/5/16 8:00,327.3907166
2021/5/16 9:00,551.5716553
2021/5/16 10:00,746.5733643
2021/5/16 11:00,894.161438
2021/5/16 12:00,982.9909058
2021/5/16 13:00,1005.905396
2021/5/16 14:00,960.1516724
2021/5/16 15:00,850.069458
2021/5/16 16:00,684.6096802
2021/5/16 17:00,477.2026672
2021/5/16 18:00,248.4319
2021/5/16 19:00,49.50785828
2021/5/16 20:00,0
2021/5/16 21:00,0
2021/5/16 22:00,0
2021/5/16 23:00,0
2021/5/17 0:00,0
2021/5/17 1:00,0
2021/5/17 2:00,0
2021/5/17 3:00,0
2021/5/17 4:00,0
2021/5/17 5:00,0
2021/5/17 6:00,1.907581806
2021/5/17 7:00,106.3847656
2021/5/17 8:00,324.337677
2021/5/17 9:00,547.1829224
2021/5/17 10:00,740.8441162
2021/5/17 11:00,887.7050171
2021/5/17 12:00,975.5810547
2021/5/17 13:00,997.1626587
2021/5/17 14:00,950.2727051
2021/5/17 15:00,839.6490479
2021/5/17 16:00,674.5866699
2021/5/17 17:00,468.3819885
2021/5/17 18:00,242.535614
2021/5/17 19:00,48.47286987
2021/5/17 20:00,0
2021/5/17 21:00,0
2021/5/17 22:00,0
2021/5/17 23:00,0
2021/5/18 0:00,0
2021/5/18 1:00,0
2021/5/18 2:00,0
2021/5/18 3:00,0
2021/5/18 4:00,0
2021/5/18 5:00,0
2021/5/18 6:00,1.990594625
2021/5/18 7:00,105.9515381
2021/5/18 8:00,322.644043
2021/5/18 9:00,543.7770996
2021/5/18 10:00,735.3441162
2021/5/18 11:00,880.5269775
2021/5/18 12:00,967.6790161
2021/5/18 13:00,989.5383301
2021/5/18 14:00,943.5490112
2021/5/18 15:00,834.0475464
2021/5/18 16:00,669.8779907
2021/5/18 17:00,464.2832642
2021/5/18 18:00,239.202774
2021/5/18 19:00,47.76075745
2021/5/18 20:00,0
2021/5/18 21:00,0
2021/5/18 22:00,0
2021/5/18 23:00,0
2021/5/19 0:00,0
2021/5/19 1:00,0
2021/5/19 2:00,0
2021/5/19 3:00,0
2021/5/19 4:00,0
2021/5/19 5:00,0
2021/5/19 6:00,2.058712721
2021/5/19 7:00,103.2539978
2021/5/19 8:00,318.0588989
2021/5/19 9:00,540.9449463
2021/5/19 10:00,735.829895
2021/5/19 11:00,884.1004639
2021/5/19 12:00,974.0613403
2021/5/19 13:00,998.3764038
2021/5/19 14:00,954.2493896
2021/5/19 15:00,844.8162231
2021/5/19 16:00,679.0777588
2021/5/19 17:00,471.552124
2021/5/19 18:00,244.4832153
2021/5/19 19:00,49.81700516
2021/5/19 20:00,0
2021/5/19 21:00,0
2021/5/19 22:00,0
2021/5/19 23:00,0
2021/5/20 0:00,0
2021/5/20 1:00,0
2021/5/20 2:00,0
2021/5/20 3:00,0
2021/5/20 4:00,0
2021/5/20 5:00,0
2021/5/20 6:00,2.137541056
2021/5/20 7:00,101.1547699
2021/5/20 8:00,313.3864441
2021/5/20 9:00,536.0985718
2021/5/20 10:00,731.3521118
2021/5/20 11:00,880.0358887
2021/5/20 12:00,970.2739868
2021/5/20 13:00,994.5854492
2021/5/20 14:00,950.2807007
2021/5/20 15:00,841.1627197
2021/5/20 16:00,676.1760864
2021/5/20 17:00,469.5397949
2021/5/20 18:00,243.2880249
2021/5/20 19:00,49.89510727
2021/5/20 20:00,0
2021/5/20 21:00,0
2021/5/20 22:00,0
2021/5/20 23:00,0
2021/5/21 0:00,0
2021/5/21 1:00,0
2021/5/21 2:00,0
2021/5/21 3:00,0
2021/5/21 4:00,0
2021/5/21 5:00,0
2021/5/21 6:00,2.184060812
2021/5/21 7:00,99.96308899
2021/5/21 8:00,310.7423706
2021/5/21 9:00,531.8388062
2021/5/21 10:00,725.1690674
2021/5/21 11:00,872.144165
2021/5/21 12:00,961.3817749
2021/5/21 13:00,985.6729736
2021/5/21 14:00,942.0402222
2021/5/21 15:00,835.1636963
2021/5/21 16:00,674.0222778
2021/5/21 17:00,471.569458
2021/5/21 18:00,248.403656
2021/5/21 19:00,52.7251091
2021/5/21 20:00,0
2021/5/21 21:00,0
2021/5/21 22:00,0
2021/5/21 23:00,0
2021/5/22 0:00,0
2021/5/22 1:00,0
2021/5/22 2:00,0
2021/5/22 3:00,0
2021/5/22 4:00,0
2021/5/22 5:00,0
2021/5/22 6:00,2.559698343
2021/5/22 7:00,113.3355255
2021/5/22 8:00,331.2635498
2021/5/22 9:00,551.6148682
2021/5/22 10:00,743.2415161
2021/5/22 11:00,888.4784546
2021/5/22 12:00,976.21521
2021/5/22 13:00,999.3609009
2021/5/22 14:00,954.9870605
2021/5/22 15:00,847.1981812
2021/5/22 16:00,684.8179932
2021/5/22 17:00,481.0067749
2021/5/22 18:00,255.6148987
2021/5/22 19:00,55.27834702
2021/5/22 20:00,0
2021/5/22 21:00,0
2021/5/22 22:00,0
2021/5/22 23:00,0
2021/5/23 0:00,0
2021/5/23 1:00,0
2021/5/23 2:00,0
2021/5/23 3:00,0
2021/5/23 4:00,0
2021/5/23 5:00,0
2021/5/23 6:00,2.588505507
2021/5/23 7:00,110.9446487
2021/5/23 8:00,326.3914795
2021/5/23 9:00,544.7473145
2021/5/23 10:00,733.8460083
2021/5/23 11:00,876.8926392
2021/5/23 12:00,963.5438843
2021/5/23 13:00,986.6029663
2021/5/23 14:00,942.2919312
2021/5/23 15:00,835.2268677
2021/5/23 16:00,674.2722168
2021/5/23 17:00,472.3204651
2021/5/23 18:00,249.5710297
2021/5/23 19:00,53.8770752
2021/5/23 20:00,0
2021/5/23 21:00,0
2021/5/23 22:00,0
2021/5/23 23:00,0
2021/5/24 0:00,0
2021/5/24 1:00,0
2021/5/24 2:00,0
2021/5/24 3:00,0
2021/5/24 4:00,0
2021/5/24 5:00,0
2021/5/24 6:00,2.619908571
2021/5/24 7:00,109.6378937
2021/5/24 8:00,323.5873108
2021/5/24 9:00,541.6426392
2021/5/24 10:00,731.3638916
2021/5/24 11:00,875.3550415
2021/5/24 12:00,961.1287842
2021/5/24 13:00,981.59729
2021/5/24 14:00,935.1791382
2021/5/24 15:00,826.866333
2021/5/24 16:00,665.4472656
2021/5/24 17:00,463.1529236
2021/5/24 18:00,241.8783112
2021/5/24 19:00,51.74804306
2021/5/24 20:00,0
2021/5/24 21:00,0
2021/5/24 22:00,0
2021/5/24 23:00,0
2021/5/25 0:00,0
2021/5/25 1:00,0
2021/5/25 2:00,0
2021/5/25 3:00,0
2021/5/25 4:00,0
2021/5/25 5:00,0
2021/5/25 6:00,2.532000542
2021/5/25 7:00,103.1877365
2021/5/25 8:00,311.4101563
2021/5/25 9:00,527.4910278
2021/5/25 10:00,716.5924683
2021/5/25 11:00,860.6411133
2021/5/25 12:00,946.4146118
2021/5/25 13:00,966.5675049
2021/5/25 14:00,919.7799683
2021/5/25 15:00,813.4273071
2021/5/25 16:00,656.4492798
2021/5/25 17:00,459.0520935
2021/5/25 18:00,242.2221069
2021/5/25 19:00,53.25268936
2021/5/25 20:00,0
2021/5/25 21:00,0
2021/5/25 22:00,0
2021/5/25 23:00,0
2021/5/26 0:00,0
2021/5/26 1:00,0
2021/5/26 2:00,0
2021/5/26 3:00,0
2021/5/26 4:00,0
2021/5/26 5:00,0
2021/5/26 6:00,2.930586338
2021/5/26 7:00,115.468071
2021/5/26 8:00,332.5519714
2021/5/26 9:00,551.2727661
2021/5/26 10:00,741.546814
2021/5/26 11:00,886.4308472
2021/5/26 12:00,972.1239014
2021/5/26 13:00,991.2982788
2021/5/26 14:00,943.4367065
2021/5/26 15:00,833.9329834
2021/5/26 16:00,671.5606689
2021/5/26 17:00,468.240509
2021/5/26 18:00,247.5190125
2021/5/26 19:00,55.55694962
2021/5/26 20:00,0
2021/5/26 21:00,0
2021/5/26 22:00,0
2021/5/26 23:00,0
2021/5/27 0:00,0
2021/5/27 1:00,0
2021/5/27 2:00,0
2021/5/27 3:00,0
2021/5/27 4:00,0
2021/5/27 5:00,0
2021/5/27 6:00,3.066939831
2021/5/27 7:00,117.2009888
2021/5/27 8:00,334.5318604
2021/5/27 9:00,552.6182251
2021/5/27 10:00,741.881958
2021/5/27 11:00,885.6989136
2021/5/27 12:00,970.817627
2021/5/27 13:00,989.9247437
2021/5/27 14:00,942.0144043
2021/5/27 15:00,832.9912109
2021/5/27 16:00,671.7012329
2021/5/27 17:00,469.500885
2021/5/27 18:00,248.8858185
2021/5/27 19:00,56.20864868
2021/5/27 20:00,0
2021/5/27 21:00,0
2021/5/27 22:00,0
2021/5/27 23:00,0
2021/5/28 0:00,0
2021/5/28 1:00,0
2021/5/28 2:00,0
2021/5/28 3:00,0
2021/5/28 4:00,0
2021/5/28 5:00,0
2021/5/28 6:00,2.966938019
2021/5/28 7:00,110.9165192
2021/5/28 8:00,323.2864685
2021/5/28 9:00,539.8288574
2021/5/28 10:00,728.3540039
2021/5/28 11:00,871.3856201
2021/5/28 12:00,956.6087036
2021/5/28 13:00,976.8483276
2021/5/28 14:00,930.3184814
2021/5/28 15:00,823.2820435
2021/5/28 16:00,664.5189819
2021/5/28 17:00,465.1064148
2021/5/28 18:00,246.9246216
2021/5/28 19:00,56.05786514
2021/5/28 20:00,0
2021/5/28 21:00,0
2021/5/28 22:00,0
2021/5/28 23:00,0
2021/5/29 0:00,0
2021/5/29 1:00,0
2021/5/29 2:00,0
2021/5/29 3:00,0
2021/5/29 4:00,0
2021/5/29 5:00,0
2021/5/29 6:00,3.079873085
2021/5/29 7:00,113.1357346
2021/5/29 8:00,326.4315491
2021/5/29 9:00,541.8552856
2021/5/29 10:00,728.6560669
2021/5/29 11:00,870.2064209
2021/5/29 12:00,953.2625732
2021/5/29 13:00,970.694397
2021/5/29 14:00,921.8178711
2021/5/29 15:00,812.7311401
2021/5/29 16:00,652.1746826
2021/5/29 17:00,451.6731567
2021/5/29 18:00,235.8125
2021/5/29 19:00,52.9863472
2021/5/29 20:00,0
2021/5/29 21:00,0
2021/5/29 22:00,0
2021/5/29 23:00,0
2021/5/30 0:00,0
2021/5/30 1:00,0
2021/5/30 2:00,0
2021/5/30 3:00,0
2021/5/30 4:00,0
2021/5/30 5:00,0
2021/5/30 6:00,2.82885766
2021/5/30 7:00,101.9077148
2021/5/30 8:00,307.7824402
2021/5/30 9:00,518.0352173
2021/5/30 10:00,696.3074951
2021/5/30 11:00,829.7909546
2021/5/30 12:00,909.2266235
2021/5/30 13:00,927.2850952
2021/5/30 14:00,878.6500244
2021/5/30 15:00,768.9259644
2021/5/30 16:00,607.4710693
2021/5/30 17:00,408.7654114
2021/5/30 18:00,202.7487335
2021/5/30 19:00,43.90319824
2021/5/30 20:00,0
2021/5/30 21:00,0
2021/5/30 22:00,0
2021/5/30 23:00,0
2021/5/31 0:00,0
2021/5/31 1:00,0
2021/5/31 2:00,0
2021/5/31 3:00,0
2021/5/31 4:00,0
2021/5/31 5:00,0
2021/5/31 6:00,2.544328451
2021/5/31 7:00,85.41024017
2021/5/31 8:00,269.6220703
2021/5/31 9:00,474.7453003
2021/5/31 10:00,656.725647
2021/5/31 11:00,795.0695801
2021/5/31 12:00,875.7249146
2021/5/31 13:00,891.2796021
2021/5/31 14:00,840.5541992
2021/5/31 15:00,728.8752441
2021/5/31 16:00,566.1989746
2021/5/31 17:00,369.8998413
2021/5/31 18:00,177.4326935
2021/5/31 19:00,38.99978256
2021/5/31 20:00,0
2021/5/31 21:00,0
2021/5/31 22:00,0
2021/5/31 23:00,0
2021/6/1 0:00,0
2021/6/1 1:00,0
2021/6/1 2:00,0
2021/6/1 3:00,0
2021/6/1 4:00,0
2021/6/1 5:00,0
2021/6/1 6:00,2.715910673
2021/6/1 7:00,92.69816589
2021/6/1 8:00,287.9879761
2021/6/1 9:00,500.8885803
2021/6/1 10:00,689.3392944
2021/6/1 11:00,833.1398926
2021/6/1 12:00,920.6953735
2021/6/1 13:00,945.0772705
2021/6/1 14:00,903.4524536
2021/6/1 15:00,798.527832
2021/6/1 16:00,638.883606
2021/6/1 17:00,439.5059204
2021/6/1 18:00,226.3586273
2021/6/1 19:00,51.35277939
2021/6/1 20:00,0
2021/6/1 21:00,0
2021/6/1 22:00,0
2021/6/1 23:00,0
2021/6/2 0:00,0
2021/6/2 1:00,0
2021/6/2 2:00,0
2021/6/2 3:00,0
2021/6/2 4:00,0
2021/6/2 5:00,0
2021/6/2 6:00,2.9131248
2021/6/2 7:00,99.67441559
2021/6/2 8:00,300.9351807
2021/6/2 9:00,515.2097778
2021/6/2 10:00,705.0322876
2021/6/2 11:00,850.1655273
2021/6/2 12:00,937.595459
2021/6/2 13:00,960.3555908
2021/6/2 14:00,917.2199707
2021/6/2 15:00,812.8342285
2021/6/2 16:00,655.5975342
2021/6/2 17:00,457.6930847
2021/6/2 18:00,241.4343414
2021/6/2 19:00,56.20486832
2021/6/2 20:00,0
2021/6/2 21:00,0
2021/6/2 22:00,0
2021/6/2 23:00,0
2021/6/3 0:00,0
2021/6/3 1:00,0
2021/6/3 2:00,0
2021/6/3 3:00,0
2021/6/3 4:00,0
2021/6/3 5:00,0
2021/6/3 6:00,3.001046658
2021/6/3 7:00,103.297287
2021/6/3 8:00,311.6639099
2021/6/3 9:00,529.1594849
2021/6/3 10:00,718.3153076
2021/6/3 11:00,862.5789795
2021/6/3 12:00,950.0925903
2021/6/3 13:00,973.5674438
2021/6/3 14:00,930.4604492
2021/6/3 15:00,825.517334
2021/6/3 16:00,667.4017334
2021/6/3 17:00,468.5212708
2021/6/3 18:00,250.0699158
2021/6/3 19:00,59.38579559
2021/6/3 20:00,4.37E-17
2021/6/3 21:00,0
2021/6/3 22:00,0
2021/6/3 23:00,0
2021/6/4 0:00,0
2021/6/4 1:00,0
2021/6/4 2:00,0
2021/6/4 3:00,0
2021/6/4 4:00,0
2021/6/4 5:00,0
2021/6/4 6:00,2.909944296
2021/6/4 7:00,95.79530334
2021/6/4 8:00,289.8923035
2021/6/4 9:00,501.3875732
2021/6/4 10:00,691.2736816
2021/6/4 11:00,836.3030396
2021/6/4 12:00,923.0230103
2021/6/4 13:00,944.5575562
2021/6/4 14:00,900.2158203
2021/6/4 15:00,792.1306763
2021/6/4 16:00,628.9285889
2021/6/4 17:00,427.1887207
2021/6/4 18:00,218.1409302
2021/6/4 19:00,51.03345871
2021/6/4 20:00,5.95E-17
2021/6/4 21:00,0
2021/6/4 22:00,0
2021/6/4 23:00,0
2021/6/5 0:00,0
2021/6/5 1:00,0
2021/6/5 2:00,0
2021/6/5 3:00,0
2021/6/5 4:00,0
2021/6/5 5:00,0
2021/6/5 6:00,2.939478636
2021/6/5 7:00,99.087883
2021/6/5 8:00,299.5197144
2021/6/5 9:00,510.7277222
2021/6/5 10:00,695.2254639
2021/6/5 11:00,835.6741943
2021/6/5 12:00,921.2247314
2021/6/5 13:00,944.5759888
2021/6/5 14:00,902.1395874
2021/6/5 15:00,796.850769
2021/6/5 16:00,637.0598755
2021/6/5 17:00,437.609436
2021/6/5 18:00,222.6708679
2021/6/5 19:00,50.8317337
2021/6/5 20:00,0.007474992
2021/6/5 21:00,0
2021/6/5 22:00,0
2021/6/5 23:00,0
2021/6/6 0:00,0
2021/6/6 1:00,0
2021/6/6 2:00,0
2021/6/6 3:00,0
2021/6/6 4:00,0
2021/6/6 5:00,0
2021/6/6 6:00,2.684309006
2021/6/6 7:00,86.94023132
2021/6/6 8:00,274.3641357
2021/6/6 9:00,489.9090576
2021/6/6 10:00,688.0283813
2021/6/6 11:00,843.0444946
2021/6/6 12:00,934.8152466
2021/6/6 13:00,955.5111084
2021/6/6 14:00,908.7716675
2021/6/6 15:00,799.8901978
2021/6/6 16:00,638.0032349
2021/6/6 17:00,437.1437378
2021/6/6 18:00,225.5239868
2021/6/6 19:00,53.81637573
2021/6/6 20:00,0.013646725
2021/6/6 21:00,0
2021/6/6 22:00,0
2021/6/6 23:00,0
2021/6/7 0:00,0
2021/6/7 1:00,0
2021/6/7 2:00,0
2021/6/7 3:00,0
2021/6/7 4:00,0
2021/6/7 5:00,0
2021/6/7 6:00,3.055384636
2021/6/7 7:00,99.94625854
2021/6/7 8:00,301.920105
2021/6/7 9:00,519.7599487
2021/6/7 10:00,712.3887939
2021/6/7 11:00,859.3132324
2021/6/7 12:00,949.1920166
2021/6/7 13:00,975.2133789
2021/6/7 14:00,934.5323486
2021/6/7 15:00,829.4369507
2021/6/7 16:00,668.2414551
2021/6/7 17:00,465.9604492
2021/6/7 18:00,246.6686554
2021/6/7 19:00,60.1585083
2021/6/7 20:00,0.020297714
2021/6/7 21:00,0
2021/6/7 22:00,0
2021/6/7 23:00,0
2021/6/8 0:00,0
2021/6/8 1:00,0
2021/6/8 2:00,0
2021/6/8 3:00,0
2021/6/8 4:00,0
2021/6/8 5:00,0
2021/6/8 6:00,3.077820539
2021/6/8 7:00,102.069046
2021/6/8 8:00,306.3495178
2021/6/8 9:00,522.2974243
2021/6/8 10:00,710.8624268
2021/6/8 11:00,854.036499
2021/6/8 12:00,939.9656982
2021/6/8 13:00,961.6732788
2021/6/8 14:00,916.9259033
2021/6/8 15:00,811.6089478
2021/6/8 16:00,654.4484253
2021/6/8 17:00,457.3704224
2021/6/8 18:00,242.5827026
2021/6/8 19:00,59.12152481
2021/6/8 20:00,0.035986148
2021/6/8 21:00,0
2021/6/8 22:00,0
2021/6/8 23:00,0
2021/6/9 0:00,0
2021/6/9 1:00,0
2021/6/9 2:00,0
2021/6/9 3:00,0
2021/6/9 4:00,0
2021/6/9 5:00,0
2021/6/9 6:00,3.143466949
2021/6/9 7:00,107.6398392
2021/6/9 8:00,314.5256958
2021/6/9 9:00,527.659729
2021/6/9 10:00,714.3667603
2021/6/9 11:00,857.2141724
2021/6/9 12:00,944.0773926
2021/6/9 13:00,967.7652588
2021/6/9 14:00,926.227356
2021/6/9 15:00,824.6368408
2021/6/9 16:00,671.4992676
2021/6/9 17:00,478.2294006
2021/6/9 18:00,263.6920166
2021/6/9 19:00,68.12652588
2021/6/9 20:00,0.049732167
2021/6/9 21:00,0
2021/6/9 22:00,0
2021/6/9 23:00,0
2021/6/10 0:00,0
2021/6/10 1:00,0
2021/6/10 2:00,0
2021/6/10 3:00,0
2021/6/10 4:00,0
2021/6/10 5:00,0
2021/6/10 6:00,3.032178402
2021/6/10 7:00,104.3109741
2021/6/10 8:00,308.4731445
2021/6/10 9:00,519.1655273
2021/6/10 10:00,702.5633545
2021/6/10 11:00,842.1567383
2021/6/10 12:00,929.538147
2021/6/10 13:00,957.4669189
2021/6/10 14:00,920.1295166
2021/6/10 15:00,821.1508789
2021/6/10 16:00,669.0324097
2021/6/10 17:00,476.6459656
2021/6/10 18:00,262.5602722
2021/6/10 19:00,67.78120422
2021/6/10 20:00,0.06062584
2021/6/10 21:00,0
2021/6/10 22:00,0
2021/6/10 23:00,0
2021/6/11 0:00,0
2021/6/11 1:00,0
2021/6/11 2:00,0
2021/6/11 3:00,0
2021/6/11 4:00,0
2021/6/11 5:00,0
2021/6/11 6:00,2.952624559
2021/6/11 7:00,103.2232285
2021/6/11 8:00,309.726593
2021/6/11 9:00,524.2089233
2021/6/11 10:00,711.2339478
2021/6/11 11:00,854.2924805
2021/6/11 12:00,941.8716431
2021/6/11 13:00,966.8093872
2021/6/11 14:00,926.4797974
2021/6/11 15:00,825.1400146
2021/6/11 16:00,671.2904053
2021/6/11 17:00,477.1447449
2021/6/11 18:00,262.4195557
2021/6/11 19:00,68.14710236
2021/6/11 20:00,0.083871648
2021/6/11 21:00,0
2021/6/11 22:00,0
2021/6/11 23:00,0
2021/6/12 0:00,0
2021/6/12 1:00,0
2021/6/12 2:00,0
2021/6/12 3:00,0
2021/6/12 4:00,0
2021/6/12 5:00,0
2021/6/12 6:00,3.187567234
2021/6/12 7:00,111.5683823
2021/6/12 8:00,320.9618225
2021/6/12 9:00,531.8829956
2021/6/12 10:00,714.3320313
2021/6/12 11:00,853.4429932
2021/6/12 12:00,940.5
2021/6/12 13:00,968.0837402
2021/6/12 14:00,930.7243652
2021/6/12 15:00,831.1469116
2021/6/12 16:00,677.5169678
2021/6/12 17:00,483.2224426
2021/6/12 18:00,266.8986511
2021/6/12 19:00,69.53839111
2021/6/12 20:00,0.099958971
2021/6/12 21:00,0
2021/6/12 22:00,0
2021/6/12 23:00,0
2021/6/13 0:00,0
2021/6/13 1:00,0
2021/6/13 2:00,0
2021/6/13 3:00,0
2021/6/13 4:00,0
2021/6/13 5:00,0
2021/6/13 6:00,3.117414474
2021/6/13 7:00,110.4493332
2021/6/13 8:00,320.882019
2021/6/13 9:00,535.5076904
2021/6/13 10:00,723.1500244
2021/6/13 11:00,867.0170898
2021/6/13 12:00,954.7423096
2021/6/13 13:00,979.2150269
2021/6/13 14:00,938.7952271
2021/6/13 15:00,837.0202026
2021/6/13 16:00,682.0895996
2021/6/13 17:00,486.3295898
2021/6/13 18:00,269.7915039
2021/6/13 19:00,71.99216461
2021/6/13 20:00,0.117596529
2021/6/13 21:00,0
2021/6/13 22:00,0
2021/6/13 23:00,0
2021/6/14 0:00,0
2021/6/14 1:00,0
2021/6/14 2:00,0
2021/6/14 3:00,0
2021/6/14 4:00,0
2021/6/14 5:00,0
2021/6/14 6:00,2.960543394
2021/6/14 7:00,105.2595062
2021/6/14 8:00,312.7733459
2021/6/14 9:00,527.6985474
2021/6/14 10:00,715.9072266
2021/6/14 11:00,859.9193726
2021/6/14 12:00,947.6192017
2021/6/14 13:00,971.9733276
2021/6/14 14:00,931.1449585
2021/6/14 15:00,830.28125
2021/6/14 16:00,677.7040405
2021/6/14 17:00,484.3356323
2021/6/14 18:00,268.943634
2021/6/14 19:00,71.76612091
2021/6/14 20:00,0.144379124
2021/6/14 21:00,0
2021/6/14 22:00,0
2021/6/14 23:00,0
2021/6/15 0:00,0
2021/6/15 1:00,0
2021/6/15 2:00,0
2021/6/15 3:00,0
2021/6/15 4:00,0
2021/6/15 5:00,0
2021/6/15 6:00,2.809832811
2021/6/15 7:00,100.1348648
2021/6/15 8:00,301.0884094
2021/6/15 9:00,510.8603821
2021/6/15 10:00,694.3167114
2021/6/15 11:00,834.3110352
2021/6/15 12:00,920.9914551
2021/6/15 13:00,947.0075684
2021/6/15 14:00,907.5181274
2021/6/15 15:00,809.1564331
2021/6/15 16:00,660.2592163
2021/6/15 17:00,470.6174316
2021/6/15 18:00,259.7519531
2021/6/15 19:00,69.09576416
2021/6/15 20:00,0.164256066
2021/6/15 21:00,0
2021/6/15 22:00,0
2021/6/15 23:00,0
2021/6/16 0:00,0
2021/6/16 1:00,0
2021/6/16 2:00,0
2021/6/16 3:00,0
2021/6/16 4:00,0
2021/6/16 5:00,0
2021/6/16 6:00,2.938733816
2021/6/16 7:00,107.2980804
2021/6/16 8:00,315.7345276
2021/6/16 9:00,530.7427979
2021/6/16 10:00,719.3718872
2021/6/16 11:00,863.8852539
2021/6/16 12:00,952.6350098
2021/6/16 13:00,978.531189
2021/6/16 14:00,939.2000122
2021/6/16 15:00,838.4034424
2021/6/16 16:00,684.3225708
2021/6/16 17:00,489.214325
2021/6/16 18:00,272.5331726
2021/6/16 19:00,73.88929749
2021/6/16 20:00,0.18522951
2021/6/16 21:00,0
2021/6/16 22:00,0
2021/6/16 23:00,0
2021/6/17 0:00,0
2021/6/17 1:00,0
2021/6/17 2:00,0
2021/6/17 3:00,0
2021/6/17 4:00,0
2021/6/17 5:00,0
2021/6/17 6:00,2.81838131
2021/6/17 7:00,105.0852356
2021/6/17 8:00,313.9319763
2021/6/17 9:00,529.7081909
2021/6/17 10:00,718.2333374
2021/6/17 11:00,862.7981567
2021/6/17 12:00,951.2006226
2021/6/17 13:00,976.2576294
2021/6/17 14:00,936.0283203
2021/6/17 15:00,834.5541382
2021/6/17 16:00,680.0692139
2021/6/17 17:00,484.6755676
2021/6/17 18:00,268.8114929
2021/6/17 19:00,72.71338654
2021/6/17 20:00,0.212808013
2021/6/17 21:00,0
2021/6/17 22:00,0
2021/6/17 23:00,0
2021/6/18 0:00,0
2021/6/18 1:00,0
2021/6/18 2:00,0
2021/6/18 3:00,0
2021/6/18 4:00,0
2021/6/18 5:00,0
2021/6/18 6:00,2.758944273
2021/6/18 7:00,103.6535873
2021/6/18 8:00,308.7080688
2021/6/18 9:00,522.9683228
2021/6/18 10:00,712.9004517
2021/6/18 11:00,859.0618896
2021/6/18 12:00,949.1303711
2021/6/18 13:00,975.9180908
2021/6/18 14:00,937.4382935
2021/6/18 15:00,837.5963745
2021/6/18 16:00,684.595459
2021/6/18 17:00,490.5015259
2021/6/18 18:00,274.5239868
2021/6/18 19:00,75.51564789
2021/6/18 20:00,0.238103136
2021/6/18 21:00,0
2021/6/18 22:00,0
2021/6/18 23:00,0
2021/6/19 0:00,0
2021/6/19 1:00,0
2021/6/19 2:00,0
2021/6/19 3:00,0
2021/6/19 4:00,0
2021/6/19 5:00,0
2021/6/19 6:00,2.813218594
2021/6/19 7:00,107.4734955
2021/6/19 8:00,314.4266052
2021/6/19 9:00,523.890564
2021/6/19 10:00,704.6135254
2021/6/19 11:00,842.0912476
2021/6/19 12:00,928.2753296
2021/6/19 13:00,955.5681152
2021/6/19 14:00,917.4068604
2021/6/19 15:00,818.1947021
2021/6/19 16:00,666.1546631
2021/6/19 17:00,473.2082214
2021/6/19 18:00,261.3026428
2021/6/19 19:00,71.04885864
2021/6/19 20:00,0.253077805
2021/6/19 21:00,0
2021/6/19 22:00,0
2021/6/19 23:00,0
2021/6/20 0:00,0
2021/6/20 1:00,0
2021/6/20 2:00,0
2021/6/20 3:00,0
2021/6/20 4:00,0
2021/6/20 5:00,0
2021/6/20 6:00,2.652692556
2021/6/20 7:00,103.1311798
2021/6/20 8:00,307.0496216
2021/6/20 9:00,518.2119751
2021/6/20 10:00,703.1600952
2021/6/20 11:00,844.7216187
2021/6/20 12:00,932.8682251
2021/6/20 13:00,960.100647
2021/6/20 14:00,921.6572876
2021/6/20 15:00,822.7974854
2021/6/20 16:00,671.8540039
2021/6/20 17:00,480.003418
2021/6/20 18:00,265.221344
2021/6/20 19:00,71.11515808
2021/6/20 20:00,0.27265048
2021/6/20 21:00,0
2021/6/20 22:00,0
2021/6/20 23:00,0
2021/6/21 0:00,0
2021/6/21 1:00,0
2021/6/21 2:00,0
2021/6/21 3:00,0
2021/6/21 4:00,0
2021/6/21 5:00,0
2021/6/21 6:00,2.313960314
2021/6/21 7:00,90.54502869
2021/6/21 8:00,285.999176
2021/6/21 9:00,496.3591919
2021/6/21 10:00,679.8074341
2021/6/21 11:00,820.0822754
2021/6/21 12:00,903.8135376
2021/6/21 13:00,923.6777954
2021/6/21 14:00,877.9735107
2021/6/21 15:00,772.6524658
2021/6/21 16:00,616.421875
2021/6/21 17:00,422.195343
2021/6/21 18:00,220.4729614
2021/6/21 19:00,57.55331039
2021/6/21 20:00,0.269276023
2021/6/21 21:00,0
2021/6/21 22:00,0
2021/6/21 23:00,0
2021/6/22 0:00,0
2021/6/22 1:00,0
2021/6/22 2:00,0
2021/6/22 3:00,0
2021/6/22 4:00,0
2021/6/22 5:00,0
2021/6/22 6:00,2.18290329
2021/6/22 7:00,86.22556305
2021/6/22 8:00,276.006134
2021/6/22 9:00,479.9270325
2021/6/22 10:00,655.9669189
2021/6/22 11:00,789.6876221
2021/6/22 12:00,873.7883911
2021/6/22 13:00,900.5714111
2021/6/22 14:00,862.0012817
2021/6/22 15:00,760.4718018
2021/6/22 16:00,604.9193726
2021/6/22 17:00,412.4663391
2021/6/22 18:00,211.4891815
2021/6/22 19:00,53.64253616
2021/6/22 20:00,0.267889649
2021/6/22 21:00,0
2021/6/22 22:00,0
2021/6/22 23:00,0
2021/6/23 0:00,0
2021/6/23 1:00,0
2021/6/23 2:00,0
2021/6/23 3:00,0
2021/6/23 4:00,0
2021/6/23 5:00,0
2021/6/23 6:00,2.027166605
2021/6/23 7:00,81.74223328
2021/6/23 8:00,269.6008911
2021/6/23 9:00,481.4320374
2021/6/23 10:00,669.9628906
2021/6/23 11:00,815.8588867
2021/6/23 12:00,907.7276611
2021/6/23 13:00,938.3258057
2021/6/23 14:00,904.1030273
2021/6/23 15:00,806.2930908
2021/6/23 16:00,652.9105835
2021/6/23 17:00,459.3372192
2021/6/23 18:00,249.0799713
2021/6/23 19:00,66.52428436
2021/6/23 20:00,0.326134682
2021/6/23 21:00,0
2021/6/23 22:00,0
2021/6/23 23:00,0
2021/6/24 0:00,0
2021/6/24 1:00,0
2021/6/24 2:00,0
2021/6/24 3:00,0
2021/6/24 4:00,0
2021/6/24 5:00,0
2021/6/24 6:00,2.080580711
2021/6/24 7:00,88.21437836
2021/6/24 8:00,281.5303345
2021/6/24 9:00,492.4949341
2021/6/24 10:00,679.902832
2021/6/24 11:00,824.4931641
2021/6/24 12:00,914.7456665
2021/6/24 13:00,943.3322754
2021/6/24 14:00,907.0980835
2021/6/24 15:00,810.7022705
2021/6/24 16:00,662.4021606
2021/6/24 17:00,474.0800476
2021/6/24 18:00,263.2812195
2021/6/24 19:00,71.6550827
2021/6/24 20:00,0.352000356
2021/6/24 21:00,0
2021/6/24 22:00,0
2021/6/24 23:00,0
2021/6/25 0:00,0
2021/6/25 1:00,0
2021/6/25 2:00,0
2021/6/25 3:00,0
2021/6/25 4:00,0
2021/6/25 5:00,0
2021/6/25 6:00,2.088623285
2021/6/25 7:00,93.19390106
2021/6/25 8:00,291.8482361
2021/6/25 9:00,504.1544495
2021/6/25 10:00,692.4224243
2021/6/25 11:00,837.671875
2021/6/25 12:00,928.6494751
2021/6/25 13:00,958.0886841
2021/6/25 14:00,922.6717529
2021/6/25 15:00,823.9393921
2021/6/25 16:00,669.7174683
2021/6/25 17:00,474.2663574
2021/6/25 18:00,259.3072205
2021/6/25 19:00,69.8859787
2021/6/25 20:00,0.367303103
2021/6/25 21:00,0
2021/6/25 22:00,0
2021/6/25 23:00,0
2021/6/26 0:00,0
2021/6/26 1:00,0
2021/6/26 2:00,0
2021/6/26 3:00,0
2021/6/26 4:00,0
2021/6/26 5:00,0
2021/6/26 6:00,2.028802156
2021/6/26 7:00,93.12618256
2021/6/26 8:00,290.3677979
2021/6/26 9:00,499.4565735
2021/6/26 10:00,684.2214966
2021/6/26 11:00,826.4585571
2021/6/26 12:00,916.6467896
2021/6/26 13:00,947.2700806
2021/6/26 14:00,912.942749
2021/6/26 15:00,815.4155273
2021/6/26 16:00,662.7045898
2021/6/26 17:00,469.1929626
2021/6/26 18:00,257.1156616
2021/6/26 19:00,69.94606781
2021/6/26 20:00,0.384120405
2021/6/26 21:00,0
2021/6/26 22:00,0
2021/6/26 23:00,0
2021/6/27 0:00,0
2021/6/27 1:00,0
2021/6/27 2:00,0
2021/6/27 3:00,0
2021/6/27 4:00,0
2021/6/27 5:00,0
2021/6/27 6:00,1.9739604
2021/6/27 7:00,94.35919189
2021/6/27 8:00,295.4810181
2021/6/27 9:00,508.6360779
2021/6/27 10:00,697.2362671
2021/6/27 11:00,842.9341431
2021/6/27 12:00,933.2601318
2021/6/27 13:00,960.7531128
2021/6/27 14:00,923.1810913
2021/6/27 15:00,824.7614136
2021/6/27 16:00,673.4856567
2021/6/27 17:00,480.8811646
2021/6/27 18:00,267.3644714
2021/6/27 19:00,74.29219818
2021/6/27 20:00,0.418495595
2021/6/27 21:00,0
2021/6/27 22:00,0
2021/6/27 23:00,0
2021/6/28 0:00,0
2021/6/28 1:00,0
2021/6/28 2:00,0
2021/6/28 3:00,0
2021/6/28 4:00,0
2021/6/28 5:00,0
2021/6/28 6:00,1.835838199
2021/6/28 7:00,89.79907227
2021/6/28 8:00,288.7096863
2021/6/28 9:00,498.1589355
2021/6/28 10:00,678.6587524
2021/6/28 11:00,816.7709961
2021/6/28 12:00,904.7929688
2021/6/28 13:00,934.9761963
2021/6/28 14:00,899.8152466
2021/6/28 15:00,801.9046021
2021/6/28 16:00,649.1644287
2021/6/28 17:00,455.5522766
2021/6/28 18:00,246.4086304
2021/6/28 19:00,67.11553955
2021/6/28 20:00,0.413724214
2021/6/28 21:00,0
2021/6/28 22:00,0
2021/6/28 23:00,0
2021/6/29 0:00,0
2021/6/29 1:00,0
2021/6/29 2:00,0
2021/6/29 3:00,0
2021/6/29 4:00,0
2021/6/29 5:00,0
2021/6/29 6:00,1.687503576
2021/6/29 7:00,83.44712067
2021/6/29 8:00,272.6798096
2021/6/29 9:00,485.8092957
2021/6/29 10:00,679.8451538
2021/6/29 11:00,830.8950195
2021/6/29 12:00,926.4022217
2021/6/29 13:00,959.1315918
2021/6/29 14:00,926.4041138
2021/6/29 15:00,830.7703247
2021/6/29 16:00,680.4016724
2021/6/29 17:00,488.5256958
2021/6/29 18:00,274.1527405
2021/6/29 19:00,77.14011383
2021/6/29 20:00,0.45223704
2021/6/29 21:00,0
2021/6/29 22:00,0
2021/6/29 23:00,0
2021/6/30 0:00,0
2021/6/30 1:00,0
2021/6/30 2:00,0
2021/6/30 3:00,0
2021/6/30 4:00,0
2021/6/30 5:00,0
2021/6/30 6:00,1.761513829
2021/6/30 7:00,94.88884735
2021/6/30 8:00,299.1018372
2021/6/30 9:00,514.8180542
2021/6/30 10:00,705.4853516
2021/6/30 11:00,852.6045532
2021/6/30 12:00,945.8396606
2021/6/30 13:00,977.7078247
2021/6/30 14:00,943.8598633
2021/6/30 15:00,846.9489746
2021/6/30 16:00,694.9274292
2021/6/30 17:00,500.8321533
2021/6/30 18:00,282.3996277
2021/6/30 19:00,79.64198303
2021/6/30 20:00,0.464306325
2021/6/30 21:00,0
2021/6/30 22:00,0
2021/6/30 23:00,0
2021/7/1 0:00,0
2021/7/1 1:00,0
2021/7/1 2:00,0
2021/7/1 3:00,0
2021/7/1 4:00,0
2021/7/1 5:00,0
2021/7/1 6:00,1.645144224
2021/7/1 7:00,92.70355988
2021/7/1 8:00,296.8635864
2021/7/1 9:00,512.116333
2021/7/1 10:00,700.8222656
2021/7/1 11:00,846.5042114
2021/7/1 12:00,940.0150757
2021/7/1 13:00,973.5967407
2021/7/1 14:00,941.3239136
2021/7/1 15:00,846.5738525
2021/7/1 16:00,697.4940186
2021/7/1 17:00,506.5869446
2021/7/1 18:00,289.9223022
2021/7/1 19:00,84.01611328
2021/7/1 20:00,0.49213621
2021/7/1 21:00,0
2021/7/1 22:00,0
2021/7/1 23:00,0
2021/7/2 0:00,0
2021/7/2 1:00,0
2021/7/2 2:00,0
2021/7/2 3:00,0
2021/7/2 4:00,0
2021/7/2 5:00,0
2021/7/2 6:00,1.567922235
2021/7/2 7:00,92.95690918
2021/7/2 8:00,296.3955688
2021/7/2 9:00,511.9060669
2021/7/2 10:00,703.0360718
2021/7/2 11:00,851.1312256
2021/7/2 12:00,944.9682617
2021/7/2 13:00,976.838562
2021/7/2 14:00,942.9224243
2021/7/2 15:00,845.9465332
2021/7/2 16:00,693.803833
2021/7/2 17:00,499.3751831
2021/7/2 18:00,282.4094238
2021/7/2 19:00,81.19033051
2021/7/2 20:00,0.488504708
2021/7/2 21:00,0
2021/7/2 22:00,0
2021/7/2 23:00,0
2021/7/3 0:00,0
2021/7/3 1:00,0
2021/7/3 2:00,0
2021/7/3 3:00,0
2021/7/3 4:00,0
2021/7/3 5:00,0
2021/7/3 6:00,1.467642665
2021/7/3 7:00,90.27267456
2021/7/3 8:00,293.2879333
2021/7/3 9:00,506.6063538
2021/7/3 10:00,691.8577881
2021/7/3 11:00,834.3178101
2021/7/3 12:00,925.4431763
2021/7/3 13:00,957.3295288
2021/7/3 14:00,923.0605469
2021/7/3 15:00,825.1859131
2021/7/3 16:00,671.7398682
2021/7/3 17:00,476.5997314
2021/7/3 18:00,261.125
2021/7/3 19:00,71.31180573
2021/7/3 20:00,0.459413141
2021/7/3 21:00,0
2021/7/3 22:00,0
2021/7/3 23:00,0
2021/7/4 0:00,0
2021/7/4 1:00,0
2021/7/4 2:00,0
2021/7/4 3:00,0
2021/7/4 4:00,0
2021/7/4 5:00,0
2021/7/4 6:00,1.365185261
2021/7/4 7:00,87.7115097
2021/7/4 8:00,288.1694946
2021/7/4 9:00,505.9864807
2021/7/4 10:00,700.8132935
2021/7/4 11:00,852.1991577
2021/7/4 12:00,946.9865723
2021/7/4 13:00,977.7005615
2021/7/4 14:00,942.5095215
2021/7/4 15:00,845.3155518
2021/7/4 16:00,694.1837158
2021/7/4 17:00,500.9411621
2021/7/4 18:00,284.7792969
2021/7/4 19:00,82.72829437
2021/7/4 20:00,0.500454366
2021/7/4 21:00,0
2021/7/4 22:00,0
2021/7/4 23:00,0
2021/7/5 0:00,0
2021/7/5 1:00,0
2021/7/5 2:00,0
2021/7/5 3:00,0
2021/7/5 4:00,0
2021/7/5 5:00,0
2021/7/5 6:00,1.370502591
2021/7/5 7:00,96.44572449
2021/7/5 8:00,304.7449951
2021/7/5 9:00,521.6033325
2021/7/5 10:00,713.166687
2021/7/5 11:00,861.4545288
2021/7/5 12:00,954.6382446
2021/7/5 13:00,985.1853027
2021/7/5 14:00,950.0235596
2021/7/5 15:00,853.1991577
2021/7/5 16:00,702.4872437
2021/7/5 17:00,508.9506531
2021/7/5 18:00,291.1802673
2021/7/5 19:00,85.28870392
2021/7/5 20:00,0.510309219
2021/7/5 21:00,0
2021/7/5 22:00,0
2021/7/5 23:00,0
2021/7/6 0:00,0
2021/7/6 1:00,0
2021/7/6 2:00,0
2021/7/6 3:00,0
2021/7/6 4:00,0
2021/7/6 5:00,0
2021/7/6 6:00,1.320228219
2021/7/6 7:00,98.54814911
2021/7/6 8:00,307.0245972
2021/7/6 9:00,521.5409546
2021/7/6 10:00,710.7073364
2021/7/6 11:00,856.9024048
2021/7/6 12:00,948.0942993
2021/7/6 13:00,976.5871582
2021/7/6 14:00,939.8118286
2021/7/6 15:00,842.1139526
2021/7/6 16:00,691.4961548
2021/7/6 17:00,499.1287537
2021/7/6 18:00,284.1703491
2021/7/6 19:00,82.65788269
2021/7/6 20:00,0.492829263
2021/7/6 21:00,0
2021/7/6 22:00,0
2021/7/6 23:00,0
2021/7/7 0:00,0
2021/7/7 1:00,0
2021/7/7 2:00,0
2021/7/7 3:00,0
2021/7/7 4:00,0
2021/7/7 5:00,0
2021/7/7 6:00,1.167984128
2021/7/7 7:00,93.5552063
2021/7/7 8:00,301.4203186
2021/7/7 9:00,517.7010498
2021/7/7 10:00,708.3297119
2021/7/7 11:00,856.0874023
2021/7/7 12:00,948.7947388
2021/7/7 13:00,978.8502808
2021/7/7 14:00,943.7091675
2021/7/7 15:00,847.0160522
2021/7/7 16:00,696.5756836
2021/7/7 17:00,503.9767761
2021/7/7 18:00,287.850708
2021/7/7 19:00,83.81394958
2021/7/7 20:00,0.490237474
2021/7/7 21:00,0
2021/7/7 22:00,0
2021/7/7 23:00,0
2021/7/8 0:00,0
2021/7/8 1:00,0
2021/7/8 2:00,0
2021/7/8 3:00,0
2021/7/8 4:00,0
2021/7/8 5:00,0
2021/7/8 6:00,1.11751318
2021/7/8 7:00,94.8431778
2021/7/8 8:00,305.7098389
2021/7/8 9:00,525.8034058
2021/7/8 10:00,720.1657104
2021/7/8 11:00,870.8222046
2021/7/8 12:00,964.9689941
2021/7/8 13:00,995.0390625
2021/7/8 14:00,959.0117798
2021/7/8 15:00,861.1761475
2021/7/8 16:00,709.5202637
2021/7/8 17:00,515.3532715
2021/7/8 18:00,296.8579102
2021/7/8 19:00,88.05995941
2021/7/8 20:00,0.504469335
2021/7/8 21:00,0
2021/7/8 22:00,0
2021/7/8 23:00,0
2021/7/9 0:00,0
2021/7/9 1:00,0
2021/7/9 2:00,0
2021/7/9 3:00,0
2021/7/9 4:00,0
2021/7/9 5:00,0
2021/7/9 6:00,1.035199404
2021/7/9 7:00,93.68845367
2021/7/9 8:00,302.7242126
2021/7/9 9:00,521.1958008
2021/7/9 10:00,714.7931519
2021/7/9 11:00,865.2697754
2021/7/9 12:00,960.1151123
2021/7/9 13:00,991.4766235
2021/7/9 14:00,956.3758545
2021/7/9 15:00,858.5556641
2021/7/9 16:00,705.9438477
2021/7/9 17:00,510.2021179
2021/7/9 18:00,290.9692688
2021/7/9 19:00,85.12407684
2021/7/9 20:00,0.484579682
2021/7/9 21:00,0
2021/7/9 22:00,0
2021/7/9 23:00,0
2021/7/10 0:00,0
2021/7/10 1:00,0
2021/7/10 2:00,0
2021/7/10 3:00,0
2021/7/10 4:00,0
2021/7/10 5:00,0
2021/7/10 6:00,0.983559608
2021/7/10 7:00,96.08488464
2021/7/10 8:00,307.1483459
2021/7/10 9:00,524.8214111
2021/7/10 10:00,716.737915
2021/7/10 11:00,865.2526245
2021/7/10 12:00,959.6014404
2021/7/10 13:00,992.1258545
2021/7/10 14:00,958.4255981
2021/7/10 15:00,861.7150879
2021/7/10 16:00,709.6243286
2021/7/10 17:00,513.9793701
2021/7/10 18:00,293.7226868
2021/7/10 19:00,85.69303894
2021/7/10 20:00,0.473197162
2021/7/10 21:00,0
2021/7/10 22:00,0
2021/7/10 23:00,0
2021/7/11 0:00,0
2021/7/11 1:00,0
2021/7/11 2:00,0
2021/7/11 3:00,0
2021/7/11 4:00,0
2021/7/11 5:00,0
2021/7/11 6:00,0.893295944
2021/7/11 7:00,94.09301758
2021/7/11 8:00,305.3675537
2021/7/11 9:00,524.8115234
2021/7/11 10:00,718.7241821
2021/7/11 11:00,868.8766479
2021/7/11 12:00,962.9459229
2021/7/11 13:00,993.4423828
2021/7/11 14:00,957.8638306
2021/7/11 15:00,859.8876953
2021/7/11 16:00,707.4277344
2021/7/11 17:00,512.2775269
2021/7/11 18:00,293.167511
2021/7/11 19:00,85.56372833
2021/7/11 20:00,0.453492224
2021/7/11 21:00,0
2021/7/11 22:00,0
2021/7/11 23:00,0
2021/7/12 0:00,0
2021/7/12 1:00,0
2021/7/12 2:00,0
2021/7/12 3:00,0
2021/7/12 4:00,0
2021/7/12 5:00,0
2021/7/12 6:00,0.7890113
2021/7/12 7:00,89.66512299
2021/7/12 8:00,297.4647522
2021/7/12 9:00,514.9493408
2021/7/12 10:00,706.7446289
2021/7/12 11:00,855.4621582
2021/7/12 12:00,949.7875366
2021/7/12 13:00,981.8596802
2021/7/12 14:00,947.6231689
2021/7/12 15:00,850.6166992
2021/7/12 16:00,698.7615356
2021/7/12 17:00,503.9828491
2021/7/12 18:00,285.3826599
2021/7/12 19:00,81.46641541
2021/7/12 20:00,0.413110614
2021/7/12 21:00,0
2021/7/12 22:00,0
2021/7/12 23:00,0
2021/7/13 0:00,0
2021/7/13 1:00,0
2021/7/13 2:00,0
2021/7/13 3:00,0
2021/7/13 4:00,0
2021/7/13 5:00,0
2021/7/13 6:00,0.70757848
2021/7/13 7:00,88.25782013
2021/7/13 8:00,295.4851379
2021/7/13 9:00,513.7338867
2021/7/13 10:00,706.7938232
2021/7/13 11:00,856.6811523
2021/7/13 12:00,950.9381104
2021/7/13 13:00,981.6953125
2021/7/13 14:00,945.930481
2021/7/13 15:00,848.3841553
2021/7/13 16:00,697.0822144
2021/7/13 17:00,502.8563843
2021/7/13 18:00,284.8959045
2021/7/13 19:00,81.43045044
2021/7/13 20:00,0.396750569
2021/7/13 21:00,0
2021/7/13 22:00,0
2021/7/13 23:00,0
2021/7/14 0:00,0
2021/7/14 1:00,0
2021/7/14 2:00,0
2021/7/14 3:00,0
2021/7/14 4:00,0
2021/7/14 5:00,0
2021/7/14 6:00,0.651836693
2021/7/14 7:00,88.63092041
2021/7/14 8:00,295.473114
2021/7/14 9:00,513.0527344
2021/7/14 10:00,706.2537842
2021/7/14 11:00,856.4202881
2021/7/14 12:00,950.6997681
2021/7/14 13:00,981.1635132
2021/7/14 14:00,945.03479
2021/7/14 15:00,846.6380615
2021/7/14 16:00,693.8527832
2021/7/14 17:00,497.9029541
2021/7/14 18:00,279.230957
2021/7/14 19:00,78.41424561
2021/7/14 20:00,0.37018162
2021/7/14 21:00,0
2021/7/14 22:00,0
2021/7/14 23:00,0
2021/7/15 0:00,0
2021/7/15 1:00,0
2021/7/15 2:00,0
2021/7/15 3:00,0
2021/7/15 4:00,0
2021/7/15 5:00,0
2021/7/15 6:00,0.584586143
2021/7/15 7:00,88.65597534
2021/7/15 8:00,296.9512634
2021/7/15 9:00,515.6806641
2021/7/15 10:00,710.135437
2021/7/15 11:00,861.4781494
2021/7/15 12:00,956.3968506
2021/7/15 13:00,986.9585571
2021/7/15 14:00,950.9241333
2021/7/15 15:00,851.7913208
2021/7/15 16:00,697.4177856
2021/7/15 17:00,499.7512817
2021/7/15 18:00,280.2912292
2021/7/15 19:00,78.77577209
2021/7/15 20:00,0.350082606
2021/7/15 21:00,0
2021/7/15 22:00,0
2021/7/15 23:00,0
2021/7/16 0:00,0
2021/7/16 1:00,0
2021/7/16 2:00,0
2021/7/16 3:00,0
2021/7/16 4:00,0
2021/7/16 5:00,0
2021/7/16 6:00,0.509583533
2021/7/16 7:00,83.80648804
2021/7/16 8:00,287.6077576
2021/7/16 9:00,503.0470581
2021/7/16 10:00,693.9847412
2021/7/16 11:00,842.3165894
2021/7/16 12:00,934.8328247
2021/7/16 13:00,963.6445313
2021/7/16 14:00,926.0690308
2021/7/16 15:00,826.3756104
2021/7/16 16:00,672.312439
2021/7/16 17:00,475.3660278
2021/7/16 18:00,257.2026978
2021/7/16 19:00,67.78514099
2021/7/16 20:00,0.301177025
2021/7/16 21:00,0
2021/7/16 22:00,0
2021/7/16 23:00,0
2021/7/17 0:00,0
2021/7/17 1:00,0
2021/7/17 2:00,0
2021/7/17 3:00,0
2021/7/17 4:00,0
2021/7/17 5:00,0
2021/7/17 6:00,0.422783941
2021/7/17 7:00,73.2797699
2021/7/17 8:00,271.4306641
2021/7/17 9:00,492.1554565
2021/7/17 10:00,687.1491699
2021/7/17 11:00,838.8182983
2021/7/17 12:00,934.5608521
2021/7/17 13:00,966.8301392
2021/7/17 14:00,932.8766479
2021/7/17 15:00,836.1312866
2021/7/17 16:00,684.5321655
2021/7/17 17:00,490.1303406
2021/7/17 18:00,272.7613525
2021/7/17 19:00,74.62148285
2021/7/17 20:00,0.286267042
2021/7/17 21:00,0
2021/7/17 22:00,0
2021/7/17 23:00,0
2021/7/18 0:00,0
2021/7/18 1:00,0
2021/7/18 2:00,0
2021/7/18 3:00,0
2021/7/18 4:00,0
2021/7/18 5:00,0
2021/7/18 6:00,0.381602645
2021/7/18 7:00,77.2592926
2021/7/18 8:00,277.1811829
2021/7/18 9:00,489.6352234
2021/7/18 10:00,675.2120972
2021/7/18 11:00,818.9205933
2021/7/18 12:00,912.5637817
2021/7/18 13:00,947.5773926
2021/7/18 14:00,915.8404541
2021/7/18 15:00,822.1550903
2021/7/18 16:00,674.9368286
2021/7/18 17:00,485.6809387
2021/7/18 18:00,272.2793274
2021/7/18 19:00,74.7314682
2021/7/18 20:00,0.26557371
2021/7/18 21:00,0
2021/7/18 22:00,0
2021/7/18 23:00,0
2021/7/19 0:00,0
2021/7/19 1:00,0
2021/7/19 2:00,0
2021/7/19 3:00,0
2021/7/19 4:00,0
2021/7/19 5:00,0
2021/7/19 6:00,0.335851371
2021/7/19 7:00,78.744133
2021/7/19 8:00,281.9681396
2021/7/19 9:00,499.8934326
2021/7/19 10:00,693.8300171
2021/7/19 11:00,844.8810425
2021/7/19 12:00,939.0118408
2021/7/19 13:00,968.5664673
2021/7/19 14:00,932.3624878
2021/7/19 15:00,835.1734619
2021/7/19 16:00,684.939209
2021/7/19 17:00,492.148407
2021/7/19 18:00,276.0918579
2021/7/19 19:00,76.01086426
2021/7/19 20:00,0.239897951
2021/7/19 21:00,0
2021/7/19 22:00,0
2021/7/19 23:00,0
2021/7/20 0:00,0
2021/7/20 1:00,0
2021/7/20 2:00,0
2021/7/20 3:00,0
2021/7/20 4:00,0
2021/7/20 5:00,0
2021/7/20 6:00,0.284050018
2021/7/20 7:00,76.36273956
2021/7/20 8:00,276.2075806
2021/7/20 9:00,494.0205383
2021/7/20 10:00,690.0823364
2021/7/20 11:00,843.2515259
2021/7/20 12:00,938.0861816
2021/7/20 13:00,967.0162354
2021/7/20 14:00,930.1940918
2021/7/20 15:00,832.8327637
2021/7/20 16:00,682.8683472
2021/7/20 17:00,490.4355774
2021/7/20 18:00,275.0875854
2021/7/20 19:00,75.58963776
2021/7/20 20:00,0.214768976
2021/7/20 21:00,0
2021/7/20 22:00,0
2021/7/20 23:00,0
2021/7/21 0:00,0
2021/7/21 1:00,0
2021/7/21 2:00,0
2021/7/21 3:00,0
2021/7/21 4:00,0
2021/7/21 5:00,0
2021/7/21 6:00,0.243944705
2021/7/21 7:00,72.55967712
2021/7/21 8:00,268.7535095
2021/7/21 9:00,486.335907
2021/7/21 10:00,683.8720093
2021/7/21 11:00,838.7994385
2021/7/21 12:00,935.2051392
2021/7/21 13:00,965.3554077
2021/7/21 14:00,929.6060181
2021/7/21 15:00,832.2417603
2021/7/21 16:00,681.0107422
2021/7/21 17:00,486.8939514
2021/7/21 18:00,270.7631531
2021/7/21 19:00,73.30570221
2021/7/21 20:00,0.18127811
2021/7/21 21:00,0
2021/7/21 22:00,0
2021/7/21 23:00,0
2021/7/22 0:00,0
2021/7/22 1:00,0
2021/7/22 2:00,0
2021/7/22 3:00,0
2021/7/22 4:00,0
2021/7/22 5:00,0
2021/7/22 6:00,0.21309422
2021/7/22 7:00,75.429245
2021/7/22 8:00,278.9655151
2021/7/22 9:00,499.2579956
2021/7/22 10:00,695.4296875
2021/7/22 11:00,848.5708618
2021/7/22 12:00,943.8355103
2021/7/22 13:00,973.31604
2021/7/22 14:00,936.1535034
2021/7/22 15:00,836.6499634
2021/7/22 16:00,682.6860962
2021/7/22 17:00,485.4734192
2021/7/22 18:00,267.1460266
2021/7/22 19:00,70.67599487
2021/7/22 20:00,0.157449812
2021/7/22 21:00,0
2021/7/22 22:00,0
2021/7/22 23:00,0
2021/7/23 0:00,0
2021/7/23 1:00,0
2021/7/23 2:00,0
2021/7/23 3:00,0
2021/7/23 4:00,0
2021/7/23 5:00,0
2021/7/23 6:00,0.17389226
2021/7/23 7:00,69.0194397
2021/7/23 8:00,264.0869751
2021/7/23 9:00,483.4841919
2021/7/23 10:00,680.6876831
2021/7/23 11:00,834.6625366
2021/7/23 12:00,931.3670654
2021/7/23 13:00,962.6229858
2021/7/23 14:00,925.7931519
2021/7/23 15:00,821.3009033
2021/7/23 16:00,657.614502
2021/7/23 17:00,452.2999268
2021/7/23 18:00,235.5048218
2021/7/23 19:00,59.00637817
2021/7/23 20:00,0.122796528
2021/7/23 21:00,0
2021/7/23 22:00,0
2021/7/23 23:00,0
2021/7/24 0:00,0
2021/7/24 1:00,0
2021/7/24 2:00,0
2021/7/24 3:00,0
2021/7/24 4:00,0
2021/7/24 5:00,0
2021/7/24 6:00,0.138492718
2021/7/24 7:00,61.11706161
2021/7/24 8:00,240.3308563
2021/7/24 9:00,454.7630005
2021/7/24 10:00,654.477356
2021/7/24 11:00,811.9804688
2021/7/24 12:00,910.407959
2021/7/24 13:00,941.7084961
2021/7/24 14:00,905.4859009
2021/7/24 15:00,803.34198
2021/7/24 16:00,643.4318237
2021/7/24 17:00,442.1303406
2021/7/24 18:00,227.6077576
2021/7/24 19:00,55.63460541
2021/7/24 20:00,0.094399706
2021/7/24 21:00,0
2021/7/24 22:00,0
2021/7/24 23:00,0
2021/7/25 0:00,0
2021/7/25 1:00,0
2021/7/25 2:00,0
2021/7/25 3:00,0
2021/7/25 4:00,0
2021/7/25 5:00,0
2021/7/25 6:00,0.11090447
2021/7/25 7:00,63.40400696
2021/7/25 8:00,249.5784912
2021/7/25 9:00,469.0084229
2021/7/25 10:00,670.7893066
2021/7/25 11:00,829.0005493
2021/7/25 12:00,927.7997437
2021/7/25 13:00,959.513916
2021/7/25 14:00,923.597229
2021/7/25 15:00,824.3515015
2021/7/25 16:00,669.8771973
2021/7/25 17:00,472.3699341
2021/7/25 18:00,253.9137115
2021/7/25 19:00,63.85725403
2021/7/25 20:00,0.083705872
2021/7/25 21:00,0
2021/7/25 22:00,0
2021/7/25 23:00,0
2021/7/26 0:00,0
2021/7/26 1:00,0
2021/7/26 2:00,0
2021/7/26 3:00,0
2021/7/26 4:00,0
2021/7/26 5:00,0
2021/7/26 6:00,0.082605474
2021/7/26 7:00,54.50299072
2021/7/26 8:00,221.438858
2021/7/26 9:00,429.9002686
2021/7/26 10:00,627.4176025
2021/7/26 11:00,784.5495605
2021/7/26 12:00,882.9280396
2021/7/26 13:00,913.7695313
2021/7/26 14:00,876.3584595
2021/7/26 15:00,776.4637451
2021/7/26 16:00,622.8433228
2021/7/26 17:00,428.6177979
2021/7/26 18:00,221.7632446
2021/7/26 19:00,54.24071503
2021/7/26 20:00,0.053960625
2021/7/26 21:00,0
2021/7/26 22:00,0
2021/7/26 23:00,0
2021/7/27 0:00,0
2021/7/27 1:00,0
2021/7/27 2:00,0
2021/7/27 3:00,0
2021/7/27 4:00,0
2021/7/27 5:00,0
2021/7/27 6:00,0.066683888
2021/7/27 7:00,57.90632248
2021/7/27 8:00,239.1404419
2021/7/27 9:00,461.0596008
2021/7/27 10:00,666.6908569
2021/7/27 11:00,828.9906616
2021/7/27 12:00,926.8678589
2021/7/27 13:00,952.8113403
2021/7/27 14:00,910.996521
2021/7/27 15:00,805.1819458
2021/7/27 16:00,643.5204468
2021/7/27 17:00,440.1701965
2021/7/27 18:00,227.594696
2021/7/27 19:00,55.93061066
2021/7/27 20:00,0.042534798
2021/7/27 21:00,0
2021/7/27 22:00,0
2021/7/27 23:00,0
2021/7/28 0:00,0
2021/7/28 1:00,0
2021/7/28 2:00,0
2021/7/28 3:00,0
2021/7/28 4:00,0
2021/7/28 5:00,0
2021/7/28 6:00,0.047909897
2021/7/28 7:00,57.92259216
2021/7/28 8:00,238.5204315
2021/7/28 9:00,448.8630066
2021/7/28 10:00,634.0974731
2021/7/28 11:00,776.8590088
2021/7/28 12:00,866.0386963
2021/7/28 13:00,893.0169678
2021/7/28 14:00,851.9730225
2021/7/28 15:00,747.9922485
2021/7/28 16:00,590.3400269
2021/7/28 17:00,394.8746338
2021/7/28 18:00,199.4927826
2021/7/28 19:00,48.94864273
2021/7/28 20:00,0.02674129
2021/7/28 21:00,0
2021/7/28 22:00,0
2021/7/28 23:00,0
2021/7/29 0:00,0
2021/7/29 1:00,0
2021/7/29 2:00,0
2021/7/29 3:00,0
2021/7/29 4:00,0
2021/7/29 5:00,0
2021/7/29 6:00,0.033112328
2021/7/29 7:00,51.86170197
2021/7/29 8:00,215.1504211
2021/7/29 9:00,417.7894287
2021/7/29 10:00,607.9918213
2021/7/29 11:00,757.8222046
2021/7/29 12:00,852.1860962
2021/7/29 13:00,882.4243164
2021/7/29 14:00,845.1339111
2021/7/29 15:00,746.3129272
2021/7/29 16:00,594.8288574
2021/7/29 17:00,404.3303833
2021/7/29 18:00,205.693924
2021/7/29 19:00,48.65686417
2021/7/29 20:00,0.013600577
2021/7/29 21:00,0
2021/7/29 22:00,0
2021/7/29 23:00,0
2021/7/30 0:00,0
2021/7/30 1:00,0
2021/7/30 2:00,0
2021/7/30 3:00,0
2021/7/30 4:00,0
2021/7/30 5:00,0
2021/7/30 6:00,0.020289391
2021/7/30 7:00,67.92907715
2021/7/30 8:00,268.0227661
2021/7/30 9:00,485.970459
2021/7/30 10:00,679.694397
2021/7/30 11:00,830.5596313
2021/7/30 12:00,925.6397705
2021/7/30 13:00,956.8273315
2021/7/30 14:00,921.0288696
2021/7/30 15:00,820.5206909
2021/7/30 16:00,663.3209229
2021/7/30 17:00,463.3892822
2021/7/30 18:00,245.5782471
2021/7/30 19:00,58.71823502
2021/7/30 20:00,0.008182971
2021/7/30 21:00,0
2021/7/30 22:00,0
2021/7/30 23:00,0
2021/7/31 0:00,0
2021/7/31 1:00,0
2021/7/31 2:00,0
2021/7/31 3:00,0
2021/7/31 4:00,0
2021/7/31 5:00,0
2021/7/31 6:00,0.013287233
2021/7/31 7:00,60.87650299
2021/7/31 8:00,252.3712158
2021/7/31 9:00,468.9733887
2021/7/31 10:00,662.15802
2021/7/31 11:00,812.4521484
2021/7/31 12:00,908.3369751
2021/7/31 13:00,941.7050781
2021/7/31 14:00,907.6864624
2021/7/31 15:00,809.3674927
2021/7/31 16:00,654.6883545
2021/7/31 17:00,456.9068909
2021/7/31 18:00,240.6842651
2021/7/31 19:00,56.84070587
2021/7/31 20:00,5.49E-17
2021/7/31 21:00,0
2021/7/31 22:00,0
2021/7/31 23:00,0
2021/8/1 0:00,0
2021/8/1 1:00,0
2021/8/1 2:00,0
2021/8/1 3:00,0
2021/8/1 4:00,0
2021/8/1 5:00,0
2021/8/1 6:00,0.007399504
2021/8/1 7:00,60.1390419
2021/8/1 8:00,250.0045929
2021/8/1 9:00,467.2761841
2021/8/1 10:00,663.3529663
2021/8/1 11:00,816.3068848
2021/8/1 12:00,914.3087158
2021/8/1 13:00,949.2775269
2021/8/1 14:00,916.7635498
2021/8/1 15:00,818.9414673
2021/8/1 16:00,663.9193115
2021/8/1 17:00,465.7845459
2021/8/1 18:00,247.8336945
2021/8/1 19:00,58.6028595
2021/8/1 20:00,2.88E-17
2021/8/1 21:00,0
2021/8/1 22:00,0
2021/8/1 23:00,0
2021/8/2 0:00,0
2021/8/2 1:00,0
2021/8/2 2:00,0
2021/8/2 3:00,0
2021/8/2 4:00,0
2021/8/2 5:00,0
2021/8/2 6:00,0
2021/8/2 7:00,60.17529678
2021/8/2 8:00,253.5368347
2021/8/2 9:00,466.0919495
2021/8/2 10:00,650.4608154
2021/8/2 11:00,792.5509033
2021/8/2 12:00,883.8442993
2021/8/2 13:00,915.6522217
2021/8/2 14:00,879.7541504
2021/8/2 15:00,781.574707
2021/8/2 16:00,629.3797607
2021/8/2 17:00,435.2435608
2021/8/2 18:00,225.5808105
2021/8/2 19:00,51.56484222
2021/8/2 20:00,0
2021/8/2 21:00,0
2021/8/2 22:00,0
2021/8/2 23:00,0
2021/8/3 0:00,0
2021/8/3 1:00,0
2021/8/3 2:00,0
2021/8/3 3:00,0
2021/8/3 4:00,0
2021/8/3 5:00,0
2021/8/3 6:00,0
2021/8/3 7:00,62.77056885
2021/8/3 8:00,259.2702332
2021/8/3 9:00,474.5786438
2021/8/3 10:00,664.4180298
2021/8/3 11:00,811.1489868
2021/8/3 12:00,905.7197266
2021/8/3 13:00,939.8646851
2021/8/3 14:00,906.7839355
2021/8/3 15:00,809.8374023
2021/8/3 16:00,657.1895142
2021/8/3 17:00,461.8265381
2021/8/3 18:00,244.5966492
2021/8/3 19:00,55.42023468
2021/8/3 20:00,0
2021/8/3 21:00,0
2021/8/3 22:00,0
2021/8/3 23:00,0
2021/8/4 0:00,0
2021/8/4 1:00,0
2021/8/4 2:00,0
2021/8/4 3:00,0
2021/8/4 4:00,0
2021/8/4 5:00,0
2021/8/4 6:00,0
2021/8/4 7:00,58.45383072
2021/8/4 8:00,250.6313171
2021/8/4 9:00,466.2055359
2021/8/4 10:00,656.0038452
2021/8/4 11:00,802.7689209
2021/8/4 12:00,896.8787231
2021/8/4 13:00,929.9664917
2021/8/4 14:00,895.0170898
2021/8/4 15:00,791.0786133
2021/8/4 16:00,626.0664063
2021/8/4 17:00,419.8561401
2021/8/4 18:00,208.5110321
2021/8/4 19:00,45.91453934
2021/8/4 20:00,0
2021/8/4 21:00,0
2021/8/4 22:00,0
2021/8/4 23:00,0
2021/8/5 0:00,0
2021/8/5 1:00,0
2021/8/5 2:00,0
2021/8/5 3:00,0
2021/8/5 4:00,0
2021/8/5 5:00,0
2021/8/5 6:00,0
2021/8/5 7:00,51.06926727
2021/8/5 8:00,229.7868652
2021/8/5 9:00,442.4279175
2021/8/5 10:00,633.1430054
2021/8/5 11:00,782.067749
2021/8/5 12:00,880.1372681
2021/8/5 13:00,918.7502441
2021/8/5 14:00,889.875061
2021/8/5 15:00,794.5473022
2021/8/5 16:00,640.8744507
2021/8/5 17:00,444.5501404
2021/8/5 18:00,228.5387878
2021/8/5 19:00,49.28877258
2021/8/5 20:00,0
2021/8/5 21:00,0
2021/8/5 22:00,0
2021/8/5 23:00,0
2021/8/6 0:00,0
2021/8/6 1:00,0
2021/8/6 2:00,0
2021/8/6 3:00,0
2021/8/6 4:00,0
2021/8/6 5:00,0
2021/8/6 6:00,0
2021/8/6 7:00,49.63389969
2021/8/6 8:00,225.1215973
2021/8/6 9:00,440.8988953
2021/8/6 10:00,639.4584961
2021/8/6 11:00,795.3743286
2021/8/6 12:00,895.4318237
2021/8/6 13:00,931.4950562
2021/8/6 14:00,899.5184326
2021/8/6 15:00,800.942749
2021/8/6 16:00,643.9105835
2021/8/6 17:00,444.0444641
2021/8/6 18:00,227.4538574
2021/8/6 19:00,48.97663116
2021/8/6 20:00,0
2021/8/6 21:00,0
2021/8/6 22:00,0
2021/8/6 23:00,0
2021/8/7 0:00,0
2021/8/7 1:00,0
2021/8/7 2:00,0
2021/8/7 3:00,0
2021/8/7 4:00,0
2021/8/7 5:00,0
2021/8/7 6:00,0
2021/8/7 7:00,50.74780655
2021/8/7 8:00,230.1886902
2021/8/7 9:00,444.6547241
2021/8/7 10:00,638.5194092
2021/8/7 11:00,790.1129761
2021/8/7 12:00,887.3230591
2021/8/7 13:00,921.602478
2021/8/7 14:00,887.5407104
2021/8/7 15:00,788.3224487
2021/8/7 16:00,632.1444092
2021/8/7 17:00,433.3407288
2021/8/7 18:00,217.8188171
2021/8/7 19:00,45.22218323
2021/8/7 20:00,0
2021/8/7 21:00,0
2021/8/7 22:00,0
2021/8/7 23:00,0
2021/8/8 0:00,0
2021/8/8 1:00,0
2021/8/8 2:00,0
2021/8/8 3:00,0
2021/8/8 4:00,0
2021/8/8 5:00,0
2021/8/8 6:00,0
2021/8/8 7:00,45.88644028
2021/8/8 8:00,213.1997375
2021/8/8 9:00,429.0610046
2021/8/8 10:00,635.3105469
2021/8/8 11:00,800.0576172
2021/8/8 12:00,902.7382813
2021/8/8 13:00,935.1488037
2021/8/8 14:00,899.067749
2021/8/8 15:00,798.4040527
2021/8/8 16:00,641.5557861
2021/8/8 17:00,442.0057678
2021/8/8 18:00,224.174942
2021/8/8 19:00,46.12450027
2021/8/8 20:00,0
2021/8/8 21:00,0
2021/8/8 22:00,0
2021/8/8 23:00,0
2021/8/9 0:00,0
2021/8/9 1:00,0
2021/8/9 2:00,0
2021/8/9 3:00,0
2021/8/9 4:00,0
2021/8/9 5:00,0
2021/8/9 6:00,0
2021/8/9 7:00,51.24305344
2021/8/9 8:00,236.4627533
2021/8/9 9:00,456.0714111
2021/8/9 10:00,653.4527588
2021/8/9 11:00,807.1587524
2021/8/9 12:00,906.138855
2021/8/9 13:00,942.2185669
2021/8/9 14:00,909.7099609
2021/8/9 15:00,811.0273438
2021/8/9 16:00,654.4356689
2021/8/9 17:00,454.3689575
2021/8/9 18:00,232.8024445
2021/8/9 19:00,47.38971329
2021/8/9 20:00,0
2021/8/9 21:00,0
2021/8/9 22:00,0
2021/8/9 23:00,0
2021/8/10 0:00,0
2021/8/10 1:00,0
2021/8/10 2:00,0
2021/8/10 3:00,0
2021/8/10 4:00,0
2021/8/10 5:00,0
2021/8/10 6:00,0
2021/8/10 7:00,50.12231445
2021/8/10 8:00,232.9094391
2021/8/10 9:00,454.5168152
2021/8/10 10:00,656.956604
2021/8/10 11:00,815.0933838
2021/8/10 12:00,915.3702393
2021/8/10 13:00,949.8656006
2021/8/10 14:00,915.4983521
2021/8/10 15:00,816.0235596
2021/8/10 16:00,659.7341309
2021/8/10 17:00,459.6889038
2021/8/10 18:00,238.5579376
2021/8/10 19:00,49.2595253
2021/8/10 20:00,0
2021/8/10 21:00,0
2021/8/10 22:00,0
2021/8/10 23:00,0
2021/8/11 0:00,0
2021/8/11 1:00,0
2021/8/11 2:00,0
2021/8/11 3:00,0
2021/8/11 4:00,0
2021/8/11 5:00,0
2021/8/11 6:00,0
2021/8/11 7:00,58.29349518
2021/8/11 8:00,258.4768372
2021/8/11 9:00,479.70047
2021/8/11 10:00,675.6303711
2021/8/11 11:00,827.7218018
2021/8/11 12:00,924.2597046
2021/8/11 13:00,956.711731
2021/8/11 14:00,920.3191528
2021/8/11 15:00,819.4425659
2021/8/11 16:00,662.5076294
2021/8/11 17:00,461.9120483
2021/8/11 18:00,238.6383362
2021/8/11 19:00,47.79837036
2021/8/11 20:00,0
2021/8/11 21:00,0
2021/8/11 22:00,0
2021/8/11 23:00,0
2021/8/12 0:00,0
2021/8/12 1:00,0
2021/8/12 2:00,0
2021/8/12 3:00,0
2021/8/12 4:00,0
2021/8/12 5:00,0
2021/8/12 6:00,0
2021/8/12 7:00,56.93429565
2021/8/12 8:00,256.3632202
2021/8/12 9:00,478.6154175
2021/8/12 10:00,675.5147705
2021/8/12 11:00,828.1218872
2021/8/12 12:00,925.3045654
2021/8/12 13:00,958.7642822
2021/8/12 14:00,923.3651733
2021/8/12 15:00,822.7355957
2021/8/12 16:00,665.2717896
2021/8/12 17:00,464.0498047
2021/8/12 18:00,240.6723633
2021/8/12 19:00,48.08757401
2021/8/12 20:00,0
2021/8/12 21:00,0
2021/8/12 22:00,0
2021/8/12 23:00,0
2021/8/13 0:00,0
2021/8/13 1:00,0
2021/8/13 2:00,0
2021/8/13 3:00,0
2021/8/13 4:00,0
2021/8/13 5:00,0
2021/8/13 6:00,0
2021/8/13 7:00,58.51543808
2021/8/13 8:00,260.7417297
2021/8/13 9:00,484.8699951
2021/8/13 10:00,685.1226807
2021/8/13 11:00,840.9833374
2021/8/13 12:00,938.1326904
2021/8/13 13:00,968.3986816
2021/8/13 14:00,929.8461914
2021/8/13 15:00,827.1152954
2021/8/13 16:00,668.7019043
2021/8/13 17:00,466.5596008
2021/8/13 18:00,241.8184662
2021/8/13 19:00,47.57449722
2021/8/13 20:00,0
2021/8/13 21:00,0
2021/8/13 22:00,0
2021/8/13 23:00,0
2021/8/14 0:00,0
2021/8/14 1:00,0
2021/8/14 2:00,0
2021/8/14 3:00,0
2021/8/14 4:00,0
2021/8/14 5:00,0
2021/8/14 6:00,0
2021/8/14 7:00,50.31378174
2021/8/14 8:00,239.0674591
2021/8/14 9:00,462.4823608
2021/8/14 10:00,666.8954468
2021/8/14 11:00,827.0841064
2021/8/14 12:00,927.3971558
2021/8/14 13:00,959.7004395
2021/8/14 14:00,923.1118164
2021/8/14 15:00,820.5426025
2021/8/14 16:00,660.2299805
2021/8/14 17:00,455.7096558
2021/8/14 18:00,231.1044006
2021/8/14 19:00,43.90071869
2021/8/14 20:00,0
2021/8/14 21:00,0
2021/8/14 22:00,0
2021/8/14 23:00,0
2021/8/15 0:00,0
2021/8/15 1:00,0
2021/8/15 2:00,0
2021/8/15 3:00,0
2021/8/15 4:00,0
2021/8/15 5:00,0
2021/8/15 6:00,0
2021/8/15 7:00,51.7549324
2021/8/15 8:00,245.0348663
2021/8/15 9:00,466.856842
2021/8/15 10:00,664.3413696
2021/8/15 11:00,817.6292114
2021/8/15 12:00,914.7749634
2021/8/15 13:00,947.1740112
2021/8/15 14:00,909.6860352
2021/8/15 15:00,806.8407593
2021/8/15 16:00,647.2199097
2021/8/15 17:00,443.8641968
2021/8/15 18:00,221.5490875
2021/8/15 19:00,40.76255035
2021/8/15 20:00,0
2021/8/15 21:00,0
2021/8/15 22:00,0
2021/8/15 23:00,0
2021/8/16 0:00,0
2021/8/16 1:00,0
2021/8/16 2:00,0
2021/8/16 3:00,0
2021/8/16 4:00,0
2021/8/16 5:00,0
2021/8/16 6:00,0
2021/8/16 7:00,54.61145782
2021/8/16 8:00,255.0490723
2021/8/16 9:00,478.9245911
2021/8/16 10:00,675.3251343
2021/8/16 11:00,826.8969727
2021/8/16 12:00,923.3213501
2021/8/16 13:00,956.116333
2021/8/16 14:00,918.6939087
2021/8/16 15:00,814.9847412
2021/8/16 16:00,653.447876
2021/8/16 17:00,447.5914917
2021/8/16 18:00,222.7505188
2021/8/16 19:00,40.23177338
2021/8/16 20:00,0
2021/8/16 21:00,0
2021/8/16 22:00,0
2021/8/16 23:00,0
2021/8/17 0:00,0
2021/8/17 1:00,0
2021/8/17 2:00,0
2021/8/17 3:00,0
2021/8/17 4:00,0
2021/8/17 5:00,0
2021/8/17 6:00,0
2021/8/17 7:00,53.70069504
2021/8/17 8:00,254.0869751
2021/8/17 9:00,483.1140442
2021/8/17 10:00,688.2680664
2021/8/17 11:00,847.4187622
2021/8/17 12:00,946.3278809
2021/8/17 13:00,977.0282593
2021/8/17 14:00,937.5821533
2021/8/17 15:00,831.1904907
2021/8/17 16:00,666.3026123
2021/8/17 17:00,456.7167053
2021/8/17 18:00,227.4980774
2021/8/17 19:00,40.27153778
2021/8/17 20:00,0
2021/8/17 21:00,0
2021/8/17 22:00,0
2021/8/17 23:00,0
2021/8/18 0:00,0
2021/8/18 1:00,0
2021/8/18 2:00,0
2021/8/18 3:00,0
2021/8/18 4:00,0
2021/8/18 5:00,0
2021/8/18 6:00,0
2021/8/18 7:00,53.78361893
2021/8/18 8:00,254.1813354
2021/8/18 9:00,480.7279663
2021/8/18 10:00,682.4590454
2021/8/18 11:00,838.5168457
2021/8/18 12:00,934.8834229
2021/8/18 13:00,963.4921875
2021/8/18 14:00,921.8843994
2021/8/18 15:00,813.7728271
2021/8/18 16:00,647.5556641
2021/8/18 17:00,437.1610718
2021/8/18 18:00,211.9026642
2021/8/18 19:00,36.23473358
2021/8/18 20:00,0
2021/8/18 21:00,0
2021/8/18 22:00,0
2021/8/18 23:00,0
2021/8/19 0:00,0
2021/8/19 1:00,0
2021/8/19 2:00,0
2021/8/19 3:00,0
2021/8/19 4:00,0
2021/8/19 5:00,0
2021/8/19 6:00,0
2021/8/19 7:00,51.88242722
2021/8/19 8:00,250.6021271
2021/8/19 9:00,479.1160278
2021/8/19 10:00,683.4983521
2021/8/19 11:00,841.9223633
2021/8/19 12:00,940.4502563
2021/8/19 13:00,971.0896606
2021/8/19 14:00,931.6514282
2021/8/19 15:00,825.875
2021/8/19 16:00,662.2526855
2021/8/19 17:00,454.1383362
2021/8/19 18:00,225.3855133
2021/8/19 19:00,38.17099762
2021/8/19 20:00,0
2021/8/19 21:00,0
2021/8/19 22:00,0
2021/8/19 23:00,0
2021/8/20 0:00,0
2021/8/20 1:00,0
2021/8/20 2:00,0
2021/8/20 3:00,0
2021/8/20 4:00,0
2021/8/20 5:00,0
2021/8/20 6:00,0
2021/8/20 7:00,51.78126144
2021/8/20 8:00,251.2894592
2021/8/20 9:00,480.6060791
2021/8/20 10:00,686.550354
2021/8/20 11:00,846.5057373
2021/8/20 12:00,945.5479126
2021/8/20 13:00,975.6204224
2021/8/20 14:00,935.4021606
2021/8/20 15:00,829.0581665
2021/8/20 16:00,665.1815796
2021/8/20 17:00,456.7532349
2021/8/20 18:00,227.3653107
2021/8/20 19:00,38.02043915
2021/8/20 20:00,0
2021/8/20 21:00,0
2021/8/20 22:00,0
2021/8/20 23:00,0
2021/8/21 0:00,0
2021/8/21 1:00,0
2021/8/21 2:00,0
2021/8/21 3:00,0
2021/8/21 4:00,0
2021/8/21 5:00,0
2021/8/21 6:00,0
2021/8/21 7:00,53.53160858
2021/8/21 8:00,257.0132446
2021/8/21 9:00,485.9563904
2021/8/21 10:00,689.8051147
2021/8/21 11:00,847.4832153
2021/8/21 12:00,945.4187012
2021/8/21 13:00,975.5362549
2021/8/21 14:00,935.1781616
2021/8/21 15:00,828.3885498
2021/8/21 16:00,663.8981323
2021/8/21 17:00,454.9054871
2021/8/21 18:00,224.8545227
2021/8/21 19:00,36.39425659
2021/8/21 20:00,0
2021/8/21 21:00,0
2021/8/21 22:00,0
2021/8/21 23:00,0
2021/8/22 0:00,0
2021/8/22 1:00,0
2021/8/22 2:00,0
2021/8/22 3:00,0
2021/8/22 4:00,0
2021/8/22 5:00,0
2021/8/22 6:00,0
2021/8/22 7:00,51.33557129
2021/8/22 8:00,252.3244324
2021/8/22 9:00,482.7751465
2021/8/22 10:00,689.3522339
2021/8/22 11:00,849.3118286
2021/8/22 12:00,948.7489624
2021/8/22 13:00,979.7061157
2021/8/22 14:00,939.9495239
2021/8/22 15:00,833.5681152
2021/8/22 16:00,669.2855835
2021/8/22 17:00,460.2541809
2021/8/22 18:00,229.4832153
2021/8/22 19:00,37.08390427
2021/8/22 20:00,0
2021/8/22 21:00,0
2021/8/22 22:00,0
2021/8/22 23:00,0
2021/8/23 0:00,0
2021/8/23 1:00,0
2021/8/23 2:00,0
2021/8/23 3:00,0
2021/8/23 4:00,0
2021/8/23 5:00,0
2021/8/23 6:00,0
2021/8/23 7:00,55.37567139
2021/8/23 8:00,264.7550354
2021/8/23 9:00,493.6132507
2021/8/23 10:00,694.8644409
2021/8/23 11:00,850.1726685
2021/8/23 12:00,947.0087891
2021/8/23 13:00,976.786377
2021/8/23 14:00,935.3754883
2021/8/23 15:00,827.055542
2021/8/23 16:00,660.645813
2021/8/23 17:00,449.5884399
2021/8/23 18:00,218.418335
2021/8/23 19:00,33.28915405
2021/8/23 20:00,0
2021/8/23 21:00,0
2021/8/23 22:00,0
2021/8/23 23:00,0
2021/8/24 0:00,0
2021/8/24 1:00,0
2021/8/24 2:00,0
2021/8/24 3:00,0
2021/8/24 4:00,0
2021/8/24 5:00,0
2021/8/24 6:00,0
2021/8/24 7:00,50.46050644
2021/8/24 8:00,251.6952972
2021/8/24 9:00,481.9424744
2021/8/24 10:00,686.9661255
2021/8/24 11:00,844.6333618
2021/8/24 12:00,940.5325928
2021/8/24 13:00,967.0822754
2021/8/24 14:00,922.9694214
2021/8/24 15:00,813.6622925
2021/8/24 16:00,647.9342651
2021/8/24 17:00,437.9597168
2021/8/24 18:00,210.1959076
2021/8/24 19:00,31.10577202
2021/8/24 20:00,0
2021/8/24 21:00,0
2021/8/24 22:00,0
2021/8/24 23:00,0
2021/8/25 0:00,0
2021/8/25 1:00,0
2021/8/25 2:00,0
2021/8/25 3:00,0
2021/8/25 4:00,0
2021/8/25 5:00,0
2021/8/25 6:00,0
2021/8/25 7:00,49.07611847
2021/8/25 8:00,248.3056793
2021/8/25 9:00,477.0456238
2021/8/25 10:00,680.2781982
2021/8/25 11:00,836.7714844
2021/8/25 12:00,932.4516602
2021/8/25 13:00,959.3270874
2021/8/25 14:00,915.3696899
2021/8/25 15:00,807.2747192
2021/8/25 16:00,644.1239624
2021/8/25 17:00,437.2539673
2021/8/25 18:00,210.5105896
2021/8/25 19:00,30.2704258
2021/8/25 20:00,0
2021/8/25 21:00,0
2021/8/25 22:00,0
2021/8/25 23:00,0
2021/8/26 0:00,0
2021/8/26 1:00,0
2021/8/26 2:00,0
2021/8/26 3:00,0
2021/8/26 4:00,0
2021/8/26 5:00,0
2021/8/26 6:00,0
2021/8/26 7:00,53.1823082
2021/8/26 8:00,260.5003662
2021/8/26 9:00,490.5739136
2021/8/26 10:00,695.0010376
2021/8/26 11:00,852.8847046
2021/8/26 12:00,949.951416
2021/8/26 13:00,977.9525146
2021/8/26 14:00,934.8163452
2021/8/26 15:00,825.5458374
2021/8/26 16:00,659.2163086
2021/8/26 17:00,448.7687683
2021/8/26 18:00,218.3153687
2021/8/26 19:00,31.37530136
2021/8/26 20:00,0
2021/8/26 21:00,0
2021/8/26 22:00,0
2021/8/26 23:00,0
2021/8/27 0:00,0
2021/8/27 1:00,0
2021/8/27 2:00,0
2021/8/27 3:00,0
2021/8/27 4:00,0
2021/8/27 5:00,0
2021/8/27 6:00,0
2021/8/27 7:00,50.93399429
2021/8/27 8:00,257.9872437
2021/8/27 9:00,489.7229309
2021/8/27 10:00,694.2666626
2021/8/27 11:00,852.0883789
2021/8/27 12:00,949.4656982
2021/8/27 13:00,978.125
2021/8/27 14:00,935.4768066
2021/8/27 15:00,826.2578125
2021/8/27 16:00,659.5325317
2021/8/27 17:00,448.4407959
2021/8/27 18:00,216.2738342
2021/8/27 19:00,29.72237396
2021/8/27 20:00,0
2021/8/27 21:00,0
2021/8/27 22:00,0
2021/8/27 23:00,0
2021/8/28 0:00,0
2021/8/28 1:00,0
2021/8/28 2:00,0
2021/8/28 3:00,0
2021/8/28 4:00,0
2021/8/28 5:00,0
2021/8/28 6:00,0
2021/8/28 7:00,50.24483109
2021/8/28 8:00,255.8317261
2021/8/28 9:00,486.5898743
2021/8/28 10:00,690.0587769
2021/8/28 11:00,846.4343872
2021/8/28 12:00,942.499939
2021/8/28 13:00,970.1740723
2021/8/28 14:00,926.9067993
2021/8/28 15:00,817.4301147
2021/8/28 16:00,650.7694702
2021/8/28 17:00,440.4298096
2021/8/28 18:00,209.4649658
2021/8/28 19:00,27.41136932
2021/8/28 20:00,0
2021/8/28 21:00,0
2021/8/28 22:00,0
2021/8/28 23:00,0
2021/8/29 0:00,0
2021/8/29 1:00,0
2021/8/29 2:00,0
2021/8/29 3:00,0
2021/8/29 4:00,0
2021/8/29 5:00,0
2021/8/29 6:00,0
2021/8/29 7:00,43.9881134
2021/8/29 8:00,239.5665588
2021/8/29 9:00,469.7990723
2021/8/29 10:00,672.8606567
2021/8/29 11:00,829.3977051
2021/8/29 12:00,926.7081299
2021/8/29 13:00,956.4207153
2021/8/29 14:00,914.7144775
2021/8/29 15:00,805.1033936
2021/8/29 16:00,636.5439453
2021/8/29 17:00,423.8919067
2021/8/29 18:00,194.4558411
2021/8/29 19:00,23.8976593
2021/8/29 20:00,0
2021/8/29 21:00,0
2021/8/29 22:00,0
2021/8/29 23:00,0
2021/8/30 0:00,0
2021/8/30 1:00,0
2021/8/30 2:00,0
2021/8/30 3:00,0
2021/8/30 4:00,0
2021/8/30 5:00,0
2021/8/30 6:00,0
2021/8/30 7:00,47.78768539
2021/8/30 8:00,248.6289215
2021/8/30 9:00,477.7487488
2021/8/30 10:00,680.1970825
2021/8/30 11:00,834.8964233
2021/8/30 12:00,930.4398804
2021/8/30 13:00,958.8117065
2021/8/30 14:00,915.5847168
2021/8/30 15:00,805.291748
2021/8/30 16:00,636.9292603
2021/8/30 17:00,424.6012878
2021/8/30 18:00,194.5070801
2021/8/30 19:00,23.09989548
2021/8/30 20:00,0
2021/8/30 21:00,0
2021/8/30 22:00,0
2021/8/30 23:00,0
2021/8/31 0:00,0
2021/8/31 1:00,0
2021/8/31 2:00,0
2021/8/31 3:00,0
2021/8/31 4:00,0
2021/8/31 5:00,0
2021/8/31 6:00,0
2021/8/31 7:00,42.30657196
2021/8/31 8:00,229.928894
2021/8/31 9:00,453.6636353
2021/8/31 10:00,653.0457153
2021/8/31 11:00,805.6270142
2021/8/31 12:00,900.3166504
2021/8/31 13:00,928.6687012
2021/8/31 14:00,885.2860718
2021/8/31 15:00,776.0083008
2021/8/31 16:00,610.4412231
2021/8/31 17:00,402.6088257
2021/8/31 18:00,180.6493378
2021/8/31 19:00,20.59596252
2021/8/31 20:00,0
2021/8/31 21:00,0
2021/8/31 22:00,0
2021/8/31 23:00,0
2021/9/1 0:00,0
2021/9/1 1:00,0
2021/9/1 2:00,0
2021/9/1 3:00,0
2021/9/1 4:00,0
2021/9/1 5:00,0
2021/9/1 6:00,0
2021/9/1 7:00,47.08406448
2021/9/1 8:00,249.6583099
2021/9/1 9:00,478.6981201
2021/9/1 10:00,680.6988525
2021/9/1 11:00,835.793335
2021/9/1 12:00,931.4906006
2021/9/1 13:00,959.6956177
2021/9/1 14:00,916.9473267
2021/9/1 15:00,807.9833984
2021/9/1 16:00,641.8739624
2021/9/1 17:00,432.0988464
2021/9/1 18:00,201.2653046
2021/9/1 19:00,22.81114578
2021/9/1 20:00,0
2021/9/1 21:00,0
2021/9/1 22:00,0
2021/9/1 23:00,0
2021/9/2 0:00,0
2021/9/2 1:00,0
2021/9/2 2:00,0
2021/9/2 3:00,0
2021/9/2 4:00,0
2021/9/2 5:00,0
2021/9/2 6:00,0
2021/9/2 7:00,49.52850342
2021/9/2 8:00,257.3532715
2021/9/2 9:00,488.4523621
2021/9/2 10:00,692.2828369
2021/9/2 11:00,848.7550659
2021/9/2 12:00,943.6981812
2021/9/2 13:00,969.0125122
2021/9/2 14:00,922.7312012
2021/9/2 15:00,810.045166
2021/9/2 16:00,640.3584595
2021/9/2 17:00,427.1403198
2021/9/2 18:00,195.3732605
2021/9/2 19:00,21.13250923
2021/9/2 20:00,0
2021/9/2 21:00,0
2021/9/2 22:00,0
2021/9/2 23:00,0
2021/9/3 0:00,0
2021/9/3 1:00,0
2021/9/3 2:00,0
2021/9/3 3:00,0
2021/9/3 4:00,0
2021/9/3 5:00,0
2021/9/3 6:00,0
2021/9/3 7:00,46.1919899
2021/9/3 8:00,247.9230499
2021/9/3 9:00,477.6924744
2021/9/3 10:00,681.2736816
2021/9/3 11:00,837.449707
2021/9/3 12:00,933.0617065
2021/9/3 13:00,959.7897949
2021/9/3 14:00,914.4231567
2021/9/3 15:00,801.8504028
2021/9/3 16:00,631.4141846
2021/9/3 17:00,417.2611694
2021/9/3 18:00,186.3418884
2021/9/3 19:00,18.97445488
2021/9/3 20:00,0
2021/9/3 21:00,0
2021/9/3 22:00,0
2021/9/3 23:00,0
2021/9/4 0:00,0
2021/9/4 1:00,0
2021/9/4 2:00,0
2021/9/4 3:00,0
2021/9/4 4:00,0
2021/9/4 5:00,0
2021/9/4 6:00,0
2021/9/4 7:00,47.99288177
2021/9/4 8:00,254.3088531
2021/9/4 9:00,486.9003601
2021/9/4 10:00,693.2150269
2021/9/4 11:00,851.3863525
2021/9/4 12:00,946.4623413
2021/9/4 13:00,970.5447998
2021/9/4 14:00,922.5978394
2021/9/4 15:00,807.78125
2021/9/4 16:00,635.4599609
2021/9/4 17:00,419.3639526
2021/9/4 18:00,187.0540009
2021/9/4 19:00,18.4724369
2021/9/4 20:00,0
2021/9/4 21:00,0
2021/9/4 22:00,0
2021/9/4 23:00,0
2021/9/5 0:00,0
2021/9/5 1:00,0
2021/9/5 2:00,0
2021/9/5 3:00,0
2021/9/5 4:00,0
2021/9/5 5:00,0
2021/9/5 6:00,0
2021/9/5 7:00,45.5698204
2021/9/5 8:00,247.1500549
2021/9/5 9:00,476.710022
2021/9/5 10:00,680.0220337
2021/9/5 11:00,835.3966064
2021/9/5 12:00,928.4104004
2021/9/5 13:00,951.2218018
2021/9/5 14:00,902.3683472
2021/9/5 15:00,787.3719482
2021/9/5 16:00,615.6043701
2021/9/5 17:00,400.7585754
2021/9/5 18:00,172.1847076
2021/9/5 19:00,15.63869095
2021/9/5 20:00,0
2021/9/5 21:00,0
2021/9/5 22:00,0
2021/9/5 23:00,0
2021/9/6 0:00,0
2021/9/6 1:00,0
2021/9/6 2:00,0
2021/9/6 3:00,0
2021/9/6 4:00,0
2021/9/6 5:00,0
2021/9/6 6:00,0
2021/9/6 7:00,39.82659912
2021/9/6 8:00,227.2675476
2021/9/6 9:00,452.1325684
2021/9/6 10:00,654.1765747
2021/9/6 11:00,809.1119995
2021/9/6 12:00,901.9146118
2021/9/6 13:00,924.3120117
2021/9/6 14:00,874.3579712
2021/9/6 15:00,758.8266602
2021/9/6 16:00,587.4556274
2021/9/6 17:00,374.8088989
2021/9/6 18:00,154.1257935
2021/9/6 19:00,13.2387991
2021/9/6 20:00,0
2021/9/6 21:00,0
2021/9/6 22:00,0
2021/9/6 23:00,0
2021/9/7 0:00,0
2021/9/7 1:00,0
2021/9/7 2:00,0
2021/9/7 3:00,0
2021/9/7 4:00,0
2021/9/7 5:00,0
2021/9/7 6:00,0
2021/9/7 7:00,41.60894775
2021/9/7 8:00,238.1183929
2021/9/7 9:00,469.8208008
2021/9/7 10:00,674.6738892
2021/9/7 11:00,831.1295166
2021/9/7 12:00,925.4442139
2021/9/7 13:00,949.5933228
2021/9/7 14:00,901.3148193
2021/9/7 15:00,786.7443848
2021/9/7 16:00,615.7162476
2021/9/7 17:00,401.8369751
2021/9/7 18:00,172.4980927
2021/9/7 19:00,14.4292078
2021/9/7 20:00,0
2021/9/7 21:00,0
2021/9/7 22:00,0
2021/9/7 23:00,0
2021/9/8 0:00,0
2021/9/8 1:00,0
2021/9/8 2:00,0
2021/9/8 3:00,0
2021/9/8 4:00,0
2021/9/8 5:00,0
2021/9/8 6:00,0
2021/9/8 7:00,44.68271637
2021/9/8 8:00,248.4389801
2021/9/8 9:00,480.9004211
2021/9/8 10:00,686.0831299
2021/9/8 11:00,842.7382202
2021/9/8 12:00,935.2694092
2021/9/8 13:00,955.6865234
2021/9/8 14:00,903.2372437
2021/9/8 15:00,783.1858521
2021/9/8 16:00,605.2203979
2021/9/8 17:00,384.7713318
2021/9/8 18:00,157.5770569
2021/9/8 19:00,12.33292675
2021/9/8 20:00,0
2021/9/8 21:00,0
2021/9/8 22:00,0
2021/9/8 23:00,0
2021/9/9 0:00,0
2021/9/9 1:00,0
2021/9/9 2:00,0
2021/9/9 3:00,0
2021/9/9 4:00,0
2021/9/9 5:00,0
2021/9/9 6:00,0
2021/9/9 7:00,37.3272171
2021/9/9 8:00,220.4796753
2021/9/9 9:00,447.5882568
2021/9/9 10:00,654.5889893
2021/9/9 11:00,813.4619141
2021/9/9 12:00,905.649353
2021/9/9 13:00,923.1539307
2021/9/9 14:00,867.6605225
2021/9/9 15:00,744.7484741
2021/9/9 16:00,564.7294312
2021/9/9 17:00,346.5557251
2021/9/9 18:00,133.8941956
2021/9/9 19:00,9.919779778
2021/9/9 20:00,0
2021/9/9 21:00,0
2021/9/9 22:00,0
2021/9/9 23:00,0
2021/9/10 0:00,0
2021/9/10 1:00,0
2021/9/10 2:00,0
2021/9/10 3:00,0
2021/9/10 4:00,0
2021/9/10 5:00,0
2021/9/10 6:00,0
2021/9/10 7:00,36.56941223
2021/9/10 8:00,222.7830811
2021/9/10 9:00,453.7305908
2021/9/10 10:00,659.421814
2021/9/10 11:00,816.7329102
2021/9/10 12:00,912.5455933
2021/9/10 13:00,938.9092407
2021/9/10 14:00,892.5362549
2021/9/10 15:00,776.2044067
2021/9/10 16:00,599.5736694
2021/9/10 17:00,380.4355469
2021/9/10 18:00,152.1190948
2021/9/10 19:00,10.50041676
2021/9/10 20:00,0
2021/9/10 21:00,0
2021/9/10 22:00,0
2021/9/10 23:00,0
2021/9/11 0:00,0
2021/9/11 1:00,0
2021/9/11 2:00,0
2021/9/11 3:00,0
2021/9/11 4:00,0
2021/9/11 5:00,0
2021/9/11 6:00,0
2021/9/11 7:00,33.77056122
2021/9/11 8:00,209.9256897
2021/9/11 9:00,432.1370544
2021/9/11 10:00,628.0718994
2021/9/11 11:00,776.7536621
2021/9/11 12:00,866.6629639
2021/9/11 13:00,889.5951538
2021/9/11 14:00,839.2957153
2021/9/11 15:00,719.628479
2021/9/11 16:00,541.6773682
2021/9/11 17:00,327.4784241
2021/9/11 18:00,122.4679947
2021/9/11 19:00,8.156602859
2021/9/11 20:00,0
2021/9/11 21:00,0
2021/9/11 22:00,0
2021/9/11 23:00,0
2021/9/12 0:00,0
2021/9/12 1:00,0
2021/9/12 2:00,0
2021/9/12 3:00,0
2021/9/12 4:00,0
2021/9/12 5:00,0
2021/9/12 6:00,0
2021/9/12 7:00,30.84861755
2021/9/12 8:00,192.494873
2021/9/12 9:00,410.9506226
2021/9/12 10:00,614.7705078
2021/9/12 11:00,771.7738037
2021/9/12 12:00,863.3167725
2021/9/12 13:00,881.2932129
2021/9/12 14:00,825.6763306
2021/9/12 15:00,702.8373413
2021/9/12 16:00,524.6194458
2021/9/12 17:00,312.5686951
2021/9/12 18:00,114.6329956
2021/9/12 19:00,7.253149986
2021/9/12 20:00,0
2021/9/12 21:00,0
2021/9/12 22:00,0
2021/9/12 23:00,0
2021/9/13 0:00,0
2021/9/13 1:00,0
2021/9/13 2:00,0
2021/9/13 3:00,0
2021/9/13 4:00,0
2021/9/13 5:00,0
2021/9/13 6:00,0
2021/9/13 7:00,29.25634766
2021/9/13 8:00,182.3706512
2021/9/13 9:00,397.1318359
2021/9/13 10:00,607.0390015
2021/9/13 11:00,771.6853027
2021/9/13 12:00,868.6392822
2021/9/13 13:00,889.6322021
2021/9/13 14:00,836.8930054
2021/9/13 15:00,715.7924805
2021/9/13 16:00,537.6446533
2021/9/13 17:00,323.445343
2021/9/13 18:00,119.2084351
2021/9/13 19:00,7.060655594
2021/9/13 20:00,0
2021/9/13 21:00,0
2021/9/13 22:00,0
2021/9/13 23:00,0
2021/9/14 0:00,0
2021/9/14 1:00,0
2021/9/14 2:00,0
2021/9/14 3:00,0
2021/9/14 4:00,0
2021/9/14 5:00,0
2021/9/14 6:00,0
2021/9/14 7:00,34.9704361
2021/9/14 8:00,219.528244
2021/9/14 9:00,448.0243835
2021/9/14 10:00,650.34375
2021/9/14 11:00,803.7255859
2021/9/14 12:00,893.8486328
2021/9/14 13:00,913.1137085
2021/9/14 14:00,859.8612671
2021/9/14 15:00,739.7379761
2021/9/14 16:00,562.8787842
2021/9/14 17:00,345.9551697
2021/9/14 18:00,128.539444
2021/9/14 19:00,6.895675659
2021/9/14 20:00,0
2021/9/14 21:00,0
2021/9/14 22:00,0
2021/9/14 23:00,0
2021/9/15 0:00,0
2021/9/15 1:00,0
2021/9/15 2:00,0
2021/9/15 3:00,0
2021/9/15 4:00,0
2021/9/15 5:00,0
2021/9/15 6:00,0
2021/9/15 7:00,32.41547775
2021/9/15 8:00,204.4220734
2021/9/15 9:00,427.0348206
2021/9/15 10:00,631.4296875
2021/9/15 11:00,787.8357544
2021/9/15 12:00,878.3339844
2021/9/15 13:00,895.045105
2021/9/15 14:00,838.5054321
2021/9/15 15:00,715.5921021
2021/9/15 16:00,537.4567871
2021/9/15 17:00,322.6665039
2021/9/15 18:00,116.0668716
2021/9/15 19:00,5.914805412
2021/9/15 20:00,0
2021/9/15 21:00,0
2021/9/15 22:00,0
2021/9/15 23:00,0
2021/9/16 0:00,0
2021/9/16 1:00,0
2021/9/16 2:00,0
2021/9/16 3:00,0
2021/9/16 4:00,0
2021/9/16 5:00,0
2021/9/16 6:00,0
2021/9/16 7:00,29.74149895
2021/9/16 8:00,191.7017517
2021/9/16 9:00,404.0775146
2021/9/16 10:00,595.4963989
2021/9/16 11:00,740.1243896
2021/9/16 12:00,827.3446655
2021/9/16 13:00,848.5604858
2021/9/16 14:00,796.4346313
2021/9/16 15:00,673.803894
2021/9/16 16:00,493.3646851
2021/9/16 17:00,283.886261
2021/9/16 18:00,97.61357117
2021/9/16 19:00,4.79225111
2021/9/16 20:00,0
2021/9/16 21:00,0
2021/9/16 22:00,0
2021/9/16 23:00,0
2021/9/17 0:00,0
2021/9/17 1:00,0
2021/9/17 2:00,0
2021/9/17 3:00,0
2021/9/17 4:00,0
2021/9/17 5:00,0
2021/9/17 6:00,0
2021/9/17 7:00,33.27567291
2021/9/17 8:00,214.6080933
2021/9/17 9:00,440.1810303
2021/9/17 10:00,640.935791
2021/9/17 11:00,793.2122803
2021/9/17 12:00,882.836731
2021/9/17 13:00,901.8626099
2021/9/17 14:00,848.0809937
2021/9/17 15:00,725.3325195
2021/9/17 16:00,543.9332886
2021/9/17 17:00,324.8497009
2021/9/17 18:00,113.2535324
2021/9/17 19:00,4.869067669
2021/9/17 20:00,0
2021/9/17 21:00,0
2021/9/17 22:00,0
2021/9/17 23:00,0
2021/9/18 0:00,0
2021/9/18 1:00,0
2021/9/18 2:00,0
2021/9/18 3:00,0
2021/9/18 4:00,0
2021/9/18 5:00,0
2021/9/18 6:00,0
2021/9/18 7:00,29.87275124
2021/9/18 8:00,195.4066467
2021/9/18 9:00,416.6090698
2021/9/18 10:00,620.7319946
2021/9/18 11:00,777.1362915
2021/9/18 12:00,872.7646484
2021/9/18 13:00,899.2880249
2021/9/18 14:00,851.9841919
2021/9/18 15:00,735.3831787
2021/9/18 16:00,560.2939453
2021/9/18 17:00,345.132019
2021/9/18 18:00,125.4369965
2021/9/18 19:00,4.966403008
2021/9/18 20:00,0
2021/9/18 21:00,0
2021/9/18 22:00,0
2021/9/18 23:00,0
2021/9/19 0:00,0
2021/9/19 1:00,0
2021/9/19 2:00,0
2021/9/19 3:00,0
2021/9/19 4:00,0
2021/9/19 5:00,0
2021/9/19 6:00,0
2021/9/19 7:00,37.86067581
2021/9/19 8:00,237.3860016
2021/9/19 9:00,469.568573
2021/9/19 10:00,671.3726807
2021/9/19 11:00,823.5209961
2021/9/19 12:00,913.8549805
2021/9/19 13:00,934.6356201
2021/9/19 14:00,882.8225708
2021/9/19 15:00,763.5496826
2021/9/19 16:00,586.9800415
2021/9/19 17:00,368.9243164
2021/9/19 18:00,139.0074158
2021/9/19 19:00,5.018491268
2021/9/19 20:00,0
2021/9/19 21:00,0
2021/9/19 22:00,0
2021/9/19 23:00,0
2021/9/20 0:00,0
2021/9/20 1:00,0
2021/9/20 2:00,0
2021/9/20 3:00,0
2021/9/20 4:00,0
2021/9/20 5:00,0
2021/9/20 6:00,0
2021/9/20 7:00,39.00177002
2021/9/20 8:00,238.8339996
2021/9/20 9:00,466.8639221
2021/9/20 10:00,665.3262329
2021/9/20 11:00,814.6393433
2021/9/20 12:00,903.0606079
2021/9/20 13:00,922.4985962
2021/9/20 14:00,869.003479
2021/9/20 15:00,748.5709229
2021/9/20 16:00,571.3011475
2021/9/20 17:00,352.661499
2021/9/20 18:00,126.6514664
2021/9/20 19:00,4.09152317
2021/9/20 20:00,0
2021/9/20 21:00,0
2021/9/20 22:00,0
2021/9/20 23:00,0
2021/9/21 0:00,0
2021/9/21 1:00,0
2021/9/21 2:00,0
2021/9/21 3:00,0
2021/9/21 4:00,0
2021/9/21 5:00,0
2021/9/21 6:00,0
2021/9/21 7:00,37.30339432
2021/9/21 8:00,233.8818817
2021/9/21 9:00,463.289917
2021/9/21 10:00,665.3867188
2021/9/21 11:00,818.1466064
2021/9/21 12:00,906.4525146
2021/9/21 13:00,922.5684814
2021/9/21 14:00,865.7865601
2021/9/21 15:00,741.6136475
2021/9/21 16:00,560.2803345
2021/9/21 17:00,338.4936523
2021/9/21 18:00,115.9534149
2021/9/21 19:00,3.391622305
2021/9/21 20:00,0
2021/9/21 21:00,0
2021/9/21 22:00,0
2021/9/21 23:00,0
2021/9/22 0:00,0
2021/9/22 1:00,0
2021/9/22 2:00,0
2021/9/22 3:00,0
2021/9/22 4:00,0
2021/9/22 5:00,0
2021/9/22 6:00,0
2021/9/22 7:00,35.52209854
2021/9/22 8:00,228.3259277
2021/9/22 9:00,457.8565979
2021/9/22 10:00,660.1332397
2021/9/22 11:00,812.6045532
2021/9/22 12:00,902.3560791
2021/9/22 13:00,921.7078857
2021/9/22 14:00,868.0352783
2021/9/22 15:00,747.8865356
2021/9/22 16:00,571.7566528
2021/9/22 17:00,354.7756042
2021/9/22 18:00,127.0779877
2021/9/22 19:00,3.336526394
2021/9/22 20:00,0
2021/9/22 21:00,0
2021/9/22 22:00,0
2021/9/22 23:00,0
2021/9/23 0:00,0
2021/9/23 1:00,0
2021/9/23 2:00,0
2021/9/23 3:00,0
2021/9/23 4:00,0
2021/9/23 5:00,0
2021/9/23 6:00,0
2021/9/23 7:00,35.50880051
2021/9/23 8:00,229.6191559
2021/9/23 9:00,461.132019
2021/9/23 10:00,665.6496582
2021/9/23 11:00,819.6430054
2021/9/23 12:00,909.3505249
2021/9/23 13:00,927.3624268
2021/9/23 14:00,872.3662109
2021/9/23 15:00,749.53479
2021/9/23 16:00,569.1359253
2021/9/23 17:00,347.5207214
2021/9/23 18:00,119.3619537
2021/9/23 19:00,2.760320902
2021/9/23 20:00,0
2021/9/23 21:00,0
2021/9/23 22:00,0
2021/9/23 23:00,0
2021/9/24 0:00,0
2021/9/24 1:00,0
2021/9/24 2:00,0
2021/9/24 3:00,0
2021/9/24 4:00,0
2021/9/24 5:00,0
2021/9/24 6:00,0
2021/9/24 7:00,34.19945526
2021/9/24 8:00,226.9910278
2021/9/24 9:00,459.6708984
2021/9/24 10:00,664.8654785
2021/9/24 11:00,819.3959961
2021/9/24 12:00,909.4959717
2021/9/24 13:00,927.6664429
2021/9/24 14:00,872.5914917
2021/9/24 15:00,749.5213623
2021/9/24 16:00,568.8554688
2021/9/24 17:00,347.250061
2021/9/24 18:00,118.7682343
2021/9/24 19:00,2.437049866
2021/9/24 20:00,0
2021/9/24 21:00,0
2021/9/24 22:00,0
2021/9/24 23:00,0
2021/9/25 0:00,0
2021/9/25 1:00,0
2021/9/25 2:00,0
2021/9/25 3:00,0
2021/9/25 4:00,0
2021/9/25 5:00,0
2021/9/25 6:00,0
2021/9/25 7:00,32.54180527
2021/9/25 8:00,218.927063
2021/9/25 9:00,448.4466858
2021/9/25 10:00,651.9459839
2021/9/25 11:00,804.4909058
2021/9/25 12:00,894.9859009
2021/9/25 13:00,916.1503906
2021/9/25 14:00,863.8565063
2021/9/25 15:00,741.453125
2021/9/25 16:00,559.2948608
2021/9/25 17:00,336.3760376
2021/9/25 18:00,110.4444656
2021/9/25 19:00,1.990919113
2021/9/25 20:00,0
2021/9/25 21:00,0
2021/9/25 22:00,0
2021/9/25 23:00,0
2021/9/26 0:00,0
2021/9/26 1:00,0
2021/9/26 2:00,0
2021/9/26 3:00,0
2021/9/26 4:00,0
2021/9/26 5:00,0
2021/9/26 6:00,0
2021/9/26 7:00,30.44465828
2021/9/26 8:00,210.1793365
2021/9/26 9:00,436.1286926
2021/9/26 10:00,636.461731
2021/9/26 11:00,786.7508545
2021/9/26 12:00,875.9251709
2021/9/26 13:00,896.1176147
2021/9/26 14:00,842.5344238
2021/9/26 15:00,719.8818359
2021/9/26 16:00,538.9055176
2021/9/26 17:00,318.7889709
2021/9/26 18:00,101.3176498
2021/9/26 19:00,1.626796842
2021/9/26 20:00,0
2021/9/26 21:00,0
2021/9/26 22:00,0
2021/9/26 23:00,0
2021/9/27 0:00,0
2021/9/27 1:00,0
2021/9/27 2:00,0
2021/9/27 3:00,0
2021/9/27 4:00,0
2021/9/27 5:00,0
2021/9/27 6:00,0
2021/9/27 7:00,29.07915878
2021/9/27 8:00,204.7065887
2021/9/27 9:00,429.9240112
2021/9/27 10:00,630.9871826
2021/9/27 11:00,782.1142578
2021/9/27 12:00,869.3222046
2021/9/27 13:00,884.7555542
2021/9/27 14:00,825.6792603
2021/9/27 15:00,697.5288086
2021/9/27 16:00,512.1756592
2021/9/27 17:00,291.9006653
2021/9/27 18:00,87.94989777
2021/9/27 19:00,1.260689378
2021/9/27 20:00,0
2021/9/27 21:00,0
2021/9/27 22:00,0
2021/9/27 23:00,0
2021/9/28 0:00,0
2021/9/28 1:00,0
2021/9/28 2:00,0
2021/9/28 3:00,0
2021/9/28 4:00,0
2021/9/28 5:00,0
2021/9/28 6:00,0
2021/9/28 7:00,26.20894623
2021/9/28 8:00,187.4974213
2021/9/28 9:00,407.9672546
2021/9/28 10:00,613.3118286
2021/9/28 11:00,769.7247925
2021/9/28 12:00,858.8393555
2021/9/28 13:00,872.6832886
2021/9/28 14:00,811.4880371
2021/9/28 15:00,681.2366943
2021/9/28 16:00,494.7816467
2021/9/28 17:00,276.7657471
2021/9/28 18:00,80.98007202
2021/9/28 19:00,0.994645298
2021/9/28 20:00,0
2021/9/28 21:00,0
2021/9/28 22:00,0
2021/9/28 23:00,0
2021/9/29 0:00,0
2021/9/29 1:00,0
2021/9/29 2:00,0
2021/9/29 3:00,0
2021/9/29 4:00,0
2021/9/29 5:00,0
2021/9/29 6:00,0
2021/9/29 7:00,26.08075905
2021/9/29 8:00,190.0759277
2021/9/29 9:00,411.4526672
2021/9/29 10:00,611.6624756
2021/9/29 11:00,762.2791138
2021/9/29 12:00,848.499939
2021/9/29 13:00,862.1474609
2021/9/29 14:00,800.4247437
2021/9/29 15:00,670.7888794
2021/9/29 16:00,486.5862122
2021/9/29 17:00,271.4945984
2021/9/29 18:00,78.17208862
2021/9/29 19:00,0.799020171
2021/9/29 20:00,0
2021/9/29 21:00,0
2021/9/29 22:00,0
2021/9/29 23:00,0
2021/9/30 0:00,0
2021/9/30 1:00,0
2021/9/30 2:00,0
2021/9/30 3:00,0
2021/9/30 4:00,0
2021/9/30 5:00,0
2021/9/30 6:00,0
2021/9/30 7:00,23.33916855
2021/9/30 8:00,171.5647583
2021/9/30 9:00,382.330658
2021/9/30 10:00,581.7255859
2021/9/30 11:00,734.5216064
2021/9/30 12:00,823.2633667
2021/9/30 13:00,839.2677002
2021/9/30 14:00,780.2473755
2021/9/30 15:00,651.4476929
2021/9/30 16:00,466.7169495
2021/9/30 17:00,254.5385437
2021/9/30 18:00,71.21479034
2021/9/30 19:00,0.608727872
2021/9/30 20:00,0
2021/9/30 21:00,0
2021/9/30 22:00,0
2021/9/30 23:00,0
2021/10/1 0:00,0
2021/10/1 1:00,0
2021/10/1 2:00,0
2021/10/1 3:00,0
2021/10/1 4:00,0
2021/10/1 5:00,0
2021/10/1 6:00,0
2021/10/1 7:00,23.77087021
2021/10/1 8:00,177.5358887
2021/10/1 9:00,396.585144
2021/10/1 10:00,605.1315918
2021/10/1 11:00,765.7728882
2021/10/1 12:00,857.0373535
2021/10/1 13:00,870.9491577
2021/10/1 14:00,810.1343384
2021/10/1 15:00,679.6942139
2021/10/1 16:00,492.1690063
2021/10/1 17:00,272.552887
2021/10/1 18:00,75.90162659
2021/10/1 19:00,0.499844313
2021/10/1 20:00,0
2021/10/1 21:00,0
2021/10/1 22:00,0
2021/10/1 23:00,0
2021/10/2 0:00,0
2021/10/2 1:00,0
2021/10/2 2:00,0
2021/10/2 3:00,0
2021/10/2 4:00,0
2021/10/2 5:00,0
2021/10/2 6:00,0
2021/10/2 7:00,26.13926125
2021/10/2 8:00,195.1355591
2021/10/2 9:00,417.4658203
2021/10/2 10:00,617.3534546
2021/10/2 11:00,767.3780518
2021/10/2 12:00,854.1167603
2021/10/2 13:00,869.7962646
2021/10/2 14:00,811.4194946
2021/10/2 15:00,684.2145386
2021/10/2 16:00,500.0076904
2021/10/2 17:00,280.7070923
2021/10/2 18:00,77.76380157
2021/10/2 19:00,0.384617299
2021/10/2 20:00,0
2021/10/2 21:00,0
2021/10/2 22:00,0
2021/10/2 23:00,0
2021/10/3 0:00,0
2021/10/3 1:00,0
2021/10/3 2:00,0
2021/10/3 3:00,0
2021/10/3 4:00,0
2021/10/3 5:00,0
2021/10/3 6:00,0
2021/10/3 7:00,25.72628021
2021/10/3 8:00,196.8220367
2021/10/3 9:00,423.3141174
2021/10/3 10:00,624.5958862
2021/10/3 11:00,774.9857178
2021/10/3 12:00,861.9505615
2021/10/3 13:00,878.3035278
2021/10/3 14:00,821.130188
2021/10/3 15:00,696.1514282
2021/10/3 16:00,514.6729736
2021/10/3 17:00,295.5170593
2021/10/3 18:00,83.07112885
2021/10/3 19:00,0.285896897
2021/10/3 20:00,0
2021/10/3 21:00,0
2021/10/3 22:00,0
2021/10/3 23:00,0
2021/10/4 0:00,0
2021/10/4 1:00,0
2021/10/4 2:00,0
2021/10/4 3:00,0
2021/10/4 4:00,0
2021/10/4 5:00,0
2021/10/4 6:00,0
2021/10/4 7:00,28.11865997
2021/10/4 8:00,210.808609
2021/10/4 9:00,442.2597351
2021/10/4 10:00,647.6766357
2021/10/4 11:00,801.2722168
2021/10/4 12:00,888.2296143
2021/10/4 13:00,901.3000488
2021/10/4 14:00,840.1798096
2021/10/4 15:00,711.1663818
2021/10/4 16:00,525.4064331
2021/10/4 17:00,301.2456055
2021/10/4 18:00,83.28359222
2021/10/4 19:00,0.193831027
2021/10/4 20:00,0
2021/10/4 21:00,0
2021/10/4 22:00,0
2021/10/4 23:00,0
2021/10/5 0:00,0
2021/10/5 1:00,0
2021/10/5 2:00,0
2021/10/5 3:00,0
2021/10/5 4:00,0
2021/10/5 5:00,0
2021/10/5 6:00,0
2021/10/5 7:00,26.04102707
2021/10/5 8:00,200.4497833
2021/10/5 9:00,427.6472473
2021/10/5 10:00,631.178772
2021/10/5 11:00,783.7123413
2021/10/5 12:00,870.6802368
2021/10/5 13:00,884.7125244
2021/10/5 14:00,824.6618652
2021/10/5 15:00,696.8706055
2021/10/5 16:00,512.6676636
2021/10/5 17:00,290.7083435
2021/10/5 18:00,78.20658112
2021/10/5 19:00,0.116729893
2021/10/5 20:00,0
2021/10/5 21:00,0
2021/10/5 22:00,0
2021/10/5 23:00,0
2021/10/6 0:00,0
2021/10/6 1:00,0
2021/10/6 2:00,0
2021/10/6 3:00,0
2021/10/6 4:00,0
2021/10/6 5:00,0
2021/10/6 6:00,0
2021/10/6 7:00,28.86068535
2021/10/6 8:00,218.1501617
2021/10/6 9:00,450.9094238
2021/10/6 10:00,652.6655273
2021/10/6 11:00,801.2067871
2021/10/6 12:00,883.5212402
2021/10/6 13:00,893.4572754
2021/10/6 14:00,829.8036499
2021/10/6 15:00,698.1160278
2021/10/6 16:00,509.3950806
2021/10/6 17:00,283.9388123
2021/10/6 18:00,73.56884766
2021/10/6 19:00,0.059381876
2021/10/6 20:00,0
2021/10/6 21:00,0
2021/10/6 22:00,0
2021/10/6 23:00,0
2021/10/7 0:00,0
2021/10/7 1:00,0
2021/10/7 2:00,0
2021/10/7 3:00,0
2021/10/7 4:00,0
2021/10/7 5:00,0
2021/10/7 6:00,0
2021/10/7 7:00,25.26249504
2021/10/7 8:00,198.677124
2021/10/7 9:00,423.6287537
2021/10/7 10:00,624.0725708
2021/10/7 11:00,773.3289185
2021/10/7 12:00,858.7858276
2021/10/7 13:00,873.4121094
2021/10/7 14:00,815.256958
2021/10/7 15:00,690.3146973
2021/10/7 16:00,509.7465515
2021/10/7 17:00,291.7943726
2021/10/7 18:00,77.45136261
2021/10/7 19:00,0.02187358
2021/10/7 20:00,0
2021/10/7 21:00,0
2021/10/7 22:00,0
2021/10/7 23:00,0
2021/10/8 0:00,0
2021/10/8 1:00,0
2021/10/8 2:00,0
2021/10/8 3:00,0
2021/10/8 4:00,0
2021/10/8 5:00,0
2021/10/8 6:00,0
2021/10/8 7:00,27.32736206
2021/10/8 8:00,210.9552155
2021/10/8 9:00,432.3817749
2021/10/8 10:00,624.0067749
2021/10/8 11:00,766.1981812
2021/10/8 12:00,848.3075562
2021/10/8 13:00,862.6984863
2021/10/8 14:00,805.2906494
2021/10/8 15:00,679.3005981
2021/10/8 16:00,495.5895081
2021/10/8 17:00,275.5910034
2021/10/8 18:00,68.29000092
2021/10/8 19:00,1.52E-09
2021/10/8 20:00,0
2021/10/8 21:00,0
2021/10/8 22:00,0
2021/10/8 23:00,0
2021/10/9 0:00,0
2021/10/9 1:00,0
2021/10/9 2:00,0
2021/10/9 3:00,0
2021/10/9 4:00,0
2021/10/9 5:00,0
2021/10/9 6:00,0
2021/10/9 7:00,24.42606163
2021/10/9 8:00,198.6501465
2021/10/9 9:00,420.1550598
2021/10/9 10:00,614.9398193
2021/10/9 11:00,759.8636475
2021/10/9 12:00,841.2976685
2021/10/9 13:00,851.9707642
2021/10/9 14:00,790.7064819
2021/10/9 15:00,664.8603516
2021/10/9 16:00,485.6740112
2021/10/9 17:00,270.4914551
2021/10/9 18:00,66.12574768
2021/10/9 19:00,0
2021/10/9 20:00,0
2021/10/9 21:00,0
2021/10/9 22:00,0
2021/10/9 23:00,0
2021/10/10 0:00,0
2021/10/10 1:00,0
2021/10/10 2:00,0
2021/10/10 3:00,0
2021/10/10 4:00,0
2021/10/10 5:00,0
2021/10/10 6:00,0
2021/10/10 7:00,24.31661797
2021/10/10 8:00,200.4674683
2021/10/10 9:00,423.8037109
2021/10/10 10:00,618.6052246
2021/10/10 11:00,763.3109131
2021/10/10 12:00,845.3909302
2021/10/10 13:00,857.4627075
2021/10/10 14:00,797.157959
2021/10/10 15:00,669.366272
2021/10/10 16:00,485.0933838
2021/10/10 17:00,264.9999695
2021/10/10 18:00,62.55499649
2021/10/10 19:00,0
2021/10/10 20:00,0
2021/10/10 21:00,0
2021/10/10 22:00,0
2021/10/10 23:00,0
2021/10/11 0:00,0
2021/10/11 1:00,0
2021/10/11 2:00,0
2021/10/11 3:00,0
2021/10/11 4:00,0
2021/10/11 5:00,0
2021/10/11 6:00,0
2021/10/11 7:00,22.23924637
2021/10/11 8:00,191.151886
2021/10/11 9:00,422.1741333
2021/10/11 10:00,632.8130493
2021/10/11 11:00,793.1588745
2021/10/11 12:00,879.9836426
2021/10/11 13:00,885.7144775
2021/10/11 14:00,817.913147
2021/10/11 15:00,682.7103882
2021/10/11 16:00,491.5565796
2021/10/11 17:00,265.7702942
2021/10/11 18:00,60.93548584
2021/10/11 19:00,0
2021/10/11 20:00,0
2021/10/11 21:00,0
2021/10/11 22:00,0
2021/10/11 23:00,0
2021/10/12 0:00,0
2021/10/12 1:00,0
2021/10/12 2:00,0
2021/10/12 3:00,0
2021/10/12 4:00,0
2021/10/12 5:00,0
2021/10/12 6:00,0
2021/10/12 7:00,23.82729149
2021/10/12 8:00,201.1989594
2021/10/12 9:00,422.473999
2021/10/12 10:00,610.3248901
2021/10/12 11:00,747.1442261
2021/10/12 12:00,826.8184204
2021/10/12 13:00,842.5715332
2021/10/12 14:00,786.2385864
2021/10/12 15:00,662.0018311
2021/10/12 16:00,480.7834473
2021/10/12 17:00,263.459137
2021/10/12 18:00,60.39044189
2021/10/12 19:00,0
2021/10/12 20:00,0
2021/10/12 21:00,0
2021/10/12 22:00,0
2021/10/12 23:00,0
2021/10/13 0:00,0
2021/10/13 1:00,0
2021/10/13 2:00,0
2021/10/13 3:00,0
2021/10/13 4:00,0
2021/10/13 5:00,0
2021/10/13 6:00,0
2021/10/13 7:00,23.51706123
2021/10/13 8:00,198.6030579
2021/10/13 9:00,417.3062134
2021/10/13 10:00,607.4057007
2021/10/13 11:00,748.3134766
2021/10/13 12:00,828.267334
2021/10/13 13:00,839.5186768
2021/10/13 14:00,778.4578857
2021/10/13 15:00,651.0407715
2021/10/13 16:00,468.7941284
2021/10/13 17:00,252.0114899
2021/10/13 18:00,55.64026642
2021/10/13 19:00,0
2021/10/13 20:00,0
2021/10/13 21:00,0
2021/10/13 22:00,0
2021/10/13 23:00,0
2021/10/14 0:00,0
2021/10/14 1:00,0
2021/10/14 2:00,0
2021/10/14 3:00,0
2021/10/14 4:00,0
2021/10/14 5:00,0
2021/10/14 6:00,0
2021/10/14 7:00,21.33050537
2021/10/14 8:00,189.3491058
2021/10/14 9:00,412.0258789
2021/10/14 10:00,608.4333496
2021/10/14 11:00,754.1737671
2021/10/14 12:00,836.1646118
2021/10/14 13:00,847.3485718
2021/10/14 14:00,786.2779541
2021/10/14 15:00,657.7832031
2021/10/14 16:00,473.2819824
2021/10/14 17:00,254.1533051
2021/10/14 18:00,54.81461334
2021/10/14 19:00,0
2021/10/14 20:00,0
2021/10/14 21:00,0
2021/10/14 22:00,0
2021/10/14 23:00,0
2021/10/15 0:00,0
2021/10/15 1:00,0
2021/10/15 2:00,0
2021/10/15 3:00,0
2021/10/15 4:00,0
2021/10/15 5:00,0
2021/10/15 6:00,0
2021/10/15 7:00,20.8603363
2021/10/15 8:00,187.3038635
2021/10/15 9:00,408.3661194
2021/10/15 10:00,604.8825684
2021/10/15 11:00,751.0205688
2021/10/15 12:00,832.6323242
2021/10/15 13:00,842.9361572
2021/10/15 14:00,781.7737427
2021/10/15 15:00,654.3066406
2021/10/15 16:00,471.6106262
2021/10/15 17:00,253.6944275
2021/10/15 18:00,53.87136459
2021/10/15 19:00,0
2021/10/15 20:00,0
2021/10/15 21:00,0
2021/10/15 22:00,0
2021/10/15 23:00,0
2021/10/16 0:00,0
2021/10/16 1:00,0
2021/10/16 2:00,0
2021/10/16 3:00,0
2021/10/16 4:00,0
2021/10/16 5:00,0
2021/10/16 6:00,0
2021/10/16 7:00,21.25107574
2021/10/16 8:00,190.9446716
2021/10/16 9:00,413.940979
2021/10/16 10:00,611.0827026
2021/10/16 11:00,757.1157837
2021/10/16 12:00,837.631958
2021/10/16 13:00,845.4182739
2021/10/16 14:00,779.5952759
2021/10/16 15:00,647.2512207
2021/10/16 16:00,460.5106201
2021/10/16 17:00,241.1077118
2021/10/16 18:00,49.51386261
2021/10/16 19:00,0
2021/10/16 20:00,0
2021/10/16 21:00,0
2021/10/16 22:00,0
2021/10/16 23:00,0
2021/10/17 0:00,0
2021/10/17 1:00,0
2021/10/17 2:00,0
2021/10/17 3:00,0
2021/10/17 4:00,0
2021/10/17 5:00,0
2021/10/17 6:00,0
2021/10/17 7:00,20.26058578
2021/10/17 8:00,188.6148071
2021/10/17 9:00,412.7321777
2021/10/17 10:00,609.5467529
2021/10/17 11:00,755.4157715
2021/10/17 12:00,833.5239258
2021/10/17 13:00,836.5571899
2021/10/17 14:00,765.5599365
2021/10/17 15:00,629.1504517
2021/10/17 16:00,440.5933533
2021/10/17 17:00,223.8056641
2021/10/17 18:00,44.11910629
2021/10/17 19:00,0
2021/10/17 20:00,0
2021/10/17 21:00,0
2021/10/17 22:00,0
2021/10/17 23:00,0
2021/10/18 0:00,0
2021/10/18 1:00,0
2021/10/18 2:00,0
2021/10/18 3:00,0
2021/10/18 4:00,0
2021/10/18 5:00,0
2021/10/18 6:00,0
2021/10/18 7:00,19.53525734
2021/10/18 8:00,184.543045
2021/10/18 9:00,407.1013489
2021/10/18 10:00,604.2457275
2021/10/18 11:00,750.4649048
2021/10/18 12:00,831.567749
2021/10/18 13:00,840.2141113
2021/10/18 14:00,775.3599243
2021/10/18 15:00,642.440918
2021/10/18 16:00,453.7887573
2021/10/18 17:00,233.6576843
2021/10/18 18:00,45.53975296
2021/10/18 19:00,0
2021/10/18 20:00,0
2021/10/18 21:00,0
2021/10/18 22:00,0
2021/10/18 23:00,0
2021/10/19 0:00,0
2021/10/19 1:00,0
2021/10/19 2:00,0
2021/10/19 3:00,0
2021/10/19 4:00,0
2021/10/19 5:00,0
2021/10/19 6:00,0
2021/10/19 7:00,19.38994408
2021/10/19 8:00,184.8994293
2021/10/19 9:00,405.2902527
2021/10/19 10:00,599.6520386
2021/10/19 11:00,743.5002441
2021/10/19 12:00,821.8579102
2021/10/19 13:00,827.1569214
2021/10/19 14:00,758.7940063
2021/10/19 15:00,625.8494873
2021/10/19 16:00,441.4970398
2021/10/19 17:00,226.8452148
2021/10/19 18:00,43.5576973
2021/10/19 19:00,0
2021/10/19 20:00,0
2021/10/19 21:00,0
2021/10/19 22:00,0
2021/10/19 23:00,0
2021/10/20 0:00,0
2021/10/20 1:00,0
2021/10/20 2:00,0
2021/10/20 3:00,0
2021/10/20 4:00,0
2021/10/20 5:00,0
2021/10/20 6:00,0
2021/10/20 7:00,17.6618309
2021/10/20 8:00,174.7232666
2021/10/20 9:00,396.810791
2021/10/20 10:00,597.0610352
2021/10/20 11:00,745.7548218
2021/10/20 12:00,827.5281372
2021/10/20 13:00,835.8042603
2021/10/20 14:00,771.1564331
2021/10/20 15:00,640.9290771
2021/10/20 16:00,457.3038635
2021/10/20 17:00,240.1119385
2021/10/20 18:00,46.05034256
2021/10/20 19:00,0
2021/10/20 20:00,0
2021/10/20 21:00,0
2021/10/20 22:00,0
2021/10/20 23:00,0
2021/10/21 0:00,0
2021/10/21 1:00,0
2021/10/21 2:00,0
2021/10/21 3:00,0
2021/10/21 4:00,0
2021/10/21 5:00,0
2021/10/21 6:00,0
2021/10/21 7:00,17.43049049
2021/10/21 8:00,171.9090424
2021/10/21 9:00,388.8074341
2021/10/21 10:00,588.4837646
2021/10/21 11:00,737.7209473
2021/10/21 12:00,820.5452881
2021/10/21 13:00,830.0108032
2021/10/21 14:00,766.6056519
2021/10/21 15:00,634.6133423
2021/10/21 16:00,446.1740112
2021/10/21 17:00,226.4876862
2021/10/21 18:00,41.24271393
2021/10/21 19:00,0
2021/10/21 20:00,0
2021/10/21 21:00,0
2021/10/21 22:00,0
2021/10/21 23:00,0
2021/10/22 0:00,0
2021/10/22 1:00,0
2021/10/22 2:00,0
2021/10/22 3:00,0
2021/10/22 4:00,0
2021/10/22 5:00,0
2021/10/22 6:00,0
2021/10/22 7:00,17.46489716
2021/10/22 8:00,179.4186859
2021/10/22 9:00,400.874115
2021/10/22 10:00,597.1889038
2021/10/22 11:00,742.9934082
2021/10/22 12:00,824.0151978
2021/10/22 13:00,833.0564575
2021/10/22 14:00,769.336853
2021/10/22 15:00,639.0077515
2021/10/22 16:00,454.1173401
2021/10/22 17:00,235.7453308
2021/10/22 18:00,42.95632172
2021/10/22 19:00,0
2021/10/22 20:00,0
2021/10/22 21:00,0
2021/10/22 22:00,0
2021/10/22 23:00,0
2021/10/23 0:00,0
2021/10/23 1:00,0
2021/10/23 2:00,0
2021/10/23 3:00,0
2021/10/23 4:00,0
2021/10/23 5:00,0
2021/10/23 6:00,0
2021/10/23 7:00,16.5196743
2021/10/23 8:00,173.1726379
2021/10/23 9:00,392.6970825
2021/10/23 10:00,590.5133057
2021/10/23 11:00,737.5762329
2021/10/23 12:00,817.8446045
2021/10/23 13:00,824.3341675
2021/10/23 14:00,757.9542847
2021/10/23 15:00,623.0292969
2021/10/23 16:00,432.1862488
2021/10/23 17:00,212.9298401
2021/10/23 18:00,36.21020126
2021/10/23 19:00,0
2021/10/23 20:00,0
2021/10/23 21:00,0
2021/10/23 22:00,0
2021/10/23 23:00,0
2021/10/24 0:00,0
2021/10/24 1:00,0
2021/10/24 2:00,0
2021/10/24 3:00,0
2021/10/24 4:00,0
2021/10/24 5:00,0
2021/10/24 6:00,0
2021/10/24 7:00,17.67863274
2021/10/24 8:00,184.4192352
2021/10/24 9:00,405.2561035
2021/10/24 10:00,598.8646851
2021/10/24 11:00,742.0845337
2021/10/24 12:00,821.2229614
2021/10/24 13:00,828.9020996
2021/10/24 14:00,763.6960449
2021/10/24 15:00,630.4366455
2021/10/24 16:00,441.1748657
2021/10/24 17:00,220.6780853
2021/10/24 18:00,37.2918396
2021/10/24 19:00,0
2021/10/24 20:00,0
2021/10/24 21:00,0
2021/10/24 22:00,0
2021/10/24 23:00,0
2021/10/25 0:00,0
2021/10/25 1:00,0
2021/10/25 2:00,0
2021/10/25 3:00,0
2021/10/25 4:00,0
2021/10/25 5:00,0
2021/10/25 6:00,0
2021/10/25 7:00,16.20283508
2021/10/25 8:00,176.6114349
2021/10/25 9:00,401.2112732
2021/10/25 10:00,603.1079712
2021/10/25 11:00,753.005127
2021/10/25 12:00,835.6625366
2021/10/25 13:00,844.4428711
2021/10/25 14:00,780.1369019
2021/10/25 15:00,647.9517212
2021/10/25 16:00,459.7606201
2021/10/25 17:00,237.2462311
2021/10/25 18:00,40.88137436
2021/10/25 19:00,0
2021/10/25 20:00,0
2021/10/25 21:00,0
2021/10/25 22:00,0
2021/10/25 23:00,0
2021/10/26 0:00,0
2021/10/26 1:00,0
2021/10/26 2:00,0
2021/10/26 3:00,0
2021/10/26 4:00,0
2021/10/26 5:00,0
2021/10/26 6:00,0
2021/10/26 7:00,15.62550163
2021/10/26 8:00,176.0074158
2021/10/26 9:00,400.1514893
2021/10/26 10:00,597.9663696
2021/10/26 11:00,743.9723511
2021/10/26 12:00,824.0688477
2021/10/26 13:00,831.5137329
2021/10/26 14:00,766.1287842
2021/10/26 15:00,632.4029541
2021/10/26 16:00,442.4779663
2021/10/26 17:00,221.0568085
2021/10/26 18:00,35.80227661
2021/10/26 19:00,0
2021/10/26 20:00,0
2021/10/26 21:00,0
2021/10/26 22:00,0
2021/10/26 23:00,0
2021/10/27 0:00,0
2021/10/27 1:00,0
2021/10/27 2:00,0
2021/10/27 3:00,0
2021/10/27 4:00,0
2021/10/27 5:00,0
2021/10/27 6:00,0
2021/10/27 7:00,13.97695351
2021/10/27 8:00,160.9106598
2021/10/27 9:00,374.9458008
2021/10/27 10:00,569.4059448
2021/10/27 11:00,713.703186
2021/10/27 12:00,793.4316406
2021/10/27 13:00,801.53302
2021/10/27 14:00,737.1216431
2021/10/27 15:00,605.2682495
2021/10/27 16:00,418.6284485
2021/10/27 17:00,203.8709869
2021/10/27 18:00,31.82036591
2021/10/27 19:00,0
2021/10/27 20:00,0
2021/10/27 21:00,0
2021/10/27 22:00,0
2021/10/27 23:00,0
2021/10/28 0:00,0
2021/10/28 1:00,0
2021/10/28 2:00,0
2021/10/28 3:00,0
2021/10/28 4:00,0
2021/10/28 5:00,0
2021/10/28 6:00,0
2021/10/28 7:00,12.04710388
2021/10/28 8:00,145.1414337
2021/10/28 9:00,355.3495789
2021/10/28 10:00,551.9834595
2021/10/28 11:00,699.6958008
2021/10/28 12:00,781.5074463
2021/10/28 13:00,790.2977295
2021/10/28 14:00,726.3209839
2021/10/28 15:00,594.65271
2021/10/28 16:00,408.6312256
2021/10/28 17:00,196.4976196
2021/10/28 18:00,30.06133652
2021/10/28 19:00,0
2021/10/28 20:00,0
2021/10/28 21:00,0
2021/10/28 22:00,0
2021/10/28 23:00,0
2021/10/29 0:00,0
2021/10/29 1:00,0
2021/10/29 2:00,0
2021/10/29 3:00,0
2021/10/29 4:00,0
2021/10/29 5:00,0
2021/10/29 6:00,0
2021/10/29 7:00,11.63432407
2021/10/29 8:00,142.4393463
2021/10/29 9:00,348.8757019
2021/10/29 10:00,542.1681519
2021/10/29 11:00,687.0686035
2021/10/29 12:00,767.2932739
2021/10/29 13:00,775.321106
2021/10/29 14:00,710.3140869
2021/10/29 15:00,577.5527344
2021/10/29 16:00,391.577179
2021/10/29 17:00,184.0297852
2021/10/29 18:00,27.40756989
2021/10/29 19:00,0
2021/10/29 20:00,0
2021/10/29 21:00,0
2021/10/29 22:00,0
2021/10/29 23:00,0
2021/10/30 0:00,0
2021/10/30 1:00,0
2021/10/30 2:00,0
2021/10/30 3:00,0
2021/10/30 4:00,0
2021/10/30 5:00,0
2021/10/30 6:00,0
2021/10/30 7:00,10.80258369
2021/10/30 8:00,134.8493958
2021/10/30 9:00,334.375946
2021/10/30 10:00,524.7925415
2021/10/30 11:00,668.7302246
2021/10/30 12:00,745.8544922
2021/10/30 13:00,748.1384277
2021/10/30 14:00,677.2922974
2021/10/30 15:00,541.1432495
2021/10/30 16:00,357.1509399
2021/10/30 17:00,161.5481873
2021/10/30 18:00,23.69377899
2021/10/30 19:00,0
2021/10/30 20:00,0
2021/10/30 21:00,0
2021/10/30 22:00,0
2021/10/30 23:00,0
2021/10/31 0:00,0
2021/10/31 1:00,0
2021/10/31 2:00,0
2021/10/31 3:00,0
2021/10/31 4:00,0
2021/10/31 5:00,0
2021/10/31 6:00,0
2021/10/31 7:00,11.21932983
2021/10/31 8:00,145.9404297
2021/10/31 9:00,356.8692322
2021/10/31 10:00,553.6346436
2021/10/31 11:00,701.4375
2021/10/31 12:00,782.6576538
2021/10/31 13:00,790.2579956
2021/10/31 14:00,725.6958008
2021/10/31 15:00,594.9396362
2021/10/31 16:00,410.6600342
2021/10/31 17:00,197.9350586
2021/10/31 18:00,28.58014107
2021/10/31 19:00,0
2021/10/31 20:00,0
2021/10/31 21:00,0
2021/10/31 22:00,0
2021/10/31 23:00,0
2021/11/1 0:00,0
2021/11/1 1:00,0
2021/11/1 2:00,0
2021/11/1 3:00,0
2021/11/1 4:00,0
2021/11/1 5:00,0
2021/11/1 6:00,0
2021/11/1 7:00,10.82277966
2021/11/1 8:00,144.7872467
2021/11/1 9:00,356.5170898
2021/11/1 10:00,553.7894897
2021/11/1 11:00,701.7664185
2021/11/1 12:00,783.2810059
2021/11/1 13:00,791.3859253
2021/11/1 14:00,727.2297974
2021/11/1 15:00,596.0383301
2021/11/1 16:00,410.4512634
2021/11/1 17:00,196.694458
2021/11/1 18:00,27.80089951
2021/11/1 19:00,0
2021/11/1 20:00,0
2021/11/1 21:00,0
2021/11/1 22:00,0
2021/11/1 23:00,0
2021/11/2 0:00,0
2021/11/2 1:00,0
2021/11/2 2:00,0
2021/11/2 3:00,0
2021/11/2 4:00,0
2021/11/2 5:00,0
2021/11/2 6:00,0
2021/11/2 7:00,11.05473518
2021/11/2 8:00,152.7609558
2021/11/2 9:00,365.0013428
2021/11/2 10:00,553.8108521
2021/11/2 11:00,693.2417603
2021/11/2 12:00,769.5883789
2021/11/2 13:00,775.6407471
2021/11/2 14:00,709.5030518
2021/11/2 15:00,576.8740234
2021/11/2 16:00,391.2661743
2021/11/2 17:00,181.9221039
2021/11/2 18:00,24.81023598
2021/11/2 19:00,0
2021/11/2 20:00,0
2021/11/2 21:00,0
2021/11/2 22:00,0
2021/11/2 23:00,0
2021/11/3 0:00,0
2021/11/3 1:00,0
2021/11/3 2:00,0
2021/11/3 3:00,0
2021/11/3 4:00,0
2021/11/3 5:00,0
2021/11/3 6:00,0
2021/11/3 7:00,9.561699867
2021/11/3 8:00,136.0976257
2021/11/3 9:00,343.061615
2021/11/3 10:00,538.4559326
2021/11/3 11:00,685.3239746
2021/11/3 12:00,765.5426025
2021/11/3 13:00,772.1973877
2021/11/3 14:00,706.7883911
2021/11/3 15:00,574.0152588
2021/11/3 16:00,387.4322815
2021/11/3 17:00,178.0566711
2021/11/3 18:00,23.73597908
2021/11/3 19:00,0
2021/11/3 20:00,0
2021/11/3 21:00,0
2021/11/3 22:00,0
2021/11/3 23:00,0
2021/11/4 0:00,0
2021/11/4 1:00,0
2021/11/4 2:00,0
2021/11/4 3:00,0
2021/11/4 4:00,0
2021/11/4 5:00,0
2021/11/4 6:00,0
2021/11/4 7:00,9.825478554
2021/11/4 8:00,144.7928009
2021/11/4 9:00,357.1860962
2021/11/4 10:00,551.2035522
2021/11/4 11:00,695.4697876
2021/11/4 12:00,776.5392456
2021/11/4 13:00,787.5021973
2021/11/4 14:00,726.3679199
2021/11/4 15:00,598.4368896
2021/11/4 16:00,415.9491577
2021/11/4 17:00,202.2822418
2021/11/4 18:00,27.50867081
2021/11/4 19:00,0
2021/11/4 20:00,0
2021/11/4 21:00,0
2021/11/4 22:00,0
2021/11/4 23:00,0
2021/11/5 0:00,0
2021/11/5 1:00,0
2021/11/5 2:00,0
2021/11/5 3:00,0
2021/11/5 4:00,0
2021/11/5 5:00,0
2021/11/5 6:00,0
2021/11/5 7:00,9.907486916
2021/11/5 8:00,149.1055756
2021/11/5 9:00,364.0310059
2021/11/5 10:00,559.6764526
2021/11/5 11:00,704.6138916
2021/11/5 12:00,784.6879883
2021/11/5 13:00,793.1640625
2021/11/5 14:00,729.0788574
2021/11/5 15:00,598.4730835
2021/11/5 16:00,413.7445679
2021/11/5 17:00,198.6178741
2021/11/5 18:00,26.34675026
2021/11/5 19:00,0
2021/11/5 20:00,0
2021/11/5 21:00,0
2021/11/5 22:00,0
2021/11/5 23:00,0
2021/11/6 0:00,0
2021/11/6 1:00,0
2021/11/6 2:00,0
2021/11/6 3:00,0
2021/11/6 4:00,0
2021/11/6 5:00,0
2021/11/6 6:00,0
2021/11/6 7:00,9.6182127
2021/11/6 8:00,150.5296936
2021/11/6 9:00,367.8151855
2021/11/6 10:00,564.9694214
2021/11/6 11:00,710.9936523
2021/11/6 12:00,790.2348022
2021/11/6 13:00,796.3709717
2021/11/6 14:00,730.5310669
2021/11/6 15:00,598.7615967
2021/11/6 16:00,413.3903198
2021/11/6 17:00,197.7946014
2021/11/6 18:00,25.54626083
2021/11/6 19:00,0
2021/11/6 20:00,0
2021/11/6 21:00,0
2021/11/6 22:00,0
2021/11/6 23:00,0
2021/11/7 0:00,0
2021/11/7 1:00,0
2021/11/7 2:00,0
2021/11/7 3:00,0
2021/11/7 4:00,0
2021/11/7 5:00,0
2021/11/7 6:00,0
2021/11/7 7:00,7.688718319
2021/11/7 8:00,124.1045151
2021/11/7 9:00,326.0137634
2021/11/7 10:00,526.3794556
2021/11/7 11:00,680.1688843
2021/11/7 12:00,764.4182129
2021/11/7 13:00,771.7011719
2021/11/7 14:00,706.7166138
2021/11/7 15:00,575.0352173
2021/11/7 16:00,389.9318848
2021/11/7 17:00,179.7870331
2021/11/7 18:00,22.43944168
2021/11/7 19:00,0
2021/11/7 20:00,0
2021/11/7 21:00,0
2021/11/7 22:00,0
2021/11/7 23:00,0
2021/11/8 0:00,0
2021/11/8 1:00,0
2021/11/8 2:00,0
2021/11/8 3:00,0
2021/11/8 4:00,0
2021/11/8 5:00,0
2021/11/8 6:00,0
2021/11/8 7:00,9.143410683
2021/11/8 8:00,154.5812531
2021/11/8 9:00,372.5604553
2021/11/8 10:00,566.4945679
2021/11/8 11:00,710.8889771
2021/11/8 12:00,790.6598511
2021/11/8 13:00,798.5307007
2021/11/8 14:00,734.4765625
2021/11/8 15:00,604.1074829
2021/11/8 16:00,419.5420532
2021/11/8 17:00,202.7872162
2021/11/8 18:00,25.80273438
2021/11/8 19:00,0
2021/11/8 20:00,0
2021/11/8 21:00,0
2021/11/8 22:00,0
2021/11/8 23:00,0
2021/11/9 0:00,0
2021/11/9 1:00,0
2021/11/9 2:00,0
2021/11/9 3:00,0
2021/11/9 4:00,0
2021/11/9 5:00,0
2021/11/9 6:00,0
2021/11/9 7:00,8.425564766
2021/11/9 8:00,148.8970642
2021/11/9 9:00,366.0937805
2021/11/9 10:00,559.1057739
2021/11/9 11:00,701.7283936
2021/11/9 12:00,780.6705322
2021/11/9 13:00,788.9086304
2021/11/9 14:00,724.7034302
2021/11/9 15:00,593.4017334
2021/11/9 16:00,407.5272217
2021/11/9 17:00,192.0838013
2021/11/9 18:00,23.50051498
2021/11/9 19:00,0
2021/11/9 20:00,0
2021/11/9 21:00,0
2021/11/9 22:00,0
2021/11/9 23:00,0
2021/11/10 0:00,0
2021/11/10 1:00,0
2021/11/10 2:00,0
2021/11/10 3:00,0
2021/11/10 4:00,0
2021/11/10 5:00,0
2021/11/10 6:00,0
2021/11/10 7:00,8.495159149
2021/11/10 8:00,153.4029236
2021/11/10 9:00,372.8666992
2021/11/10 10:00,569.1904907
2021/11/10 11:00,714.8258057
2021/11/10 12:00,794.7839355
2021/11/10 13:00,802.2952271
2021/11/10 14:00,737.7588501
2021/11/10 15:00,606.8359985
2021/11/10 16:00,421.2052307
2021/11/10 17:00,202.7867584
2021/11/10 18:00,25.07811737
2021/11/10 19:00,0
2021/11/10 20:00,0
2021/11/10 21:00,0
2021/11/10 22:00,0
2021/11/10 23:00,0
2021/11/11 0:00,0
2021/11/11 1:00,0
2021/11/11 2:00,0
2021/11/11 3:00,0
2021/11/11 4:00,0
2021/11/11 5:00,0
2021/11/11 6:00,0
2021/11/11 7:00,8.139864922
2021/11/11 8:00,152.8308716
2021/11/11 9:00,371.0630493
2021/11/11 10:00,563.663208
2021/11/11 11:00,705.8087769
2021/11/11 12:00,784.036377
2021/11/11 13:00,791.0698853
2021/11/11 14:00,725.2270508
2021/11/11 15:00,592.7260742
2021/11/11 16:00,406.1324768
2021/11/11 17:00,189.9822388
2021/11/11 18:00,22.48997116
2021/11/11 19:00,0
2021/11/11 20:00,0
2021/11/11 21:00,0
2021/11/11 22:00,0
2021/11/11 23:00,0
2021/11/12 0:00,0
2021/11/12 1:00,0
2021/11/12 2:00,0
2021/11/12 3:00,0
2021/11/12 4:00,0
2021/11/12 5:00,0
2021/11/12 6:00,0
2021/11/12 7:00,7.1914258
2021/11/12 8:00,144.3377533
2021/11/12 9:00,360.0617371
2021/11/12 10:00,553.0283813
2021/11/12 11:00,696.0292969
2021/11/12 12:00,774.9625854
2021/11/12 13:00,782.7390747
2021/11/12 14:00,718.2640991
2021/11/12 15:00,587.0293579
2021/11/12 16:00,401.5828857
2021/11/12 17:00,186.9954376
2021/11/12 18:00,21.65706253
2021/11/12 19:00,0
2021/11/12 20:00,0
2021/11/12 21:00,0
2021/11/12 22:00,0
2021/11/12 23:00,0
2021/11/13 0:00,0
2021/11/13 1:00,0
2021/11/13 2:00,0
2021/11/13 3:00,0
2021/11/13 4:00,0
2021/11/13 5:00,0
2021/11/13 6:00,0
2021/11/13 7:00,6.253305435
2021/11/13 8:00,132.9934235
2021/11/13 9:00,345.8800354
2021/11/13 10:00,543.7644653
2021/11/13 11:00,692.4521484
2021/11/13 12:00,774.8012695
2021/11/13 13:00,783.6802368
2021/11/13 14:00,720.2839966
2021/11/13 15:00,588.7775879
2021/11/13 16:00,401.7963562
2021/11/13 17:00,185.9869843
2021/11/13 18:00,21.15530205
2021/11/13 19:00,0
2021/11/13 20:00,0
2021/11/13 21:00,0
2021/11/13 22:00,0
2021/11/13 23:00,0
2021/11/14 0:00,0
2021/11/14 1:00,0
2021/11/14 2:00,0
2021/11/14 3:00,0
2021/11/14 4:00,0
2021/11/14 5:00,0
2021/11/14 6:00,0
2021/11/14 7:00,6.080000401
2021/11/14 8:00,135.4982452
2021/11/14 9:00,347.5128479
2021/11/14 10:00,538.6848755
2021/11/14 11:00,680.2612915
2021/11/14 12:00,759.5718994
2021/11/14 13:00,769.3915405
2021/11/14 14:00,707.0360718
2021/11/14 15:00,577.638855
2021/11/14 16:00,393.9450684
2021/11/14 17:00,181.9850159
2021/11/14 18:00,20.45559311
2021/11/14 19:00,0
2021/11/14 20:00,0
2021/11/14 21:00,0
2021/11/14 22:00,0
2021/11/14 23:00,0
2021/11/15 0:00,0
2021/11/15 1:00,0
2021/11/15 2:00,0
2021/11/15 3:00,0
2021/11/15 4:00,0
2021/11/15 5:00,0
2021/11/15 6:00,0
2021/11/15 7:00,5.206291199
2021/11/15 8:00,124.5377121
2021/11/15 9:00,333.7604675
2021/11/15 10:00,528.1547241
2021/11/15 11:00,674.0633545
2021/11/15 12:00,754.5147095
2021/11/15 13:00,762.446167
2021/11/15 14:00,698.9165039
2021/11/15 15:00,569.9095459
2021/11/15 16:00,388.0412292
2021/11/15 17:00,178.286438
2021/11/15 18:00,19.68845749
2021/11/15 19:00,0
2021/11/15 20:00,0
2021/11/15 21:00,0
2021/11/15 22:00,0
2021/11/15 23:00,0
2021/11/16 0:00,0
2021/11/16 1:00,0
2021/11/16 2:00,0
2021/11/16 3:00,0
2021/11/16 4:00,0
2021/11/16 5:00,0
2021/11/16 6:00,0
2021/11/16 7:00,4.929367065
2021/11/16 8:00,123.9632187
2021/11/16 9:00,326.8146057
2021/11/16 10:00,510.0081177
2021/11/16 11:00,645.9188843
2021/11/16 12:00,723.8122559
2021/11/16 13:00,736.1283569
2021/11/16 14:00,677.4050293
2021/11/16 15:00,552.1004028
2021/11/16 16:00,373.1173401
2021/11/16 17:00,168.6668549
2021/11/16 18:00,18.21921349
2021/11/16 19:00,0
2021/11/16 20:00,0
2021/11/16 21:00,0
2021/11/16 22:00,0
2021/11/16 23:00,0
2021/11/17 0:00,0
2021/11/17 1:00,0
2021/11/17 2:00,0
2021/11/17 3:00,0
2021/11/17 4:00,0
2021/11/17 5:00,0
2021/11/17 6:00,0
2021/11/17 7:00,4.30611515
2021/11/17 8:00,114.2319717
2021/11/17 9:00,313.9782715
2021/11/17 10:00,500.9560547
2021/11/17 11:00,641.1141357
2021/11/17 12:00,720.0039673
2021/11/17 13:00,730.0752563
2021/11/17 14:00,669.0715332
2021/11/17 15:00,542.1703491
2021/11/17 16:00,362.8877563
2021/11/17 17:00,161.0569916
2021/11/17 18:00,17.17474937
2021/11/17 19:00,0
2021/11/17 20:00,0
2021/11/17 21:00,0
2021/11/17 22:00,0
2021/11/17 23:00,0
2021/11/18 0:00,0
2021/11/18 1:00,0
2021/11/18 2:00,0
2021/11/18 3:00,0
2021/11/18 4:00,0
2021/11/18 5:00,0
2021/11/18 6:00,0
2021/11/18 7:00,4.063741207
2021/11/18 8:00,114.6469116
2021/11/18 9:00,319.3458252
2021/11/18 10:00,512.2830811
2021/11/18 11:00,657.2875366
2021/11/18 12:00,738.3486938
2021/11/18 13:00,748.708313
2021/11/18 14:00,688.4684448
2021/11/18 15:00,562.5183716
2021/11/18 16:00,383.1060791
2021/11/18 17:00,175.4164581
2021/11/18 18:00,18.6845417
2021/11/18 19:00,0
2021/11/18 20:00,0
2021/11/18 21:00,0
2021/11/18 22:00,0
2021/11/18 23:00,0
2021/11/19 0:00,0
2021/11/19 1:00,0
2021/11/19 2:00,0
2021/11/19 3:00,0
2021/11/19 4:00,0
2021/11/19 5:00,0
2021/11/19 6:00,0
2021/11/19 7:00,3.795467138
2021/11/19 8:00,113.9081879
2021/11/19 9:00,314.4895325
2021/11/19 10:00,500.0363464
2021/11/19 11:00,638.4307861
2021/11/19 12:00,715.6275024
2021/11/19 13:00,723.8450317
2021/11/19 14:00,660.2163086
2021/11/19 15:00,533.4281616
2021/11/19 16:00,357.6518555
2021/11/19 17:00,159.3982239
2021/11/19 18:00,16.87431717
2021/11/19 19:00,0
2021/11/19 20:00,0
2021/11/19 21:00,0
2021/11/19 22:00,0
2021/11/19 23:00,0
2021/11/20 0:00,0
2021/11/20 1:00,0
2021/11/20 2:00,0
2021/11/20 3:00,0
2021/11/20 4:00,0
2021/11/20 5:00,0
2021/11/20 6:00,0
2021/11/20 7:00,3.644194365
2021/11/20 8:00,117.9646606
2021/11/20 9:00,327.636261
2021/11/20 10:00,522.9051514
2021/11/20 11:00,669.8131104
2021/11/20 12:00,751.559082
2021/11/20 13:00,761.1665649
2021/11/20 14:00,699.7543335
2021/11/20 15:00,571.2709961
2021/11/20 16:00,387.7175903
2021/11/20 17:00,175.7561646
2021/11/20 18:00,18.32749939
2021/11/20 19:00,0
2021/11/20 20:00,0
2021/11/20 21:00,0
2021/11/20 22:00,0
2021/11/20 23:00,0
2021/11/21 0:00,0
2021/11/21 1:00,0
2021/11/21 2:00,0
2021/11/21 3:00,0
2021/11/21 4:00,0
2021/11/21 5:00,0
2021/11/21 6:00,0
2021/11/21 7:00,3.360419273
2021/11/21 8:00,115.7170258
2021/11/21 9:00,317.4117737
2021/11/21 10:00,500.4300842
2021/11/21 11:00,636.6110229
2021/11/21 12:00,713.6426392
2021/11/21 13:00,723.8187866
2021/11/21 14:00,663.0278931
2021/11/21 15:00,536.633606
2021/11/21 16:00,358.1279297
2021/11/21 17:00,157.6200714
2021/11/21 18:00,16.2356472
2021/11/21 19:00,0
2021/11/21 20:00,0
2021/11/21 21:00,0
2021/11/21 22:00,0
2021/11/21 23:00,0
2021/11/22 0:00,0
2021/11/22 1:00,0
2021/11/22 2:00,0
2021/11/22 3:00,0
2021/11/22 4:00,0
2021/11/22 5:00,0
2021/11/22 6:00,0
2021/11/22 7:00,2.719944239
2021/11/22 8:00,100.0552826
2021/11/22 9:00,296.7515564
2021/11/22 10:00,488.5605469
2021/11/22 11:00,635.8106689
2021/11/22 12:00,720.4365234
2021/11/22 13:00,734.5508423
2021/11/22 14:00,678.0532837
2021/11/22 15:00,554.74823
2021/11/22 16:00,376.8775635
2021/11/22 17:00,171.1238556
2021/11/22 18:00,17.59116364
2021/11/22 19:00,0
2021/11/22 20:00,0
2021/11/22 21:00,0
2021/11/22 22:00,0
2021/11/22 23:00,0
2021/11/23 0:00,0
2021/11/23 1:00,0
2021/11/23 2:00,0
2021/11/23 3:00,0
2021/11/23 4:00,0
2021/11/23 5:00,0
2021/11/23 6:00,0
2021/11/23 7:00,2.793151617
2021/11/23 8:00,112.2195358
2021/11/23 9:00,316.4440918
2021/11/23 10:00,505.6083069
2021/11/23 11:00,647.6834717
2021/11/23 12:00,728.184021
2021/11/23 13:00,739.4995728
2021/11/23 14:00,679.536438
2021/11/23 15:00,554.0934448
2021/11/23 16:00,375.7636719
2021/11/23 17:00,170.0637207
2021/11/23 18:00,17.53125191
2021/11/23 19:00,0
2021/11/23 20:00,0
2021/11/23 21:00,0
2021/11/23 22:00,0
2021/11/23 23:00,0
2021/11/24 0:00,0
2021/11/24 1:00,0
2021/11/24 2:00,0
2021/11/24 3:00,0
2021/11/24 4:00,0
2021/11/24 5:00,0
2021/11/24 6:00,0
2021/11/24 7:00,2.584712744
2021/11/24 8:00,112.8717957
2021/11/24 9:00,321.2049866
2021/11/24 10:00,514.8873291
2021/11/24 11:00,660.5761719
2021/11/24 12:00,742.2295532
2021/11/24 13:00,752.607666
2021/11/24 14:00,691.6181641
2021/11/24 15:00,563.9672852
2021/11/24 16:00,382.287384
2021/11/24 17:00,172.7733002
2021/11/24 18:00,17.58061981
2021/11/24 19:00,0
2021/11/24 20:00,0
2021/11/24 21:00,0
2021/11/24 22:00,0
2021/11/24 23:00,0
2021/11/25 0:00,0
2021/11/25 1:00,0
2021/11/25 2:00,0
2021/11/25 3:00,0
2021/11/25 4:00,0
2021/11/25 5:00,0
2021/11/25 6:00,0
2021/11/25 7:00,2.084742546
2021/11/25 8:00,97.84390259
2021/11/25 9:00,294.2345276
2021/11/25 10:00,482.3751831
2021/11/25 11:00,625.0918579
2021/11/25 12:00,706.9534912
2021/11/25 13:00,720.2634888
2021/11/25 14:00,662.8505859
2021/11/25 15:00,539.2147827
2021/11/25 16:00,362.295105
2021/11/25 17:00,160.5769501
2021/11/25 18:00,16.10557175
2021/11/25 19:00,0
2021/11/25 20:00,0
2021/11/25 21:00,0
2021/11/25 22:00,0
2021/11/25 23:00,0
2021/11/26 0:00,0
2021/11/26 1:00,0
2021/11/26 2:00,0
2021/11/26 3:00,0
2021/11/26 4:00,0
2021/11/26 5:00,0
2021/11/26 6:00,0
2021/11/26 7:00,2.036050081
2021/11/26 8:00,107.5343552
2021/11/26 9:00,315.5462952
2021/11/26 10:00,509.0051575
2021/11/26 11:00,654.8388062
2021/11/26 12:00,737.2493286
2021/11/26 13:00,748.956543
2021/11/26 14:00,689.5741577
2021/11/26 15:00,564.1567383
2021/11/26 16:00,384.7033997
2021/11/26 17:00,175.7089996
2021/11/26 18:00,17.96586609
2021/11/26 19:00,0
2021/11/26 20:00,0
2021/11/26 21:00,0
2021/11/26 22:00,0
2021/11/26 23:00,0
2021/11/27 0:00,0
2021/11/27 1:00,0
2021/11/27 2:00,0
2021/11/27 3:00,0
2021/11/27 4:00,0
2021/11/27 5:00,0
2021/11/27 6:00,0
2021/11/27 7:00,1.903550267
2021/11/27 8:00,110.1789474
2021/11/27 9:00,314.3227539
2021/11/27 10:00,496.3867798
2021/11/27 11:00,631.5527344
2021/11/27 12:00,709.2785034
2021/11/27 13:00,721.5106201
2021/11/27 14:00,662.3418579
2021/11/27 15:00,537.1925659
2021/11/27 16:00,359.4270935
2021/11/27 17:00,158.2135162
2021/11/27 18:00,15.89946747
2021/11/27 19:00,0
2021/11/27 20:00,0
2021/11/27 21:00,0
2021/11/27 22:00,0
2021/11/27 23:00,0
2021/11/28 0:00,0
2021/11/28 1:00,0
2021/11/28 2:00,0
2021/11/28 3:00,0
2021/11/28 4:00,0
2021/11/28 5:00,0
2021/11/28 6:00,0
2021/11/28 7:00,1.659998655
2021/11/28 8:00,106.034584
2021/11/28 9:00,310.9707031
2021/11/28 10:00,497.9406738
2021/11/28 11:00,638.0120239
2021/11/28 12:00,718.2956543
2021/11/28 13:00,731.1343384
2021/11/28 14:00,672.7832031
2021/11/28 15:00,548.6425781
2021/11/28 16:00,371.3397522
2021/11/28 17:00,167.0083466
2021/11/28 18:00,16.90717697
2021/11/28 19:00,0
2021/11/28 20:00,0
2021/11/28 21:00,0
2021/11/28 22:00,0
2021/11/28 23:00,0
2021/11/29 0:00,0
2021/11/29 1:00,0
2021/11/29 2:00,0
2021/11/29 3:00,0
2021/11/29 4:00,0
2021/11/29 5:00,0
2021/11/29 6:00,0
2021/11/29 7:00,1.442877769
2021/11/29 8:00,102.6481476
2021/11/29 9:00,311.2242126
2021/11/29 10:00,507.6421204
2021/11/29 11:00,656.4179077
2021/11/29 12:00,741.3245239
2021/11/29 13:00,755.0247192
2021/11/29 14:00,697.1999512
2021/11/29 15:00,571.7054443
2021/11/29 16:00,390.3201294
2021/11/29 17:00,178.5637207
2021/11/29 18:00,18.21546555
2021/11/29 19:00,0
2021/11/29 20:00,0
2021/11/29 21:00,0
2021/11/29 22:00,0
2021/11/29 23:00,0
2021/11/30 0:00,0
2021/11/30 1:00,0
2021/11/30 2:00,0
2021/11/30 3:00,0
2021/11/30 4:00,0
2021/11/30 5:00,0
2021/11/30 6:00,0
2021/11/30 7:00,1.246066213
2021/11/30 8:00,99.53329468
2021/11/30 9:00,304.9452209
2021/11/30 10:00,497.5157471
2021/11/30 11:00,642.9137573
2021/11/30 12:00,723.921936
2021/11/30 13:00,733.102356
2021/11/30 14:00,670.8726196
2021/11/30 15:00,543.1358643
2021/11/30 16:00,363.0965271
2021/11/30 17:00,159.4206543
2021/11/30 18:00,16.04408264
2021/11/30 19:00,0
2021/11/30 20:00,0
2021/11/30 21:00,0
2021/11/30 22:00,0
2021/11/30 23:00,0
2021/12/1 0:00,0
2021/12/1 1:00,0
2021/12/1 2:00,0
2021/12/1 3:00,0
2021/12/1 4:00,0
2021/12/1 5:00,0
2021/12/1 6:00,0
2021/12/1 7:00,1.204877734
2021/12/1 8:00,107.1309433
2021/12/1 9:00,323.0634766
2021/12/1 10:00,524.274231
2021/12/1 11:00,676.4197998
2021/12/1 12:00,762.9130859
2021/12/1 13:00,776.2158813
2021/12/1 14:00,716.3849487
2021/12/1 15:00,588.9993896
2021/12/1 16:00,405.8423157
2021/12/1 17:00,189.7365417
2021/12/1 18:00,20.15912819
2021/12/1 19:00,0
2021/12/1 20:00,0
2021/12/1 21:00,0
2021/12/1 22:00,0
2021/12/1 23:00,0
2021/12/2 0:00,0
2021/12/2 1:00,0
2021/12/2 2:00,0
2021/12/2 3:00,0
2021/12/2 4:00,0
2021/12/2 5:00,0
2021/12/2 6:00,0
2021/12/2 7:00,0.995269716
2021/12/2 8:00,101.8187332
2021/12/2 9:00,312.1278381
2021/12/2 10:00,506.8428345
2021/12/2 11:00,653.522522
2021/12/2 12:00,738.8174438
2021/12/2 13:00,754.6981812
2021/12/2 14:00,697.543335
2021/12/2 15:00,572.3423462
2021/12/2 16:00,391.3800964
2021/12/2 17:00,179.6849518
2021/12/2 18:00,18.73997879
2021/12/2 19:00,0
2021/12/2 20:00,0
2021/12/2 21:00,0
2021/12/2 22:00,0
2021/12/2 23:00,0
2021/12/3 0:00,0
2021/12/3 1:00,0
2021/12/3 2:00,0
2021/12/3 3:00,0
2021/12/3 4:00,0
2021/12/3 5:00,0
2021/12/3 6:00,0
2021/12/3 7:00,0.875430763
2021/12/3 8:00,103.030571
2021/12/3 9:00,319.6493835
2021/12/3 10:00,523.9561768
2021/12/3 11:00,679.7402954
2021/12/3 12:00,768.4651489
2021/12/3 13:00,782.3162842
2021/12/3 14:00,722.8563843
2021/12/3 15:00,595.4509888
2021/12/3 16:00,411.7297058
2021/12/3 17:00,194.2164307
2021/12/3 18:00,21.12711334
2021/12/3 19:00,0
2021/12/3 20:00,0
2021/12/3 21:00,0
2021/12/3 22:00,0
2021/12/3 23:00,0
2021/12/4 0:00,0
2021/12/4 1:00,0
2021/12/4 2:00,0
2021/12/4 3:00,0
2021/12/4 4:00,0
2021/12/4 5:00,0
2021/12/4 6:00,0
2021/12/4 7:00,0.693786621
2021/12/4 8:00,94.56693268
2021/12/4 9:00,300.9596863
2021/12/4 10:00,495.4628906
2021/12/4 11:00,642.7039185
2021/12/4 12:00,728.0175171
2021/12/4 13:00,743.6817017
2021/12/4 14:00,687.0760498
2021/12/4 15:00,562.166748
2021/12/4 16:00,381.4413147
2021/12/4 17:00,172.4390259
2021/12/4 18:00,17.84981155
2021/12/4 19:00,0
2021/12/4 20:00,0
2021/12/4 21:00,0
2021/12/4 22:00,0
2021/12/4 23:00,0
2021/12/5 0:00,0
2021/12/5 1:00,0
2021/12/5 2:00,0
2021/12/5 3:00,0
2021/12/5 4:00,0
2021/12/5 5:00,0
2021/12/5 6:00,0
2021/12/5 7:00,0.527166426
2021/12/5 8:00,83.49564362
2021/12/5 9:00,281.6920471
2021/12/5 10:00,476.9649353
2021/12/5 11:00,627.9375
2021/12/5 12:00,716.7450562
2021/12/5 13:00,734.9404907
2021/12/5 14:00,681.1455688
2021/12/5 15:00,559.6520386
2021/12/5 16:00,382.3276367
2021/12/5 17:00,174.8897552
2021/12/5 18:00,18.49748993
2021/12/5 19:00,0
2021/12/5 20:00,0
2021/12/5 21:00,0
2021/12/5 22:00,0
2021/12/5 23:00,0
2021/12/6 0:00,0
2021/12/6 1:00,0
2021/12/6 2:00,0
2021/12/6 3:00,0
2021/12/6 4:00,0
2021/12/6 5:00,0
2021/12/6 6:00,0
2021/12/6 7:00,0.466225803
2021/12/6 8:00,92.19670105
2021/12/6 9:00,303.5513
2021/12/6 10:00,505.2395325
2021/12/6 11:00,659.5584717
2021/12/6 12:00,748.8880005
2021/12/6 13:00,765.3436279
2021/12/6 14:00,709.0438843
2021/12/6 15:00,583.8157349
2021/12/6 16:00,401.4584656
2021/12/6 17:00,186.9083252
2021/12/6 18:00,20.18635368
2021/12/6 19:00,0
2021/12/6 20:00,0
2021/12/6 21:00,0
2021/12/6 22:00,0
2021/12/6 23:00,0
2021/12/7 0:00,0
2021/12/7 1:00,0
2021/12/7 2:00,0
2021/12/7 3:00,0
2021/12/7 4:00,0
2021/12/7 5:00,0
2021/12/7 6:00,0
2021/12/7 7:00,0.384972066
2021/12/7 8:00,92.37451172
2021/12/7 9:00,300.8104553
2021/12/7 10:00,494.2270813
2021/12/7 11:00,640.1260986
2021/12/7 12:00,723.5900269
2021/12/7 13:00,737.0336914
2021/12/7 14:00,678.9307861
2021/12/7 15:00,554.8761597
2021/12/7 16:00,377.0758057
2021/12/7 17:00,171.0353088
2021/12/7 18:00,18.16314697
2021/12/7 19:00,0
2021/12/7 20:00,0
2021/12/7 21:00,0
2021/12/7 22:00,0
2021/12/7 23:00,0
2021/12/8 0:00,0
2021/12/8 1:00,0
2021/12/8 2:00,0
2021/12/8 3:00,0
2021/12/8 4:00,0
2021/12/8 5:00,0
2021/12/8 6:00,0
2021/12/8 7:00,0.284509093
2021/12/8 8:00,84.45005798
2021/12/8 9:00,287.0751343
2021/12/8 10:00,482.2859802
2021/12/8 11:00,631.8005981
2021/12/8 12:00,718.5917969
2021/12/8 13:00,734.9987793
2021/12/8 14:00,680.6939087
2021/12/8 15:00,559.4631958
2021/12/8 16:00,382.8679199
2021/12/8 17:00,176.0254669
2021/12/8 18:00,18.95841599
2021/12/8 19:00,0
2021/12/8 20:00,0
2021/12/8 21:00,0
2021/12/8 22:00,0
2021/12/8 23:00,0
2021/12/9 0:00,0
2021/12/9 1:00,0
2021/12/9 2:00,0
2021/12/9 3:00,0
2021/12/9 4:00,0
2021/12/9 5:00,0
2021/12/9 6:00,0
2021/12/9 7:00,0.208324119
2021/12/9 8:00,77.99843597
2021/12/9 9:00,272.2200317
2021/12/9 10:00,459.7446289
2021/12/9 11:00,602.7651978
2021/12/9 12:00,686.9110718
2021/12/9 13:00,703.8397217
2021/12/9 14:00,649.7449951
2021/12/9 15:00,529.1795654
2021/12/9 16:00,355.2228088
2021/12/9 17:00,157.7597046
2021/12/9 18:00,16.97156906
2021/12/9 19:00,0
2021/12/9 20:00,0
2021/12/9 21:00,0
2021/12/9 22:00,0
2021/12/9 23:00,0
2021/12/10 0:00,0
2021/12/10 1:00,0
2021/12/10 2:00,0
2021/12/10 3:00,0
2021/12/10 4:00,0
2021/12/10 5:00,0
2021/12/10 6:00,0
2021/12/10 7:00,0.160260379
2021/12/10 8:00,77.74666595
2021/12/10 9:00,279.0047302
2021/12/10 10:00,477.3302917
2021/12/10 11:00,630.918396
2021/12/10 12:00,720.7870483
2021/12/10 13:00,738.7662964
2021/12/10 14:00,685.5321045
2021/12/10 15:00,564.8633423
2021/12/10 16:00,388.1130371
2021/12/10 17:00,180.2699432
2021/12/10 18:00,20.13385963
2021/12/10 19:00,0
2021/12/10 20:00,0
2021/12/10 21:00,0
2021/12/10 22:00,0
2021/12/10 23:00,0
2021/12/11 0:00,0
2021/12/11 1:00,0
2021/12/11 2:00,0
2021/12/11 3:00,0
2021/12/11 4:00,0
2021/12/11 5:00,0
2021/12/11 6:00,0
2021/12/11 7:00,0.113039792
2021/12/11 8:00,76.39865112
2021/12/11 9:00,274.6277466
2021/12/11 10:00,469.5161743
2021/12/11 11:00,619.5233154
2021/12/11 12:00,708.1265869
2021/12/11 13:00,727.4337158
2021/12/11 14:00,675.6858521
2021/12/11 15:00,557.0332642
2021/12/11 16:00,383.003479
2021/12/11 17:00,178.2303925
2021/12/11 18:00,20.16804123
2021/12/11 19:00,0
2021/12/11 20:00,0
2021/12/11 21:00,0
2021/12/11 22:00,0
2021/12/11 23:00,0
2021/12/12 0:00,0
2021/12/12 1:00,0
2021/12/12 2:00,0
2021/12/12 3:00,0
2021/12/12 4:00,0
2021/12/12 5:00,0
2021/12/12 6:00,0
2021/12/12 7:00,0.067892537
2021/12/12 8:00,69.00418091
2021/12/12 9:00,258.759552
2021/12/12 10:00,453.6217957
2021/12/12 11:00,605.7757568
2021/12/12 12:00,695.8626709
2021/12/12 13:00,715.5853271
2021/12/12 14:00,664.1918335
2021/12/12 15:00,544.7672119
2021/12/12 16:00,369.6820374
2021/12/12 17:00,167.6440277
2021/12/12 18:00,18.6808567
2021/12/12 19:00,0
2021/12/12 20:00,0
2021/12/12 21:00,0
2021/12/12 22:00,0
2021/12/12 23:00,0
2021/12/13 0:00,0
2021/12/13 1:00,0
2021/12/13 2:00,0
2021/12/13 3:00,0
2021/12/13 4:00,0
2021/12/13 5:00,0
2021/12/13 6:00,0
2021/12/13 7:00,0.042030133
2021/12/13 8:00,60.12588501
2021/12/13 9:00,231.6080017
2021/12/13 10:00,413.5012512
2021/12/13 11:00,557.0419922
2021/12/13 12:00,644.2554932
2021/12/13 13:00,665.8289185
2021/12/13 14:00,616.4257813
2021/12/13 15:00,500.8755493
2021/12/13 16:00,333.6176758
2021/12/13 17:00,147.4715271
2021/12/13 18:00,16.957201
2021/12/13 19:00,0
2021/12/13 20:00,0
2021/12/13 21:00,0
2021/12/13 22:00,0
2021/12/13 23:00,0
2021/12/14 0:00,0
2021/12/14 1:00,0
2021/12/14 2:00,0
2021/12/14 3:00,0
2021/12/14 4:00,0
2021/12/14 5:00,0
2021/12/14 6:00,0
2021/12/14 7:00,0.020449365
2021/12/14 8:00,65.90468597
2021/12/14 9:00,255.2284088
2021/12/14 10:00,451.2277527
2021/12/14 11:00,605.1636353
2021/12/14 12:00,697.2911377
2021/12/14 13:00,719.1846313
2021/12/14 14:00,670.2738037
2021/12/14 15:00,553.7268066
2021/12/14 16:00,381.1977844
2021/12/14 17:00,178.3232117
2021/12/14 18:00,20.97196579
2021/12/14 19:00,0
2021/12/14 20:00,0
2021/12/14 21:00,0
2021/12/14 22:00,0
2021/12/14 23:00,0
2021/12/15 0:00,0
2021/12/15 1:00,0
2021/12/15 2:00,0
2021/12/15 3:00,0
2021/12/15 4:00,0
2021/12/15 5:00,0
2021/12/15 6:00,0
2021/12/15 7:00,0.010841895
2021/12/15 8:00,68.21592712
2021/12/15 9:00,259.9351807
2021/12/15 10:00,450.5214844
2021/12/15 11:00,598.4875488
2021/12/15 12:00,685.6349487
2021/12/15 13:00,703.4963379
2021/12/15 14:00,651.0535278
2021/12/15 15:00,534.4213257
2021/12/15 16:00,365.6653748
2021/12/15 17:00,169.0580139
2021/12/15 18:00,20.14950562
2021/12/15 19:00,0
2021/12/15 20:00,0
2021/12/15 21:00,0
2021/12/15 22:00,0
2021/12/15 23:00,0
2021/12/16 0:00,0
2021/12/16 1:00,0
2021/12/16 2:00,0
2021/12/16 3:00,0
2021/12/16 4:00,0
2021/12/16 5:00,0
2021/12/16 6:00,0
2021/12/16 7:00,0
2021/12/16 8:00,63.28802109
2021/12/16 9:00,250.0145721
2021/12/16 10:00,441.059845
2021/12/16 11:00,590.1234131
2021/12/16 12:00,680.8491821
2021/12/16 13:00,704.7868042
2021/12/16 14:00,658.3762207
2021/12/16 15:00,545.3289185
2021/12/16 16:00,376.8633423
2021/12/16 17:00,177.4338837
2021/12/16 18:00,21.61452484
2021/12/16 19:00,0
2021/12/16 20:00,0
2021/12/16 21:00,0
2021/12/16 22:00,0
2021/12/16 23:00,0
2021/12/17 0:00,0
2021/12/17 1:00,0
2021/12/17 2:00,0
2021/12/17 3:00,0
2021/12/17 4:00,0
2021/12/17 5:00,0
2021/12/17 6:00,0
2021/12/17 7:00,0
2021/12/17 8:00,62.40576935
2021/12/17 9:00,246.4873352
2021/12/17 10:00,432.2422791
2021/12/17 11:00,577.4705811
2021/12/17 12:00,664.2124023
2021/12/17 13:00,683.6368408
2021/12/17 14:00,632.484436
2021/12/17 15:00,514.9153442
2021/12/17 16:00,345.0126648
2021/12/17 17:00,154.9000092
2021/12/17 18:00,18.98714447
2021/12/17 19:00,0
2021/12/17 20:00,0
2021/12/17 21:00,0
2021/12/17 22:00,0
2021/12/17 23:00,0
2021/12/18 0:00,0
2021/12/18 1:00,0
2021/12/18 2:00,0
2021/12/18 3:00,0
2021/12/18 4:00,0
2021/12/18 5:00,0
2021/12/18 6:00,0
2021/12/18 7:00,0
2021/12/18 8:00,52.22431183
2021/12/18 9:00,218.5999756
2021/12/18 10:00,402.3509521
2021/12/18 11:00,550.0214233
2021/12/18 12:00,642.1225586
2021/12/18 13:00,668.307373
2021/12/18 14:00,623.2828369
2021/12/18 15:00,511.1793213
2021/12/18 16:00,345.5963745
2021/12/18 17:00,157.4259186
2021/12/18 18:00,19.58355522
2021/12/18 19:00,0
2021/12/18 20:00,0
2021/12/18 21:00,0
2021/12/18 22:00,0
2021/12/18 23:00,0
2021/12/19 0:00,0
2021/12/19 1:00,0
2021/12/19 2:00,0
2021/12/19 3:00,0
2021/12/19 4:00,0
2021/12/19 5:00,0
2021/12/19 6:00,0
2021/12/19 7:00,0
2021/12/19 8:00,54.95156479
2021/12/19 9:00,232.7504578
2021/12/19 10:00,424.5117798
2021/12/19 11:00,578.0949097
2021/12/19 12:00,671.0789185
2021/12/19 13:00,694.0704346
2021/12/19 14:00,646.8515625
2021/12/19 15:00,532.7103882
2021/12/19 16:00,364.473999
2021/12/19 17:00,169.3423004
2021/12/19 18:00,21.24739075
2021/12/19 19:00,0
2021/12/19 20:00,0
2021/12/19 21:00,0
2021/12/19 22:00,0
2021/12/19 23:00,0
2021/12/20 0:00,0
2021/12/20 1:00,0
2021/12/20 2:00,0
2021/12/20 3:00,0
2021/12/20 4:00,0
2021/12/20 5:00,0
2021/12/20 6:00,0
2021/12/20 7:00,0
2021/12/20 8:00,56.23191833
2021/12/20 9:00,235.3626556
2021/12/20 10:00,420.875946
2021/12/20 11:00,566.8779907
2021/12/20 12:00,655.0234375
2021/12/20 13:00,676.5024414
2021/12/20 14:00,629.1585693
2021/12/20 15:00,518.4316406
2021/12/20 16:00,356.1280518
2021/12/20 17:00,166.6530609
2021/12/20 18:00,21.53409386
2021/12/20 19:00,0
2021/12/20 20:00,0
2021/12/20 21:00,0
2021/12/20 22:00,0
2021/12/20 23:00,0
2021/12/21 0:00,0
2021/12/21 1:00,0
2021/12/21 2:00,0
2021/12/21 3:00,0
2021/12/21 4:00,0
2021/12/21 5:00,0
2021/12/21 6:00,0
2021/12/21 7:00,0
2021/12/21 8:00,58.54242706
2021/12/21 9:00,243.4018097
2021/12/21 10:00,432.5180359
2021/12/21 11:00,581.8619385
2021/12/21 12:00,673.6260986
2021/12/21 13:00,699.0384521
2021/12/21 14:00,656.0532837
2021/12/21 15:00,548.1727905
2021/12/21 16:00,385.6981812
2021/12/21 17:00,189.5296631
2021/12/21 18:00,25.87818146
2021/12/21 19:00,0
2021/12/21 20:00,0
2021/12/21 21:00,0
2021/12/21 22:00,0
2021/12/21 23:00,0
2021/12/22 0:00,0
2021/12/22 1:00,0
2021/12/22 2:00,0
2021/12/22 3:00,0
2021/12/22 4:00,0
2021/12/22 5:00,0
2021/12/22 6:00,0
2021/12/22 7:00,0
2021/12/22 8:00,63.85119247
2021/12/22 9:00,256.2473755
2021/12/22 10:00,443.9223328
2021/12/22 11:00,589.7869873
2021/12/22 12:00,678.7198486
2021/12/22 13:00,701.7487793
2021/12/22 14:00,654.954834
2021/12/22 15:00,542.6052246
2021/12/22 16:00,376.0283203
2021/12/22 17:00,179.3122253
2021/12/22 18:00,24.13249397
2021/12/22 19:00,0
2021/12/22 20:00,0
2021/12/22 21:00,0
2021/12/22 22:00,0
2021/12/22 23:00,0
2021/12/23 0:00,0
2021/12/23 1:00,0
2021/12/23 2:00,0
2021/12/23 3:00,0
2021/12/23 4:00,0
2021/12/23 5:00,0
2021/12/23 6:00,0
2021/12/23 7:00,0
2021/12/23 8:00,51.26573563
2021/12/23 9:00,228.4897003
2021/12/23 10:00,421.0574646
2021/12/23 11:00,575.2312012
2021/12/23 12:00,668.0024414
2021/12/23 13:00,690.366333
2021/12/23 14:00,643.1665649
2021/12/23 15:00,531.6714478
2021/12/23 16:00,367.5559998
2021/12/23 17:00,174.8712616
2021/12/23 18:00,23.82741928
2021/12/23 19:00,0
2021/12/23 20:00,0
2021/12/23 21:00,0
2021/12/23 22:00,0
2021/12/23 23:00,0
2021/12/24 0:00,0
2021/12/24 1:00,0
2021/12/24 2:00,0
2021/12/24 3:00,0
2021/12/24 4:00,0
2021/12/24 5:00,0
2021/12/24 6:00,0
2021/12/24 7:00,0
2021/12/24 8:00,50.0368309
2021/12/24 9:00,223.8145752
2021/12/24 10:00,410.1947632
2021/12/24 11:00,558.8741455
2021/12/24 12:00,651.2384033
2021/12/24 13:00,677.704895
2021/12/24 14:00,634.4471436
2021/12/24 15:00,526.5112305
2021/12/24 16:00,365.384613
2021/12/24 17:00,175.1495972
2021/12/24 18:00,24.5630703
2021/12/24 19:00,0
2021/12/24 20:00,0
2021/12/24 21:00,0
2021/12/24 22:00,0
2021/12/24 23:00,0
2021/12/25 0:00,0
2021/12/25 1:00,0
2021/12/25 2:00,0
2021/12/25 3:00,0
2021/12/25 4:00,0
2021/12/25 5:00,0
2021/12/25 6:00,0
2021/12/25 7:00,0
2021/12/25 8:00,51.03796768
2021/12/25 9:00,225.7364807
2021/12/25 10:00,409.0541992
2021/12/25 11:00,553.5088501
2021/12/25 12:00,642.9230957
2021/12/25 13:00,666.4454956
2021/12/25 14:00,618.7668457
2021/12/25 15:00,505.0460815
2021/12/25 16:00,339.9994507
2021/12/25 17:00,156.3601227
2021/12/25 18:00,22.29969788
2021/12/25 19:00,0
2021/12/25 20:00,0
2021/12/25 21:00,0
2021/12/25 22:00,0
2021/12/25 23:00,0
2021/12/26 0:00,0
2021/12/26 1:00,0
2021/12/26 2:00,0
2021/12/26 3:00,0
2021/12/26 4:00,0
2021/12/26 5:00,0
2021/12/26 6:00,0
2021/12/26 7:00,0
2021/12/26 8:00,48.38215256
2021/12/26 9:00,222.155426
2021/12/26 10:00,412.1715393
2021/12/26 11:00,564.7706909
2021/12/26 12:00,659.2733765
2021/12/26 13:00,686.2115479
2021/12/26 14:00,643.1155396
2021/12/26 15:00,535.3478394
2021/12/26 16:00,374.3118591
2021/12/26 17:00,182.4554291
2021/12/26 18:00,26.73443985
2021/12/26 19:00,0
2021/12/26 20:00,0
2021/12/26 21:00,0
2021/12/26 22:00,0
2021/12/26 23:00,0
2021/12/27 0:00,0
2021/12/27 1:00,0
2021/12/27 2:00,0
2021/12/27 3:00,0
2021/12/27 4:00,0
2021/12/27 5:00,0
2021/12/27 6:00,0
2021/12/27 7:00,0
2021/12/27 8:00,52.50640106
2021/12/27 9:00,237.7063446
2021/12/27 10:00,431.7333374
2021/12/27 11:00,586.026062
2021/12/27 12:00,680.6034546
2021/12/27 13:00,706.322876
2021/12/27 14:00,662.1530762
2021/12/27 15:00,553.1912842
2021/12/27 16:00,390.255249
2021/12/27 17:00,193.9397888
2021/12/27 18:00,29.24760056
2021/12/27 19:00,0
2021/12/27 20:00,0
2021/12/27 21:00,0
2021/12/27 22:00,0
2021/12/27 23:00,0
2021/12/28 0:00,0
2021/12/28 1:00,0
2021/12/28 2:00,0
2021/12/28 3:00,0
2021/12/28 4:00,0
2021/12/28 5:00,0
2021/12/28 6:00,0
2021/12/28 7:00,0
2021/12/28 8:00,49.27246857
2021/12/28 9:00,229.4822845
2021/12/28 10:00,423.1075745
2021/12/28 11:00,578.2987671
2021/12/28 12:00,674.4445801
2021/12/28 13:00,702.0569458
2021/12/28 14:00,659.2545166
2021/12/28 15:00,549.2041626
2021/12/28 16:00,383.1783447
2021/12/28 17:00,186.5157166
2021/12/28 18:00,28.30904961
2021/12/28 19:00,0
2021/12/28 20:00,0
2021/12/28 21:00,0
2021/12/28 22:00,0
2021/12/28 23:00,0
2021/12/29 0:00,0
2021/12/29 1:00,0
2021/12/29 2:00,0
2021/12/29 3:00,0
2021/12/29 4:00,0
2021/12/29 5:00,0
2021/12/29 6:00,0
2021/12/29 7:00,0
2021/12/29 8:00,48.4342308
2021/12/29 9:00,227.3685608
2021/12/29 10:00,420.2800903
2021/12/29 11:00,574.6346436
2021/12/29 12:00,669.7401733
2021/12/29 13:00,696.3043823
2021/12/29 14:00,652.0453491
2021/12/29 15:00,544.6525879
2021/12/29 16:00,385.2060242
2021/12/29 17:00,192.5404358
2021/12/29 18:00,30.5755806
2021/12/29 19:00,0
2021/12/29 20:00,0
2021/12/29 21:00,0
2021/12/29 22:00,0
2021/12/29 23:00,0
2021/12/30 0:00,0
2021/12/30 1:00,0
2021/12/30 2:00,0
2021/12/30 3:00,0
2021/12/30 4:00,0
2021/12/30 5:00,0
2021/12/30 6:00,0
2021/12/30 7:00,0
2021/12/30 8:00,52.67458344
2021/12/30 9:00,240.1044922
2021/12/30 10:00,433.4777527
2021/12/30 11:00,586.4329834
2021/12/30 12:00,681.989563
2021/12/30 13:00,710.8210449
2021/12/30 14:00,668.4950562
2021/12/30 15:00,558.4633179
2021/12/30 16:00,391.9430237
2021/12/30 17:00,193.4800262
2021/12/30 18:00,30.58499908
2021/12/30 19:00,0
2021/12/30 20:00,0
2021/12/30 21:00,0
2021/12/30 22:00,0
2021/12/30 23:00,0
2021/12/31 0:00,0
2021/12/31 1:00,0
2021/12/31 2:00,0
2021/12/31 3:00,0
2021/12/31 4:00,0
2021/12/31 5:00,0
2021/12/31 6:00,0
2021/12/31 7:00,0
2021/12/31 8:00,46.30950928
2021/12/31 9:00,224.3883972
2021/12/31 10:00,419.8352966
2021/12/31 11:00,577.6895752
2021/12/31 12:00,677.28125
2021/12/31 13:00,708.7286987
2021/12/31 14:00,669.2207031
2021/12/31 15:00,561.4215698
2021/12/31 16:00,396.241333
2021/12/31 17:00,197.9199219
2021/12/31 18:00,31.84197426
2021/12/31 19:00,0
2021/12/31 20:00,0
2021/12/31 21:00,0
2021/12/31 22:00,0
2021/12/31 23:00,0
2022/1/1 0:00,0
2022/1/1 1:00,0
2022/1/1 2:00,0
2022/1/1 3:00,0
2022/1/1 4:00,0
2022/1/1 5:00,0
2022/1/1 6:00,0
2022/1/1 7:00,0
2022/1/1 8:00,46.0995369
2022/1/1 9:00,222.489212
2022/1/1 10:00,413.0031738
2022/1/1 11:00,566.1478882
2022/1/1 12:00,664.4988403
2022/1/1 13:00,698.1864014
2022/1/1 14:00,660.8950806
2022/1/1 15:00,554.8285522
2022/1/1 16:00,390.9884033
2022/1/1 17:00,194.8335724
2022/1/1 18:00,32.05751419
2022/1/1 19:00,0
2022/1/1 20:00,0
2022/1/1 21:00,0
2022/1/1 22:00,0
2022/1/1 23:00,0
2022/1/2 0:00,0
2022/1/2 1:00,0
2022/1/2 2:00,0
2022/1/2 3:00,0
2022/1/2 4:00,0
2022/1/2 5:00,0
2022/1/2 6:00,0
2022/1/2 7:00,0
2022/1/2 8:00,43.14728546
2022/1/2 9:00,216.540329
2022/1/2 10:00,414.4739075
2022/1/2 11:00,577.0408936
2022/1/2 12:00,680.3772583
2022/1/2 13:00,714.3291626
2022/1/2 14:00,677.0615234
2022/1/2 15:00,571.3777466
2022/1/2 16:00,407.7171936
2022/1/2 17:00,208.4842224
2022/1/2 18:00,35.66302109
2022/1/2 19:00,0
2022/1/2 20:00,0
2022/1/2 21:00,0
2022/1/2 22:00,0
2022/1/2 23:00,0
2022/1/3 0:00,0
2022/1/3 1:00,0
2022/1/3 2:00,0
2022/1/3 3:00,0
2022/1/3 4:00,0
2022/1/3 5:00,0
2022/1/3 6:00,0
2022/1/3 7:00,0
2022/1/3 8:00,46.85995102
2022/1/3 9:00,228.7635345
2022/1/3 10:00,425.2793579
2022/1/3 11:00,583.2095337
2022/1/3 12:00,683.0963745
2022/1/3 13:00,715.1418457
2022/1/3 14:00,675.9002686
2022/1/3 15:00,569.7839966
2022/1/3 16:00,407.2615051
2022/1/3 17:00,209.2220917
2022/1/3 18:00,36.71071243
2022/1/3 19:00,0
2022/1/3 20:00,0
2022/1/3 21:00,0
2022/1/3 22:00,0
2022/1/3 23:00,0
2022/1/4 0:00,0
2022/1/4 1:00,0
2022/1/4 2:00,0
2022/1/4 3:00,0
2022/1/4 4:00,0
2022/1/4 5:00,0
2022/1/4 6:00,0
2022/1/4 7:00,0
2022/1/4 8:00,50.56780624
2022/1/4 9:00,240.4286194
2022/1/4 10:00,438.4739685
2022/1/4 11:00,596.5375366
2022/1/4 12:00,696.2721558
2022/1/4 13:00,728.1705322
2022/1/4 14:00,689.1581421
2022/1/4 15:00,583.1593018
2022/1/4 16:00,420.0619202
2022/1/4 17:00,219.4654083
2022/1/4 18:00,39.82308578
2022/1/4 19:00,0
2022/1/4 20:00,0
2022/1/4 21:00,0
2022/1/4 22:00,0
2022/1/4 23:00,0
2022/1/5 0:00,0
2022/1/5 1:00,0
2022/1/5 2:00,0
2022/1/5 3:00,0
2022/1/5 4:00,0
2022/1/5 5:00,0
2022/1/5 6:00,0
2022/1/5 7:00,0
2022/1/5 8:00,46.62194824
2022/1/5 9:00,230.8867798
2022/1/5 10:00,431.4978027
2022/1/5 11:00,593.0895386
2022/1/5 12:00,695.09552
2022/1/5 13:00,728.0311279
2022/1/5 14:00,689.7432861
2022/1/5 15:00,582.4613647
2022/1/5 16:00,416.2692261
2022/1/5 17:00,214.1351776
2022/1/5 18:00,38.69992447
2022/1/5 19:00,0
2022/1/5 20:00,0
2022/1/5 21:00,0
2022/1/5 22:00,0
2022/1/5 23:00,0
2022/1/6 0:00,0
2022/1/6 1:00,0
2022/1/6 2:00,0
2022/1/6 3:00,0
2022/1/6 4:00,0
2022/1/6 5:00,0
2022/1/6 6:00,0
2022/1/6 7:00,0
2022/1/6 8:00,40.47528076
2022/1/6 9:00,209.2619934
2022/1/6 10:00,406.2801514
2022/1/6 11:00,569.8104858
2022/1/6 12:00,673.7667847
2022/1/6 13:00,707.1193848
2022/1/6 14:00,668.5615234
2022/1/6 15:00,563.0761108
2022/1/6 16:00,401.4958801
2022/1/6 17:00,205.8843536
2022/1/6 18:00,37.80821609
2022/1/6 19:00,0
2022/1/6 20:00,0
2022/1/6 21:00,0
2022/1/6 22:00,0
2022/1/6 23:00,0
2022/1/7 0:00,0
2022/1/7 1:00,0
2022/1/7 2:00,0
2022/1/7 3:00,0
2022/1/7 4:00,0
2022/1/7 5:00,0
2022/1/7 6:00,0
2022/1/7 7:00,0
2022/1/7 8:00,41.5119133
2022/1/7 9:00,214.8887329
2022/1/7 10:00,414.8958435
2022/1/7 11:00,579.880188
2022/1/7 12:00,685.3995972
2022/1/7 13:00,720.9920654
2022/1/7 14:00,684.7266235
2022/1/7 15:00,579.2299194
2022/1/7 16:00,414.9436646
2022/1/7 17:00,214.9866943
2022/1/7 18:00,40.41648102
2022/1/7 19:00,0
2022/1/7 20:00,0
2022/1/7 21:00,0
2022/1/7 22:00,0
2022/1/7 23:00,0
2022/1/8 0:00,0
2022/1/8 1:00,0
2022/1/8 2:00,0
2022/1/8 3:00,0
2022/1/8 4:00,0
2022/1/8 5:00,0
2022/1/8 6:00,0
2022/1/8 7:00,0
2022/1/8 8:00,41.41786194
2022/1/8 9:00,210.0493469
2022/1/8 10:00,396.1031494
2022/1/8 11:00,547.2737427
2022/1/8 12:00,646.4031982
2022/1/8 13:00,681.7127686
2022/1/8 14:00,645.307312
2022/1/8 15:00,540.3876953
2022/1/8 16:00,379.3630676
2022/1/8 17:00,190.4482727
2022/1/8 18:00,36.09202957
2022/1/8 19:00,0
2022/1/8 20:00,0
2022/1/8 21:00,0
2022/1/8 22:00,0
2022/1/8 23:00,0
2022/1/9 0:00,0
2022/1/9 1:00,0
2022/1/9 2:00,0
2022/1/9 3:00,0
2022/1/9 4:00,0
2022/1/9 5:00,0
2022/1/9 6:00,0
2022/1/9 7:00,0
2022/1/9 8:00,36.71922684
2022/1/9 9:00,192.692337
2022/1/9 10:00,382.2940369
2022/1/9 11:00,543.1101074
2022/1/9 12:00,647.8470459
2022/1/9 13:00,684.4730835
2022/1/9 14:00,649.578186
2022/1/9 15:00,547.4641113
2022/1/9 16:00,389.4761047
2022/1/9 17:00,200.1391144
2022/1/9 18:00,39.11379623
2022/1/9 19:00,0
2022/1/9 20:00,0
2022/1/9 21:00,0
2022/1/9 22:00,0
2022/1/9 23:00,0
2022/1/10 0:00,0
2022/1/10 1:00,0
2022/1/10 2:00,0
2022/1/10 3:00,0
2022/1/10 4:00,0
2022/1/10 5:00,0
2022/1/10 6:00,0
2022/1/10 7:00,0
2022/1/10 8:00,40.14797974
2022/1/10 9:00,205.591507
2022/1/10 10:00,393.5536804
2022/1/10 11:00,549.1400757
2022/1/10 12:00,647.9627075
2022/1/10 13:00,678.807373
2022/1/10 14:00,637.8914185
2022/1/10 15:00,529.817749
2022/1/10 16:00,368.2720947
2022/1/10 17:00,183.5471344
2022/1/10 18:00,36.49521255
2022/1/10 19:00,0
2022/1/10 20:00,0
2022/1/10 21:00,0
2022/1/10 22:00,0
2022/1/10 23:00,0
2022/1/11 0:00,0
2022/1/11 1:00,0
2022/1/11 2:00,0
2022/1/11 3:00,0
2022/1/11 4:00,0
2022/1/11 5:00,0
2022/1/11 6:00,0
2022/1/11 7:00,0
2022/1/11 8:00,47.25761032
2022/1/11 9:00,233.6464844
2022/1/11 10:00,428.0286865
2022/1/11 11:00,584.4055786
2022/1/11 12:00,687.2042236
2022/1/11 13:00,725.9172974
2022/1/11 14:00,692.5372314
2022/1/11 15:00,589.8330078
2022/1/11 16:00,428.0004883
2022/1/11 17:00,228.4275818
2022/1/11 18:00,46.99085999
2022/1/11 19:00,0
2022/1/11 20:00,0
2022/1/11 21:00,0
2022/1/11 22:00,0
2022/1/11 23:00,0
2022/1/12 0:00,0
2022/1/12 1:00,0
2022/1/12 2:00,0
2022/1/12 3:00,0
2022/1/12 4:00,0
2022/1/12 5:00,0
2022/1/12 6:00,0
2022/1/12 7:00,0
2022/1/12 8:00,39.56445694
2022/1/12 9:00,204.4933167
2022/1/12 10:00,391.7101135
2022/1/12 11:00,546.0818481
2022/1/12 12:00,646.2387695
2022/1/12 13:00,681.37146
2022/1/12 14:00,644.6729736
2022/1/12 15:00,541.151001
2022/1/12 16:00,383.1797485
2022/1/12 17:00,196.6898193
2022/1/12 18:00,40.68877411
2022/1/12 19:00,0
2022/1/12 20:00,0
2022/1/12 21:00,0
2022/1/12 22:00,0
2022/1/12 23:00,0
2022/1/13 0:00,0
2022/1/13 1:00,0
2022/1/13 2:00,0
2022/1/13 3:00,0
2022/1/13 4:00,0
2022/1/13 5:00,0
2022/1/13 6:00,0
2022/1/13 7:00,0
2022/1/13 8:00,38.65375137
2022/1/13 9:00,206.3144989
2022/1/13 10:00,403.4295959
2022/1/13 11:00,567.7680664
2022/1/13 12:00,672.43573
2022/1/13 13:00,706.3105469
2022/1/13 14:00,668.5856934
2022/1/13 15:00,564.098877
2022/1/13 16:00,403.8962708
2022/1/13 17:00,210.6165009
2022/1/13 18:00,43.94831848
2022/1/13 19:00,0
2022/1/13 20:00,0
2022/1/13 21:00,0
2022/1/13 22:00,0
2022/1/13 23:00,0
2022/1/14 0:00,0
2022/1/14 1:00,0
2022/1/14 2:00,0
2022/1/14 3:00,0
2022/1/14 4:00,0
2022/1/14 5:00,0
2022/1/14 6:00,0
2022/1/14 7:00,0
2022/1/14 8:00,35.13819122
2022/1/14 9:00,188.4781952
2022/1/14 10:00,381.839386
2022/1/14 11:00,549.9966431
2022/1/14 12:00,657.993042
2022/1/14 13:00,692.6680908
2022/1/14 14:00,655.2056885
2022/1/14 15:00,549.6879883
2022/1/14 16:00,388.7290039
2022/1/14 17:00,199.9281158
2022/1/14 18:00,43.04145813
2022/1/14 19:00,0
2022/1/14 20:00,0
2022/1/14 21:00,0
2022/1/14 22:00,0
2022/1/14 23:00,0
2022/1/15 0:00,0
2022/1/15 1:00,0
2022/1/15 2:00,0
2022/1/15 3:00,0
2022/1/15 4:00,0
2022/1/15 5:00,0
2022/1/15 6:00,0
2022/1/15 7:00,0
2022/1/15 8:00,39.88573456
2022/1/15 9:00,207.9755554
2022/1/15 10:00,398.6736145
2022/1/15 11:00,555.9718628
2022/1/15 12:00,661.413269
2022/1/15 13:00,702.9379272
2022/1/15 14:00,672.7631836
2022/1/15 15:00,573.5627441
2022/1/15 16:00,415.9929199
2022/1/15 17:00,222.9514465
2022/1/15 18:00,49.23389816
2022/1/15 19:00,0
2022/1/15 20:00,0
2022/1/15 21:00,0
2022/1/15 22:00,0
2022/1/15 23:00,0
2022/1/16 0:00,0
2022/1/16 1:00,0
2022/1/16 2:00,0
2022/1/16 3:00,0
2022/1/16 4:00,0
2022/1/16 5:00,0
2022/1/16 6:00,0
2022/1/16 7:00,0
2022/1/16 8:00,38.79052353
2022/1/16 9:00,208.4849243
2022/1/16 10:00,411.2687073
2022/1/16 11:00,582.0549927
2022/1/16 12:00,692.7606201
2022/1/16 13:00,732.1994629
2022/1/16 14:00,700.237793
2022/1/16 15:00,600.5925293
2022/1/16 16:00,442.8501892
2022/1/16 17:00,245.3486176
2022/1/16 18:00,56.26741791
2022/1/16 19:00,0
2022/1/16 20:00,0
2022/1/16 21:00,0
2022/1/16 22:00,0
2022/1/16 23:00,0
2022/1/17 0:00,0
2022/1/17 1:00,0
2022/1/17 2:00,0
2022/1/17 3:00,0
2022/1/17 4:00,0
2022/1/17 5:00,0
2022/1/17 6:00,0
2022/1/17 7:00,0
2022/1/17 8:00,41.2520256
2022/1/17 9:00,215.0657043
2022/1/17 10:00,413.7144775
2022/1/17 11:00,577.6396484
2022/1/17 12:00,678.640686
2022/1/17 13:00,706.6104126
2022/1/17 14:00,662.8193359
2022/1/17 15:00,551.2402344
2022/1/17 16:00,385.4056396
2022/1/17 17:00,195.6718445
2022/1/17 18:00,43.66573715
2022/1/17 19:00,0
2022/1/17 20:00,0
2022/1/17 21:00,0
2022/1/17 22:00,0
2022/1/17 23:00,0
2022/1/18 0:00,0
2022/1/18 1:00,0
2022/1/18 2:00,0
2022/1/18 3:00,0
2022/1/18 4:00,0
2022/1/18 5:00,0
2022/1/18 6:00,0
2022/1/18 7:00,0
2022/1/18 8:00,36.12848663
2022/1/18 9:00,195.5379486
2022/1/18 10:00,397.9190674
2022/1/18 11:00,575.6257935
2022/1/18 12:00,689.7034912
2022/1/18 13:00,728.2368774
2022/1/18 14:00,694.5151367
2022/1/18 15:00,593.7561035
2022/1/18 16:00,435.9317627
2022/1/18 17:00,239.6425781
2022/1/18 18:00,56.82006073
2022/1/18 19:00,0
2022/1/18 20:00,0
2022/1/18 21:00,0
2022/1/18 22:00,0
2022/1/18 23:00,0
2022/1/19 0:00,0
2022/1/19 1:00,0
2022/1/19 2:00,0
2022/1/19 3:00,0
2022/1/19 4:00,0
2022/1/19 5:00,0
2022/1/19 6:00,0
2022/1/19 7:00,0
2022/1/19 8:00,43.0899086
2022/1/19 9:00,227.245636
2022/1/19 10:00,439.7407227
2022/1/19 11:00,615.635437
2022/1/19 12:00,729.3911133
2022/1/19 13:00,770.5365601
2022/1/19 14:00,738.1149902
2022/1/19 15:00,634.4351196
2022/1/19 16:00,469.0490112
2022/1/19 17:00,261.8898315
2022/1/19 18:00,63.55192947
2022/1/19 19:00,0
2022/1/19 20:00,0
2022/1/19 21:00,0
2022/1/19 22:00,0
2022/1/19 23:00,0
2022/1/20 0:00,0
2022/1/20 1:00,0
2022/1/20 2:00,0
2022/1/20 3:00,0
2022/1/20 4:00,0
2022/1/20 5:00,0
2022/1/20 6:00,0
2022/1/20 7:00,0
2022/1/20 8:00,46.24266815
2022/1/20 9:00,237.1608276
2022/1/20 10:00,446.2771912
2022/1/20 11:00,616.6247559
2022/1/20 12:00,727.0040283
2022/1/20 13:00,767.4161377
2022/1/20 14:00,735.0705566
2022/1/20 15:00,632.6686401
2022/1/20 16:00,469.5747681
2022/1/20 17:00,264.6089172
2022/1/20 18:00,65.89256287
2022/1/20 19:00,0
2022/1/20 20:00,0
2022/1/20 21:00,0
2022/1/20 22:00,0
2022/1/20 23:00,0
2022/1/21 0:00,0
2022/1/21 1:00,0
2022/1/21 2:00,0
2022/1/21 3:00,0
2022/1/21 4:00,0
2022/1/21 5:00,0
2022/1/21 6:00,0
2022/1/21 7:00,0
2022/1/21 8:00,46.53833771
2022/1/21 9:00,235.9289398
2022/1/21 10:00,441.7789612
2022/1/21 11:00,609.2230225
2022/1/21 12:00,719.1141968
2022/1/21 13:00,761.1503906
2022/1/21 14:00,730.8322144
2022/1/21 15:00,631.5993652
2022/1/21 16:00,472.9258118
2022/1/21 17:00,272.2143555
2022/1/21 18:00,70.99187469
2022/1/21 19:00,6.11E-17
2022/1/21 20:00,0
2022/1/21 21:00,0
2022/1/21 22:00,0
2022/1/21 23:00,0
2022/1/22 0:00,0
2022/1/22 1:00,0
2022/1/22 2:00,0
2022/1/22 3:00,0
2022/1/22 4:00,0
2022/1/22 5:00,0
2022/1/22 6:00,0
2022/1/22 7:00,0
2022/1/22 8:00,48.65005112
2022/1/22 9:00,240.5344086
2022/1/22 10:00,444.8864136
2022/1/22 11:00,611.1422119
2022/1/22 12:00,719.7241211
2022/1/22 13:00,760.3755493
2022/1/22 14:00,729.7649536
2022/1/22 15:00,629.9720459
2022/1/22 16:00,469.855011
2022/1/22 17:00,267.6159363
2022/1/22 18:00,69.1335144
2022/1/22 19:00,0.011774991
2022/1/22 20:00,0
2022/1/22 21:00,0
2022/1/22 22:00,0
2022/1/22 23:00,0
2022/1/23 0:00,0
2022/1/23 1:00,0
2022/1/23 2:00,0
2022/1/23 3:00,0
2022/1/23 4:00,0
2022/1/23 5:00,0
2022/1/23 6:00,0
2022/1/23 7:00,0
2022/1/23 8:00,45.53242874
2022/1/23 9:00,231.4414673
2022/1/23 10:00,437.1053162
2022/1/23 11:00,605.5820923
2022/1/23 12:00,715.329895
2022/1/23 13:00,756.2536621
2022/1/23 14:00,725.5057983
2022/1/23 15:00,624.5423584
2022/1/23 16:00,462.5834961
2022/1/23 17:00,259.7958984
2022/1/23 18:00,66.51673889
2022/1/23 19:00,0.023093078
2022/1/23 20:00,0
2022/1/23 21:00,0
2022/1/23 22:00,0
2022/1/23 23:00,0
2022/1/24 0:00,0
2022/1/24 1:00,0
2022/1/24 2:00,0
2022/1/24 3:00,0
2022/1/24 4:00,0
2022/1/24 5:00,0
2022/1/24 6:00,0
2022/1/24 7:00,0
2022/1/24 8:00,38.88820267
2022/1/24 9:00,206.2627716
2022/1/24 10:00,408.442749
2022/1/24 11:00,580.5665283
2022/1/24 12:00,694.2428589
2022/1/24 13:00,737.480896
2022/1/24 14:00,708.4411011
2022/1/24 15:00,605.1449585
2022/1/24 16:00,437.8852539
2022/1/24 17:00,236.9109192
2022/1/24 18:00,59.46640778
2022/1/24 19:00,0.049690112
2022/1/24 20:00,0
2022/1/24 21:00,0
2022/1/24 22:00,0
2022/1/24 23:00,0
2022/1/25 0:00,0
2022/1/25 1:00,0
2022/1/25 2:00,0
2022/1/25 3:00,0
2022/1/25 4:00,0
2022/1/25 5:00,0
2022/1/25 6:00,0
2022/1/25 7:00,0
2022/1/25 8:00,41.7321167
2022/1/25 9:00,217.3980713
2022/1/25 10:00,425.7634888
2022/1/25 11:00,601.3798828
2022/1/25 12:00,716.6447144
2022/1/25 13:00,760.4416504
2022/1/25 14:00,731.4139404
2022/1/25 15:00,633.1047363
2022/1/25 16:00,474.9458313
2022/1/25 17:00,274.2906494
2022/1/25 18:00,74.2931366
2022/1/25 19:00,0.095038407
2022/1/25 20:00,0
2022/1/25 21:00,0
2022/1/25 22:00,0
2022/1/25 23:00,0
2022/1/26 0:00,0
2022/1/26 1:00,0
2022/1/26 2:00,0
2022/1/26 3:00,0
2022/1/26 4:00,0
2022/1/26 5:00,0
2022/1/26 6:00,0
2022/1/26 7:00,0
2022/1/26 8:00,48.06605148
2022/1/26 9:00,236.3375549
2022/1/26 10:00,439.9362488
2022/1/26 11:00,605.7408447
2022/1/26 12:00,714.7976074
2022/1/26 13:00,756.5785522
2022/1/26 14:00,725.7503662
2022/1/26 15:00,627.2943726
2022/1/26 16:00,470.3903809
2022/1/26 17:00,271.1588745
2022/1/26 18:00,74.34714508
2022/1/26 19:00,0.134694397
2022/1/26 20:00,0
2022/1/26 21:00,0
2022/1/26 22:00,0
2022/1/26 23:00,0
2022/1/27 0:00,0
2022/1/27 1:00,0
2022/1/27 2:00,0
2022/1/27 3:00,0
2022/1/27 4:00,0
2022/1/27 5:00,0
2022/1/27 6:00,0
2022/1/27 7:00,0
2022/1/27 8:00,48.99380493
2022/1/27 9:00,242.0028381
2022/1/27 10:00,453.4342346
2022/1/27 11:00,626.6948242
2022/1/27 12:00,740.5620728
2022/1/27 13:00,784.7606201
2022/1/27 14:00,755.8968506
2022/1/27 15:00,656.4456177
2022/1/27 16:00,495.196106
2022/1/27 17:00,289.5834351
2022/1/27 18:00,81.565979
2022/1/27 19:00,0.200520501
2022/1/27 20:00,0
2022/1/27 21:00,0
2022/1/27 22:00,0
2022/1/27 23:00,0
2022/1/28 0:00,0
2022/1/28 1:00,0
2022/1/28 2:00,0
2022/1/28 3:00,0
2022/1/28 4:00,0
2022/1/28 5:00,0
2022/1/28 6:00,0
2022/1/28 7:00,0
2022/1/28 8:00,46.72567368
2022/1/28 9:00,231.6266937
2022/1/28 10:00,438.9432983
2022/1/28 11:00,610.3664551
2022/1/28 12:00,722.7208252
2022/1/28 13:00,764.9083252
2022/1/28 14:00,733.4100952
2022/1/28 15:00,633.0339355
2022/1/28 16:00,473.6982727
2022/1/28 17:00,272.8519287
2022/1/28 18:00,76.22998047
2022/1/28 19:00,0.262884647
2022/1/28 20:00,0
2022/1/28 21:00,0
2022/1/28 22:00,0
2022/1/28 23:00,0
2022/1/29 0:00,0
2022/1/29 1:00,0
2022/1/29 2:00,0
2022/1/29 3:00,0
2022/1/29 4:00,0
2022/1/29 5:00,0
2022/1/29 6:00,0
2022/1/29 7:00,0
2022/1/29 8:00,49.95169067
2022/1/29 9:00,241.2023468
2022/1/29 10:00,447.4675293
2022/1/29 11:00,615.6022339
2022/1/29 12:00,724.451416
2022/1/29 13:00,763.2628174
2022/1/29 14:00,728.6812134
2022/1/29 15:00,622.6016235
2022/1/29 16:00,455.4196472
2022/1/29 17:00,252.4742737
2022/1/29 18:00,68.55302429
2022/1/29 19:00,0.3056086
2022/1/29 20:00,0
2022/1/29 21:00,0
2022/1/29 22:00,0
2022/1/29 23:00,0
2022/1/30 0:00,0
2022/1/30 1:00,0
2022/1/30 2:00,0
2022/1/30 3:00,0
2022/1/30 4:00,0
2022/1/30 5:00,0
2022/1/30 6:00,0
2022/1/30 7:00,0
2022/1/30 8:00,50.74176025
2022/1/30 9:00,247.8201447
2022/1/30 10:00,464.0714111
2022/1/30 11:00,642.3291626
2022/1/30 12:00,761.8394775
2022/1/30 13:00,811.3441162
2022/1/30 14:00,786.5045166
2022/1/30 15:00,687.6958008
2022/1/30 16:00,523.5021362
2022/1/30 17:00,312.4334106
2022/1/30 18:00,93.67042542
2022/1/30 19:00,0.454634219
2022/1/30 20:00,0
2022/1/30 21:00,0
2022/1/30 22:00,0
2022/1/30 23:00,0
2022/1/31 0:00,0
2022/1/31 1:00,0
2022/1/31 2:00,0
2022/1/31 3:00,0
2022/1/31 4:00,0
2022/1/31 5:00,0
2022/1/31 6:00,0
2022/1/31 7:00,0
2022/1/31 8:00,48.95970535
2022/1/31 9:00,236.7731628
2022/1/31 10:00,445.6448669
2022/1/31 11:00,617.4326782
2022/1/31 12:00,728.7103882
2022/1/31 13:00,768.7183838
2022/1/31 14:00,735.3574829
2022/1/31 15:00,631.6434326
2022/1/31 16:00,467.1980896
2022/1/31 17:00,263.4884033
2022/1/31 18:00,74.27675629
2022/1/31 19:00,0.492595941
2022/1/31 20:00,0
2022/1/31 21:00,0
2022/1/31 22:00,0
2022/1/31 23:00,0
2022/2/1 0:00,0
2022/2/1 1:00,0
2022/2/1 2:00,0
2022/2/1 3:00,0
2022/2/1 4:00,0
2022/2/1 5:00,0
2022/2/1 6:00,0
2022/2/1 7:00,0
2022/2/1 8:00,51.45743942
2022/2/1 9:00,245.3691864
2022/2/1 10:00,453.5586548
2022/2/1 11:00,623.5562744
2022/2/1 12:00,733.7404785
2022/2/1 13:00,773.736084
2022/2/1 14:00,740.624939
2022/2/1 15:00,638.8330078
2022/2/1 16:00,477.9641113
2022/2/1 17:00,275.8792725
2022/2/1 18:00,80.06018066
2022/2/1 19:00,0.597318649
2022/2/1 20:00,0
2022/2/1 21:00,0
2022/2/1 22:00,0
2022/2/1 23:00,0
2022/2/2 0:00,0
2022/2/2 1:00,0
2022/2/2 2:00,0
2022/2/2 3:00,0
2022/2/2 4:00,0
2022/2/2 5:00,0
2022/2/2 6:00,0
2022/2/2 7:00,0
2022/2/2 8:00,49.22602844
2022/2/2 9:00,237.524704
2022/2/2 10:00,452.9870605
2022/2/2 11:00,632.4193726
2022/2/2 12:00,748.6755981
2022/2/2 13:00,791.3908081
2022/2/2 14:00,760.8342896
2022/2/2 15:00,659.1901245
2022/2/2 16:00,495.5996094
2022/2/2 17:00,288.9728088
2022/2/2 18:00,85.58119202
2022/2/2 19:00,0.732069492
2022/2/2 20:00,0
2022/2/2 21:00,0
2022/2/2 22:00,0
2022/2/2 23:00,0
2022/2/3 0:00,0
2022/2/3 1:00,0
2022/2/3 2:00,0
2022/2/3 3:00,0
2022/2/3 4:00,0
2022/2/3 5:00,0
2022/2/3 6:00,0
2022/2/3 7:00,0
2022/2/3 8:00,51.35817337
2022/2/3 9:00,243.3902283
2022/2/3 10:00,457.4479675
2022/2/3 11:00,634.4961548
2022/2/3 12:00,751.0849609
2022/2/3 13:00,796.6763916
2022/2/3 14:00,768.8828735
2022/2/3 15:00,670.3757324
2022/2/3 16:00,510.0184326
2022/2/3 17:00,304.8075256
2022/2/3 18:00,94.68307495
2022/2/3 19:00,0.900010645
2022/2/3 20:00,0
2022/2/3 21:00,0
2022/2/3 22:00,0
2022/2/3 23:00,0
2022/2/4 0:00,0
2022/2/4 1:00,0
2022/2/4 2:00,0
2022/2/4 3:00,0
2022/2/4 4:00,0
2022/2/4 5:00,0
2022/2/4 6:00,0
2022/2/4 7:00,0
2022/2/4 8:00,61.29898453
2022/2/4 9:00,270.0288086
2022/2/4 10:00,486.38974
2022/2/4 11:00,662.1501465
2022/2/4 12:00,778.2503662
2022/2/4 13:00,824.2149048
2022/2/4 14:00,795.611084
2022/2/4 15:00,694.3914185
2022/2/4 16:00,529.2600708
2022/2/4 17:00,317.6652222
2022/2/4 18:00,99.63558197
2022/2/4 19:00,1.058499336
2022/2/4 20:00,0
2022/2/4 21:00,0
2022/2/4 22:00,0
2022/2/4 23:00,0
2022/2/5 0:00,0
2022/2/5 1:00,0
2022/2/5 2:00,0
2022/2/5 3:00,0
2022/2/5 4:00,0
2022/2/5 5:00,0
2022/2/5 6:00,0
2022/2/5 7:00,0
2022/2/5 8:00,53.64998245
2022/2/5 9:00,248.7414093
2022/2/5 10:00,469.0852966
2022/2/5 11:00,652.6776733
2022/2/5 12:00,772.1738281
2022/2/5 13:00,816.9406128
2022/2/5 14:00,786.7058716
2022/2/5 15:00,683.8766479
2022/2/5 16:00,517.430481
2022/2/5 17:00,306.0137634
2022/2/5 18:00,94.2689209
2022/2/5 19:00,1.16575098
2022/2/5 20:00,0
2022/2/5 21:00,0
2022/2/5 22:00,0
2022/2/5 23:00,0
2022/2/6 0:00,0
2022/2/6 1:00,0
2022/2/6 2:00,0
2022/2/6 3:00,0
2022/2/6 4:00,0
2022/2/6 5:00,0
2022/2/6 6:00,0
2022/2/6 7:00,0
2022/2/6 8:00,52.48623276
2022/2/6 9:00,241.0027313
2022/2/6 10:00,457.1841125
2022/2/6 11:00,637.6376343
2022/2/6 12:00,754.7243652
2022/2/6 13:00,797.7374268
2022/2/6 14:00,766.0881958
2022/2/6 15:00,661.6320801
2022/2/6 16:00,493.8155823
2022/2/6 17:00,284.9326172
2022/2/6 18:00,86.50404358
2022/2/6 19:00,1.238958359
2022/2/6 20:00,0
2022/2/6 21:00,0
2022/2/6 22:00,0
2022/2/6 23:00,0
2022/2/7 0:00,0
2022/2/7 1:00,0
2022/2/7 2:00,0
2022/2/7 3:00,0
2022/2/7 4:00,0
2022/2/7 5:00,0
2022/2/7 6:00,0
2022/2/7 7:00,0
2022/2/7 8:00,55.34225464
2022/2/7 9:00,249.9698029
2022/2/7 10:00,464.8551941
2022/2/7 11:00,642.5509644
2022/2/7 12:00,760.8239136
2022/2/7 13:00,809.2039185
2022/2/7 14:00,784.0167236
2022/2/7 15:00,683.0650024
2022/2/7 16:00,515.0819092
2022/2/7 17:00,303.4697266
2022/2/7 18:00,95.57393646
2022/2/7 19:00,1.457477093
2022/2/7 20:00,0
2022/2/7 21:00,0
2022/2/7 22:00,0
2022/2/7 23:00,0
2022/2/8 0:00,0
2022/2/8 1:00,0
2022/2/8 2:00,0
2022/2/8 3:00,0
2022/2/8 4:00,0
2022/2/8 5:00,0
2022/2/8 6:00,0
2022/2/8 7:00,0
2022/2/8 8:00,60.19223785
2022/2/8 9:00,259.4040222
2022/2/8 10:00,469.3745117
2022/2/8 11:00,641.2089844
2022/2/8 12:00,754.9378052
2022/2/8 13:00,799.156189
2022/2/8 14:00,768.9718628
2022/2/8 15:00,667.0419312
2022/2/8 16:00,502.7480164
2022/2/8 17:00,295.5732117
2022/2/8 18:00,91.98497009
2022/2/8 19:00,1.547008634
2022/2/8 20:00,0
2022/2/8 21:00,0
2022/2/8 22:00,0
2022/2/8 23:00,0
2022/2/9 0:00,0
2022/2/9 1:00,0
2022/2/9 2:00,0
2022/2/9 3:00,0
2022/2/9 4:00,0
2022/2/9 5:00,0
2022/2/9 6:00,0
2022/2/9 7:00,0
2022/2/9 8:00,58.29272079
2022/2/9 9:00,253.6796112
2022/2/9 10:00,466.5114746
2022/2/9 11:00,641.9067993
2022/2/9 12:00,758.9006958
2022/2/9 13:00,806.8016968
2022/2/9 14:00,780.2295532
2022/2/9 15:00,682.3505249
2022/2/9 16:00,522.1693726
2022/2/9 17:00,316.2937927
2022/2/9 18:00,104.0288239
2022/2/9 19:00,1.87304914
2022/2/9 20:00,0
2022/2/9 21:00,0
2022/2/9 22:00,0
2022/2/9 23:00,0
2022/2/10 0:00,0
2022/2/10 1:00,0
2022/2/10 2:00,0
2022/2/10 3:00,0
2022/2/10 4:00,0
2022/2/10 5:00,0
2022/2/10 6:00,0
2022/2/10 7:00,0
2022/2/10 8:00,63.28427887
2022/2/10 9:00,268.0435791
2022/2/10 10:00,485.8127136
2022/2/10 11:00,664.5186157
2022/2/10 12:00,780.2640991
2022/2/10 13:00,822.3648682
2022/2/10 14:00,789.6168823
2022/2/10 15:00,686.1850586
2022/2/10 16:00,520.9545288
2022/2/10 17:00,310.6360168
2022/2/10 18:00,100.4105682
2022/2/10 19:00,2.01125288
2022/2/10 20:00,0
2022/2/10 21:00,0
2022/2/10 22:00,0
2022/2/10 23:00,0
2022/2/11 0:00,0
2022/2/11 1:00,0
2022/2/11 2:00,0
2022/2/11 3:00,0
2022/2/11 4:00,0
2022/2/11 5:00,0
2022/2/11 6:00,0
2022/2/11 7:00,0
2022/2/11 8:00,66.77558136
2022/2/11 9:00,277.9747009
2022/2/11 10:00,503.5975342
2022/2/11 11:00,688.3231201
2022/2/11 12:00,808.4083862
2022/2/11 13:00,853.9951782
2022/2/11 14:00,824.5186157
2022/2/11 15:00,723.0135498
2022/2/11 16:00,558.1256714
2022/2/11 17:00,345.3989868
2022/2/11 18:00,119.616272
2022/2/11 19:00,2.498491526
2022/2/11 20:00,0
2022/2/11 21:00,0
2022/2/11 22:00,0
2022/2/11 23:00,0
2022/2/12 0:00,0
2022/2/12 1:00,0
2022/2/12 2:00,0
2022/2/12 3:00,0
2022/2/12 4:00,0
2022/2/12 5:00,0
2022/2/12 6:00,0
2022/2/12 7:00,0
2022/2/12 8:00,59.92805099
2022/2/12 9:00,254.2872772
2022/2/12 10:00,474.5152588
2022/2/12 11:00,658.7622681
2022/2/12 12:00,778.9605713
2022/2/12 13:00,824.046875
2022/2/12 14:00,793.9888306
2022/2/12 15:00,688.6525879
2022/2/12 16:00,517.7244263
2022/2/12 17:00,304.3596497
2022/2/12 18:00,96.62691498
2022/2/12 19:00,2.207183361
2022/2/12 20:00,0
2022/2/12 21:00,0
2022/2/12 22:00,0
2022/2/12 23:00,0
2022/2/13 0:00,0
2022/2/13 1:00,0
2022/2/13 2:00,0
2022/2/13 3:00,0
2022/2/13 4:00,0
2022/2/13 5:00,0
2022/2/13 6:00,0
2022/2/13 7:00,0
2022/2/13 8:00,54.85488129
2022/2/13 9:00,234.6586914
2022/2/13 10:00,448.5531921
2022/2/13 11:00,633.0361938
2022/2/13 12:00,754.7081909
2022/2/13 13:00,800.1525269
2022/2/13 14:00,770.7667847
2022/2/13 15:00,672.6884766
2022/2/13 16:00,515.7240601
2022/2/13 17:00,314.6016541
2022/2/13 18:00,106.0188217
2022/2/13 19:00,2.564018726
2022/2/13 20:00,0
2022/2/13 21:00,0
2022/2/13 22:00,0
2022/2/13 23:00,0
2022/2/14 0:00,0
2022/2/14 1:00,0
2022/2/14 2:00,0
2022/2/14 3:00,0
2022/2/14 4:00,0
2022/2/14 5:00,0
2022/2/14 6:00,0
2022/2/14 7:00,0
2022/2/14 8:00,69.2818985
2022/2/14 9:00,279.9083557
2022/2/14 10:00,498.5993958
2022/2/14 11:00,677.7312622
2022/2/14 12:00,797.7868652
2022/2/14 13:00,847.9613647
2022/2/14 14:00,822.9466553
2022/2/14 15:00,723.3192749
2022/2/14 16:00,557.742981
2022/2/14 17:00,343.8984375
2022/2/14 18:00,118.9048309
2022/2/14 19:00,3.005172968
2022/2/14 20:00,0
2022/2/14 21:00,0
2022/2/14 22:00,0
2022/2/14 23:00,0
2022/2/15 0:00,0
2022/2/15 1:00,0
2022/2/15 2:00,0
2022/2/15 3:00,0
2022/2/15 4:00,0
2022/2/15 5:00,0
2022/2/15 6:00,0
2022/2/15 7:00,0.01250153
2022/2/15 8:00,68.95844269
2022/2/15 9:00,277.1721802
2022/2/15 10:00,500.7051392
2022/2/15 11:00,684.6178589
2022/2/15 12:00,803.8051147
2022/2/15 13:00,847.6577759
2022/2/15 14:00,815.8250732
2022/2/15 15:00,710.8866577
2022/2/15 16:00,541.9837646
2022/2/15 17:00,327.6341553
2022/2/15 18:00,111.1074524
2022/2/15 19:00,3.060613155
2022/2/15 20:00,0
2022/2/15 21:00,0
2022/2/15 22:00,0
2022/2/15 23:00,0
2022/2/16 0:00,0
2022/2/16 1:00,0
2022/2/16 2:00,0
2022/2/16 3:00,0
2022/2/16 4:00,0
2022/2/16 5:00,0
2022/2/16 6:00,0
2022/2/16 7:00,0.024374112
2022/2/16 8:00,72.03179169
2022/2/16 9:00,279.550354
2022/2/16 10:00,494.7683716
2022/2/16 11:00,670.2721558
2022/2/16 12:00,785.7887573
2022/2/16 13:00,830.3946533
2022/2/16 14:00,799.1426392
2022/2/16 15:00,695.8010254
2022/2/16 16:00,530.105896
2022/2/16 17:00,319.9046021
2022/2/16 18:00,108.3519211
2022/2/16 19:00,3.187860727
2022/2/16 20:00,0
2022/2/16 21:00,0
2022/2/16 22:00,0
2022/2/16 23:00,0
2022/2/17 0:00,0
2022/2/17 1:00,0
2022/2/17 2:00,0
2022/2/17 3:00,0
2022/2/17 4:00,0
2022/2/17 5:00,0
2022/2/17 6:00,0
2022/2/17 7:00,0.05388679
2022/2/17 8:00,69.50479126
2022/2/17 9:00,273.29422
2022/2/17 10:00,494.0240173
2022/2/17 11:00,675.7128906
2022/2/17 12:00,794.0461426
2022/2/17 13:00,839.3688354
2022/2/17 14:00,810.883728
2022/2/17 15:00,711.3797607
2022/2/17 16:00,549.5509033
2022/2/17 17:00,341.5024414
2022/2/17 18:00,121.6786652
2022/2/17 19:00,3.670552254
2022/2/17 20:00,0
2022/2/17 21:00,0
2022/2/17 22:00,0
2022/2/17 23:00,0
2022/2/18 0:00,0
2022/2/18 1:00,0
2022/2/18 2:00,0
2022/2/18 3:00,0
2022/2/18 4:00,0
2022/2/18 5:00,0
2022/2/18 6:00,0
2022/2/18 7:00,0.09806484
2022/2/18 8:00,82.93553925
2022/2/18 9:00,300.7568359
2022/2/18 10:00,518.0258789
2022/2/18 11:00,693.3909302
2022/2/18 12:00,808.4935303
2022/2/18 13:00,853.196106
2022/2/18 14:00,823.6112061
2022/2/18 15:00,722.0645752
2022/2/18 16:00,557.3065796
2022/2/18 17:00,346.0467834
2022/2/18 18:00,123.3420486
2022/2/18 19:00,3.920724869
2022/2/18 20:00,0
2022/2/18 21:00,0
2022/2/18 22:00,0
2022/2/18 23:00,0
2022/2/19 0:00,0
2022/2/19 1:00,0
2022/2/19 2:00,0
2022/2/19 3:00,0
2022/2/19 4:00,0
2022/2/19 5:00,0
2022/2/19 6:00,0
2022/2/19 7:00,0.135230199
2022/2/19 8:00,79.37689209
2022/2/19 9:00,292.3361511
2022/2/19 10:00,508.9253235
2022/2/19 11:00,684.5844116
2022/2/19 12:00,800.3883057
2022/2/19 13:00,846.3445435
2022/2/19 14:00,818.8426514
2022/2/19 15:00,720.5923462
2022/2/19 16:00,560.0953369
2022/2/19 17:00,352.8569946
2022/2/19 18:00,130.7679291
2022/2/19 19:00,4.414977551
2022/2/19 20:00,0
2022/2/19 21:00,0
2022/2/19 22:00,0
2022/2/19 23:00,0
2022/2/20 0:00,0
2022/2/20 1:00,0
2022/2/20 2:00,0
2022/2/20 3:00,0
2022/2/20 4:00,0
2022/2/20 5:00,0
2022/2/20 6:00,0
2022/2/20 7:00,0.20749557
2022/2/20 8:00,90.44589233
2022/2/20 9:00,312.1718445
2022/2/20 10:00,530.1464233
2022/2/20 11:00,706.3295288
2022/2/20 12:00,821.9377441
2022/2/20 13:00,866.6955566
2022/2/20 14:00,837.6430054
2022/2/20 15:00,738.0239258
2022/2/20 16:00,576.2561035
2022/2/20 17:00,366.9248047
2022/2/20 18:00,139.0408936
2022/2/20 19:00,4.905560017
2022/2/20 20:00,0
2022/2/20 21:00,0
2022/2/20 22:00,0
2022/2/20 23:00,0
2022/2/21 0:00,0
2022/2/21 1:00,0
2022/2/21 2:00,0
2022/2/21 3:00,0
2022/2/21 4:00,0
2022/2/21 5:00,0
2022/2/21 6:00,0
2022/2/21 7:00,0.287762851
2022/2/21 8:00,91.87524414
2022/2/21 9:00,314.1002502
2022/2/21 10:00,532.3067627
2022/2/21 11:00,708.0349731
2022/2/21 12:00,822.9993896
2022/2/21 13:00,867.2443848
2022/2/21 14:00,837.6813354
2022/2/21 15:00,737.6137085
2022/2/21 16:00,575.7218018
2022/2/21 17:00,366.8041077
2022/2/21 18:00,140.181488
2022/2/21 19:00,5.229865074
2022/2/21 20:00,0
2022/2/21 21:00,0
2022/2/21 22:00,0
2022/2/21 23:00,0
2022/2/22 0:00,0
2022/2/22 1:00,0
2022/2/22 2:00,0
2022/2/22 3:00,0
2022/2/22 4:00,0
2022/2/22 5:00,0
2022/2/22 6:00,0
2022/2/22 7:00,0.381317794
2022/2/22 8:00,93.41377258
2022/2/22 9:00,314.8997192
2022/2/22 10:00,533.0490723
2022/2/22 11:00,708.5454712
2022/2/22 12:00,823.2874756
2022/2/22 13:00,867.4150391
2022/2/22 14:00,837.421814
2022/2/22 15:00,735.9932251
2022/2/22 16:00,571.6402588
2022/2/22 17:00,359.9377441
2022/2/22 18:00,134.1905518
2022/2/22 19:00,5.177714825
2022/2/22 20:00,0
2022/2/22 21:00,0
2022/2/22 22:00,0
2022/2/22 23:00,0
2022/2/23 0:00,0
2022/2/23 1:00,0
2022/2/23 2:00,0
2022/2/23 3:00,0
2022/2/23 4:00,0
2022/2/23 5:00,0
2022/2/23 6:00,0
2022/2/23 7:00,0.507683575
2022/2/23 8:00,102.4258194
2022/2/23 9:00,329.4398804
2022/2/23 10:00,547.4470215
2022/2/23 11:00,723.7855225
2022/2/23 12:00,839.2240601
2022/2/23 13:00,882.7510986
2022/2/23 14:00,850.4697266
2022/2/23 15:00,744.7824707
2022/2/23 16:00,574.5490723
2022/2/23 17:00,356.7650146
2022/2/23 18:00,130.9624176
2022/2/23 19:00,5.384721279
2022/2/23 20:00,0
2022/2/23 21:00,0
2022/2/23 22:00,0
2022/2/23 23:00,0
2022/2/24 0:00,0
2022/2/24 1:00,0
2022/2/24 2:00,0
2022/2/24 3:00,0
2022/2/24 4:00,0
2022/2/24 5:00,0
2022/2/24 6:00,0
2022/2/24 7:00,0.60743022
2022/2/24 8:00,94.87695313
2022/2/24 9:00,318.2167358
2022/2/24 10:00,540.4925537
2022/2/24 11:00,719.8170166
2022/2/24 12:00,838.7259521
2022/2/24 13:00,886.5786743
2022/2/24 14:00,857.736145
2022/2/24 15:00,753.7462158
2022/2/24 16:00,583.4885254
2022/2/24 17:00,365.2125244
2022/2/24 18:00,134.7275543
2022/2/24 19:00,5.636572838
2022/2/24 20:00,0
2022/2/24 21:00,0
2022/2/24 22:00,0
2022/2/24 23:00,0
2022/2/25 0:00,0
2022/2/25 1:00,0
2022/2/25 2:00,0
2022/2/25 3:00,0
2022/2/25 4:00,0
2022/2/25 5:00,0
2022/2/25 6:00,0
2022/2/25 7:00,0.742233157
2022/2/25 8:00,92.96617889
2022/2/25 9:00,313.3861694
2022/2/25 10:00,536.2732544
2022/2/25 11:00,716.7667847
2022/2/25 12:00,836.5183105
2022/2/25 13:00,884.6395874
2022/2/25 14:00,855.2156372
2022/2/25 15:00,751.0535889
2022/2/25 16:00,581.2776489
2022/2/25 17:00,363.3745728
2022/2/25 18:00,134.9364166
2022/2/25 19:00,5.98814106
2022/2/25 20:00,0
2022/2/25 21:00,0
2022/2/25 22:00,0
2022/2/25 23:00,0
2022/2/26 0:00,0
2022/2/26 1:00,0
2022/2/26 2:00,0
2022/2/26 3:00,0
2022/2/26 4:00,0
2022/2/26 5:00,0
2022/2/26 6:00,0
2022/2/26 7:00,0.921396375
2022/2/26 8:00,99.7364502
2022/2/26 9:00,326.138855
2022/2/26 10:00,552.703186
2022/2/26 11:00,735.899353
2022/2/26 12:00,854.2622681
2022/2/26 13:00,897.4416504
2022/2/26 14:00,863.7202759
2022/2/26 15:00,754.9586792
2022/2/26 16:00,580.4238892
2022/2/26 17:00,359.0178223
2022/2/26 18:00,131.6288452
2022/2/26 19:00,6.002818108
2022/2/26 20:00,0
2022/2/26 21:00,0
2022/2/26 22:00,0
2022/2/26 23:00,0
2022/2/27 0:00,0
2022/2/27 1:00,0
2022/2/27 2:00,0
2022/2/27 3:00,0
2022/2/27 4:00,0
2022/2/27 5:00,0
2022/2/27 6:00,0
2022/2/27 7:00,1.015732408
2022/2/27 8:00,91.68993378
2022/2/27 9:00,304.0231934
2022/2/27 10:00,522.4234619
2022/2/27 11:00,700.6712036
2022/2/27 12:00,821.2235107
2022/2/27 13:00,872.7129517
2022/2/27 14:00,847.2288208
2022/2/27 15:00,748.1317139
2022/2/27 16:00,584.5355225
2022/2/27 17:00,372.3285828
2022/2/27 18:00,143.3824005
2022/2/27 19:00,6.870759487
2022/2/27 20:00,0
2022/2/27 21:00,0
2022/2/27 22:00,0
2022/2/27 23:00,0
2022/2/28 0:00,0
2022/2/28 1:00,0
2022/2/28 2:00,0
2022/2/28 3:00,0
2022/2/28 4:00,0
2022/2/28 5:00,0
2022/2/28 6:00,0
2022/2/28 7:00,1.308760047
2022/2/28 8:00,102.5183411
2022/2/28 9:00,325.0706482
2022/2/28 10:00,545.4785156
2022/2/28 11:00,722.9811401
2022/2/28 12:00,841.0221558
2022/2/28 13:00,888.489563
2022/2/28 14:00,858.6575317
2022/2/28 15:00,755.1192017
2022/2/28 16:00,587.4151611
2022/2/28 17:00,372.2377014
2022/2/28 18:00,143.7787628
2022/2/28 19:00,7.208091259
2022/2/28 20:00,0
2022/2/28 21:00,0
2022/2/28 22:00,0
2022/2/28 23:00,0
2022/3/1 0:00,0
2022/3/1 1:00,0
2022/3/1 2:00,0
2022/3/1 3:00,0
2022/3/1 4:00,0
2022/3/1 5:00,0
2022/3/1 6:00,0
2022/3/1 7:00,1.506448865
2022/3/1 8:00,103.0739365
2022/3/1 9:00,326.7079163
2022/3/1 10:00,551.1980591
2022/3/1 11:00,731.9860229
2022/3/1 12:00,849.2758179
2022/3/1 13:00,893.553894
2022/3/1 14:00,862.272644
2022/3/1 15:00,757.9705811
2022/3/1 16:00,589.3995361
2022/3/1 17:00,373.0597839
2022/3/1 18:00,143.3026581
2022/3/1 19:00,7.288681984
2022/3/1 20:00,0
2022/3/1 21:00,0
2022/3/1 22:00,0
2022/3/1 23:00,0
2022/3/2 0:00,0
2022/3/2 1:00,0
2022/3/2 2:00,0
2022/3/2 3:00,0
2022/3/2 4:00,0
2022/3/2 5:00,0
2022/3/2 6:00,0
2022/3/2 7:00,1.642688036
2022/3/2 8:00,99.16590118
2022/3/2 9:00,312.2084656
2022/3/2 10:00,522.7070313
2022/3/2 11:00,692.2242432
2022/3/2 12:00,804.0847168
2022/3/2 13:00,846.7396851
2022/3/2 14:00,813.24823
2022/3/2 15:00,702.0130615
2022/3/2 16:00,523.2648926
2022/3/2 17:00,306.45224
2022/3/2 18:00,109.5079041
2022/3/2 19:00,6.143972874
2022/3/2 20:00,0
2022/3/2 21:00,0
2022/3/2 22:00,0
2022/3/2 23:00,0
2022/3/3 0:00,0
2022/3/3 1:00,0
2022/3/3 2:00,0
2022/3/3 3:00,0
2022/3/3 4:00,0
2022/3/3 5:00,0
2022/3/3 6:00,0
2022/3/3 7:00,1.887102127
2022/3/3 8:00,99.66643524
2022/3/3 9:00,314.2578735
2022/3/3 10:00,533.4846191
2022/3/3 11:00,711.3009033
2022/3/3 12:00,827.340332
2022/3/3 13:00,871.2553711
2022/3/3 14:00,839.1791992
2022/3/3 15:00,735.2214966
2022/3/3 16:00,568.7770386
2022/3/3 17:00,356.3858643
2022/3/3 18:00,135.7741394
2022/3/3 19:00,7.38863945
2022/3/3 20:00,0
2022/3/3 21:00,0
2022/3/3 22:00,0
2022/3/3 23:00,0
2022/3/4 0:00,0
2022/3/4 1:00,0
2022/3/4 2:00,0
2022/3/4 3:00,0
2022/3/4 4:00,0
2022/3/4 5:00,0
2022/3/4 6:00,0
2022/3/4 7:00,2.128896475
2022/3/4 8:00,100.453598
2022/3/4 9:00,315.4286194
2022/3/4 10:00,538.8224487
2022/3/4 11:00,721.4497681
2022/3/4 12:00,840.1416626
2022/3/4 13:00,884.4403687
2022/3/4 14:00,852.5864868
2022/3/4 15:00,747.8219604
2022/3/4 16:00,579.1089478
2022/3/4 17:00,363.686676
2022/3/4 18:00,138.6983948
2022/3/4 19:00,7.701869011
2022/3/4 20:00,0
2022/3/4 21:00,0
2022/3/4 22:00,0
2022/3/4 23:00,0
2022/3/5 0:00,0
2022/3/5 1:00,0
2022/3/5 2:00,0
2022/3/5 3:00,0
2022/3/5 4:00,0
2022/3/5 5:00,0
2022/3/5 6:00,0
2022/3/5 7:00,2.166559219
2022/3/5 8:00,87.91828918
2022/3/5 9:00,274.3367615
2022/3/5 10:00,474.9095459
2022/3/5 11:00,642.2889404
2022/3/5 12:00,754.9407959
2022/3/5 13:00,799.126709
2022/3/5 14:00,767.0710449
2022/3/5 15:00,663.883606
2022/3/5 16:00,501.0534973
2022/3/5 17:00,300.8058777
2022/3/5 18:00,109.6418381
2022/3/5 19:00,6.529830933
2022/3/5 20:00,0
2022/3/5 21:00,0
2022/3/5 22:00,0
2022/3/5 23:00,0
2022/3/6 0:00,0
2022/3/6 1:00,0
2022/3/6 2:00,0
2022/3/6 3:00,0
2022/3/6 4:00,0
2022/3/6 5:00,0
2022/3/6 6:00,0
2022/3/6 7:00,2.569371462
2022/3/6 8:00,97.03444672
2022/3/6 9:00,304.8418579
2022/3/6 10:00,529.6271362
2022/3/6 11:00,717.6572876
2022/3/6 12:00,838.5743408
2022/3/6 13:00,881.729248
2022/3/6 14:00,849.071228
2022/3/6 15:00,741.6695557
2022/3/6 16:00,568.7619629
2022/3/6 17:00,350.8533936
2022/3/6 18:00,130.8221741
2022/3/6 19:00,7.6829772
2022/3/6 20:00,0
2022/3/6 21:00,0
2022/3/6 22:00,0
2022/3/6 23:00,0
2022/3/7 0:00,0
2022/3/7 1:00,0
2022/3/7 2:00,0
2022/3/7 3:00,0
2022/3/7 4:00,0
2022/3/7 5:00,0
2022/3/7 6:00,0
2022/3/7 7:00,3.187641621
2022/3/7 8:00,115.1759872
2022/3/7 9:00,340.215332
2022/3/7 10:00,561.1819458
2022/3/7 11:00,740.5328979
2022/3/7 12:00,862.4365845
2022/3/7 13:00,915.8132935
2022/3/7 14:00,892.6876221
2022/3/7 15:00,793.2891846
2022/3/7 16:00,625.0778198
2022/3/7 17:00,406.1149902
2022/3/7 18:00,166.7071533
2022/3/7 19:00,10.35556412
2022/3/7 20:00,0
2022/3/7 21:00,0
2022/3/7 22:00,0
2022/3/7 23:00,0
2022/3/8 0:00,0
2022/3/8 1:00,0
2022/3/8 2:00,0
2022/3/8 3:00,0
2022/3/8 4:00,0
2022/3/8 5:00,0
2022/3/8 6:00,0
2022/3/8 7:00,4.648403645
2022/3/8 8:00,147.537384
2022/3/8 9:00,397.5413208
2022/3/8 10:00,633.4221191
2022/3/8 11:00,821.0443115
2022/3/8 12:00,941.9137573
2022/3/8 13:00,986.1060181
2022/3/8 14:00,951.1681519
2022/3/8 15:00,839.9858398
2022/3/8 16:00,661.5918579
2022/3/8 17:00,431.7527466
2022/3/8 18:00,180.0749969
2022/3/8 19:00,11.63114452
2022/3/8 20:00,0
2022/3/8 21:00,0
2022/3/8 22:00,0
2022/3/8 23:00,0
2022/3/9 0:00,0
2022/3/9 1:00,0
2022/3/9 2:00,0
2022/3/9 3:00,0
2022/3/9 4:00,0
2022/3/9 5:00,0
2022/3/9 6:00,0
2022/3/9 7:00,4.929125786
2022/3/9 8:00,143.8218842
2022/3/9 9:00,388.7411499
2022/3/9 10:00,620.9573975
2022/3/9 11:00,804.8154297
2022/3/9 12:00,922.8701172
2022/3/9 13:00,965.8034058
2022/3/9 14:00,930.9487915
2022/3/9 15:00,822.2123413
2022/3/9 16:00,648.4944458
2022/3/9 17:00,424.4706726
2022/3/9 18:00,178.1378479
2022/3/9 19:00,11.7808342
2022/3/9 20:00,0
2022/3/9 21:00,0
2022/3/9 22:00,0
2022/3/9 23:00,0
2022/3/10 0:00,0
2022/3/10 1:00,0
2022/3/10 2:00,0
2022/3/10 3:00,0
2022/3/10 4:00,0
2022/3/10 5:00,0
2022/3/10 6:00,0
2022/3/10 7:00,5.148344517
2022/3/10 8:00,140.1717834
2022/3/10 9:00,380.6234436
2022/3/10 10:00,610.5651245
2022/3/10 11:00,793.6542969
2022/3/10 12:00,911.7939453
2022/3/10 13:00,955.5210571
2022/3/10 14:00,922.3416138
2022/3/10 15:00,814.9883423
2022/3/10 16:00,642.3620605
2022/3/10 17:00,420.1791382
2022/3/10 18:00,176.1026917
2022/3/10 19:00,11.79641438
2022/3/10 20:00,0
2022/3/10 21:00,0
2022/3/10 22:00,0
2022/3/10 23:00,0
2022/3/11 0:00,0
2022/3/11 1:00,0
2022/3/11 2:00,0
2022/3/11 3:00,0
2022/3/11 4:00,0
2022/3/11 5:00,0
2022/3/11 6:00,0
2022/3/11 7:00,5.368936062
2022/3/11 8:00,133.5984039
2022/3/11 9:00,364.6828003
2022/3/11 10:00,588.362793
2022/3/11 11:00,766.5059814
2022/3/11 12:00,880.8487549
2022/3/11 13:00,921.7270508
2022/3/11 14:00,885.8829956
2022/3/11 15:00,777.367981
2022/3/11 16:00,605.3140259
2022/3/11 17:00,385.6887817
2022/3/11 18:00,154.1260529
2022/3/11 19:00,10.39739227
2022/3/11 20:00,0
2022/3/11 21:00,0
2022/3/11 22:00,0
2022/3/11 23:00,0
2022/3/12 0:00,0
2022/3/12 1:00,0
2022/3/12 2:00,0
2022/3/12 3:00,0
2022/3/12 4:00,0
2022/3/12 5:00,0
2022/3/12 6:00,0
2022/3/12 7:00,6.289853573
2022/3/12 8:00,146.2513428
2022/3/12 9:00,385.1337891
2022/3/12 10:00,609.8343506
2022/3/12 11:00,788.0880127
2022/3/12 12:00,903.3931274
2022/3/12 13:00,945.9349976
2022/3/12 14:00,911.4868774
2022/3/12 15:00,801.8213501
2022/3/12 16:00,626.1956177
2022/3/12 17:00,402.430542
2022/3/12 18:00,163.0094757
2022/3/12 19:00,11.13943863
2022/3/12 20:00,0
2022/3/12 21:00,0
2022/3/12 22:00,0
2022/3/12 23:00,0
2022/3/13 0:00,0
2022/3/13 1:00,0
2022/3/13 2:00,0
2022/3/13 3:00,0
2022/3/13 4:00,0
2022/3/13 5:00,0
2022/3/13 6:00,0
2022/3/13 7:00,6.502662182
2022/3/13 8:00,140.3526001
2022/3/13 9:00,372.472168
2022/3/13 10:00,594.8853149
2022/3/13 11:00,772.3538208
2022/3/13 12:00,887.0773315
2022/3/13 13:00,929.1048584
2022/3/13 14:00,895.1586304
2022/3/13 15:00,788.3144531
2022/3/13 16:00,617.6453857
2022/3/13 17:00,399.288269
2022/3/13 18:00,164.5730896
2022/3/13 19:00,11.64575672
2022/3/13 20:00,0
2022/3/13 21:00,0
2022/3/13 22:00,0
2022/3/13 23:00,0
2022/3/14 0:00,0
2022/3/14 1:00,0
2022/3/14 2:00,0
2022/3/14 3:00,0
2022/3/14 4:00,0
2022/3/14 5:00,0
2022/3/14 6:00,0
2022/3/14 7:00,6.890428543
2022/3/14 8:00,138.1959381
2022/3/14 9:00,364.2276917
2022/3/14 10:00,580.387207
2022/3/14 11:00,752.1742554
2022/3/14 12:00,863.7606201
2022/3/14 13:00,904.8857422
2022/3/14 14:00,869.6431274
2022/3/14 15:00,761.7004395
2022/3/14 16:00,590.7794189
2022/3/14 17:00,374.4542542
2022/3/14 18:00,149.3639984
2022/3/14 19:00,10.73736858
2022/3/14 20:00,0
2022/3/14 21:00,0
2022/3/14 22:00,0
2022/3/14 23:00,0
2022/3/15 0:00,0
2022/3/15 1:00,0
2022/3/15 2:00,0
2022/3/15 3:00,0
2022/3/15 4:00,0
2022/3/15 5:00,0
2022/3/15 6:00,0
2022/3/15 7:00,6.679084778
2022/3/15 8:00,123.1964188
2022/3/15 9:00,333.8739929
2022/3/15 10:00,544.9315186
2022/3/15 11:00,715.5339355
2022/3/15 12:00,821.0737305
2022/3/15 13:00,850.6146851
2022/3/15 14:00,803.9173584
2022/3/15 15:00,692.3977661
2022/3/15 16:00,527.637085
2022/3/15 17:00,323.9902344
2022/3/15 18:00,126.1567688
2022/3/15 19:00,9.755011559
2022/3/15 20:00,0
2022/3/15 21:00,0
2022/3/15 22:00,0
2022/3/15 23:00,0
2022/3/16 0:00,0
2022/3/16 1:00,0
2022/3/16 2:00,0
2022/3/16 3:00,0
2022/3/16 4:00,0
2022/3/16 5:00,0
2022/3/16 6:00,0
2022/3/16 7:00,7.469832897
2022/3/16 8:00,129.2235565
2022/3/16 9:00,343.2351685
2022/3/16 10:00,554.6793213
2022/3/16 11:00,724.0652466
2022/3/16 12:00,836.6992188
2022/3/16 13:00,881.8959351
2022/3/16 14:00,850.8961182
2022/3/16 15:00,747.9553223
2022/3/16 16:00,582.9406738
2022/3/16 17:00,372.9006348
2022/3/16 18:00,150.6372833
2022/3/16 19:00,11.22007942
2022/3/16 20:00,0
2022/3/16 21:00,0
2022/3/16 22:00,0
2022/3/16 23:00,0
2022/3/17 0:00,0
2022/3/17 1:00,0
2022/3/17 2:00,0
2022/3/17 3:00,0
2022/3/17 4:00,0
2022/3/17 5:00,0
2022/3/17 6:00,0
2022/3/17 7:00,7.871826649
2022/3/17 8:00,131.0596313
2022/3/17 9:00,347.3934937
2022/3/17 10:00,559.0321045
2022/3/17 11:00,727.7253418
2022/3/17 12:00,834.7588501
2022/3/17 13:00,870.0961914
2022/3/17 14:00,830.34552
2022/3/17 15:00,722.1422119
2022/3/17 16:00,555.5805664
2022/3/17 17:00,346.7755432
2022/3/17 18:00,134.6970673
2022/3/17 19:00,10.10145569
2022/3/17 20:00,0
2022/3/17 21:00,0
2022/3/17 22:00,0
2022/3/17 23:00,0
2022/3/18 0:00,0
2022/3/18 1:00,0
2022/3/18 2:00,0
2022/3/18 3:00,0
2022/3/18 4:00,0
2022/3/18 5:00,0
2022/3/18 6:00,0
2022/3/18 7:00,7.490309238
2022/3/18 8:00,117.5491409
2022/3/18 9:00,317.008667
2022/3/18 10:00,516.7531128
2022/3/18 11:00,678.2998657
2022/3/18 12:00,786.1722412
2022/3/18 13:00,828.8959351
2022/3/18 14:00,796.37854
2022/3/18 15:00,692.1203003
2022/3/18 16:00,527.4422607
2022/3/18 17:00,324.3818359
2022/3/18 18:00,124.995636
2022/3/18 19:00,9.73233223
2022/3/18 20:00,0
2022/3/18 21:00,0
2022/3/18 22:00,0
2022/3/18 23:00,0
2022/3/19 0:00,0
2022/3/19 1:00,0
2022/3/19 2:00,0
2022/3/19 3:00,0
2022/3/19 4:00,0
2022/3/19 5:00,0
2022/3/19 6:00,0
2022/3/19 7:00,7.622074604
2022/3/19 8:00,109.4043732
2022/3/19 9:00,302.8355103
2022/3/19 10:00,520.2059326
2022/3/19 11:00,708.5968018
2022/3/19 12:00,832.0543823
2022/3/19 13:00,877.3455811
2022/3/19 14:00,846.5457153
2022/3/19 15:00,740.3572998
2022/3/19 16:00,568.9523315
2022/3/19 17:00,355.1693726
2022/3/19 18:00,140.3161621
2022/3/19 19:00,11.16409397
2022/3/19 20:00,0
2022/3/19 21:00,0
2022/3/19 22:00,0
2022/3/19 23:00,0
2022/3/20 0:00,0
2022/3/20 1:00,0
2022/3/20 2:00,0
2022/3/20 3:00,0
2022/3/20 4:00,0
2022/3/20 5:00,0
2022/3/20 6:00,0
2022/3/20 7:00,8.840436935
2022/3/20 8:00,122.1607208
2022/3/20 9:00,330.2073975
2022/3/20 10:00,552.7914429
2022/3/20 11:00,737.2232056
2022/3/20 12:00,854.0778809
2022/3/20 13:00,893.1471558
2022/3/20 14:00,857.2594604
2022/3/20 15:00,749.6137085
2022/3/20 16:00,579.7098389
2022/3/20 17:00,365.7359314
2022/3/20 18:00,146.4177551
2022/3/20 19:00,11.82965088
2022/3/20 20:00,0
2022/3/20 21:00,0
2022/3/20 22:00,0
2022/3/20 23:00,0
2022/3/21 0:00,0
2022/3/21 1:00,0
2022/3/21 2:00,0
2022/3/21 3:00,0
2022/3/21 4:00,0
2022/3/21 5:00,0
2022/3/21 6:00,0
2022/3/21 7:00,10.58806133
2022/3/21 8:00,140.2735443
2022/3/21 9:00,357.5079956
2022/3/21 10:00,570.1456909
2022/3/21 11:00,740.1220093
2022/3/21 12:00,850.6259155
2022/3/21 13:00,891.4282837
2022/3/21 14:00,856.6470947
2022/3/21 15:00,749.4615479
2022/3/21 16:00,579.9507446
2022/3/21 17:00,366.8262024
2022/3/21 18:00,148.2530212
2022/3/21 19:00,12.21787071
2022/3/21 20:00,0
2022/3/21 21:00,0
2022/3/21 22:00,0
2022/3/21 23:00,0
2022/3/22 0:00,0
2022/3/22 1:00,0
2022/3/22 2:00,0
2022/3/22 3:00,0
2022/3/22 4:00,0
2022/3/22 5:00,0
2022/3/22 6:00,0
2022/3/22 7:00,12.74120045
2022/3/22 8:00,158.2264862
2022/3/22 9:00,383.5878296
2022/3/22 10:00,596.8971558
2022/3/22 11:00,765.1185913
2022/3/22 12:00,872.418457
2022/3/22 13:00,909.3139648
2022/3/22 14:00,871.3015747
2022/3/22 15:00,763.9243164
2022/3/22 16:00,596.869873
2022/3/22 17:00,384.809967
2022/3/22 18:00,157.9566345
2022/3/22 19:00,13.0125618
2022/3/22 20:00,0
2022/3/22 21:00,0
2022/3/22 22:00,0
2022/3/22 23:00,0
2022/3/23 0:00,0
2022/3/23 1:00,0
2022/3/23 2:00,0
2022/3/23 3:00,0
2022/3/23 4:00,0
2022/3/23 5:00,0
2022/3/23 6:00,0
2022/3/23 7:00,15.32607937
2022/3/23 8:00,178.5349731
2022/3/23 9:00,411.1830139
2022/3/23 10:00,625.3887939
2022/3/23 11:00,793.7221069
2022/3/23 12:00,899.2432861
2022/3/23 13:00,932.9025269
2022/3/23 14:00,892.3600464
2022/3/23 15:00,782.7587891
2022/3/23 16:00,613.5852661
2022/3/23 17:00,398.7042542
2022/3/23 18:00,169.2868805
2022/3/23 19:00,14.52457047
2022/3/23 20:00,0
2022/3/23 21:00,0
2022/3/23 22:00,0
2022/3/23 23:00,0
2022/3/24 0:00,0
2022/3/24 1:00,0
2022/3/24 2:00,0
2022/3/24 3:00,0
2022/3/24 4:00,0
2022/3/24 5:00,0
2022/3/24 6:00,0
2022/3/24 7:00,15.98613358
2022/3/24 8:00,180.5132446
2022/3/24 9:00,415.0916748
2022/3/24 10:00,629.6503296
2022/3/24 11:00,797.840332
2022/3/24 12:00,905.0458374
2022/3/24 13:00,942.2146606
2022/3/24 14:00,905.5662842
2022/3/24 15:00,798.953125
2022/3/24 16:00,631.6660767
2022/3/24 17:00,418.5847778
2022/3/24 18:00,185.5042114
2022/3/24 19:00,16.74202919
2022/3/24 20:00,0
2022/3/24 21:00,0
2022/3/24 22:00,0
2022/3/24 23:00,0
2022/3/25 0:00,0
2022/3/25 1:00,0
2022/3/25 2:00,0
2022/3/25 3:00,0
2022/3/25 4:00,0
2022/3/25 5:00,0
2022/3/25 6:00,0
2022/3/25 7:00,16.68095779
2022/3/25 8:00,179.3738556
2022/3/25 9:00,413.7894592
2022/3/25 10:00,629.9292603
2022/3/25 11:00,798.9234009
2022/3/25 12:00,904.2739258
2022/3/25 13:00,937.454834
2022/3/25 14:00,896.8049927
2022/3/25 15:00,787.0569458
2022/3/25 16:00,617.0637207
2022/3/25 17:00,400.8659363
2022/3/25 18:00,169.3574829
2022/3/25 19:00,14.87861443
2022/3/25 20:00,0
2022/3/25 21:00,0
2022/3/25 22:00,0
2022/3/25 23:00,0
2022/3/26 0:00,0
2022/3/26 1:00,0
2022/3/26 2:00,0
2022/3/26 3:00,0
2022/3/26 4:00,0
2022/3/26 5:00,0
2022/3/26 6:00,0
2022/3/26 7:00,16.47043419
2022/3/26 8:00,170.1290588
2022/3/26 9:00,400.7058716
2022/3/26 10:00,618.8635864
2022/3/26 11:00,790.416748
2022/3/26 12:00,898.7719727
2022/3/26 13:00,935.3640747
2022/3/26 14:00,897.8555908
2022/3/26 15:00,789.1533203
2022/3/26 16:00,618.112793
2022/3/26 17:00,400.9782104
2022/3/26 18:00,168.8920746
2022/3/26 19:00,15.06707001
2022/3/26 20:00,0
2022/3/26 21:00,0
2022/3/26 22:00,0
2022/3/26 23:00,0
2022/3/27 0:00,0
2022/3/27 1:00,0
2022/3/27 2:00,0
2022/3/27 3:00,0
2022/3/27 4:00,0
2022/3/27 5:00,0
2022/3/27 6:00,0
2022/3/27 7:00,17.42515373
2022/3/27 8:00,172.5351868
2022/3/27 9:00,394.6880188
2022/3/27 10:00,598.2981567
2022/3/27 11:00,757.4918823
2022/3/27 12:00,858.6115112
2022/3/27 13:00,892.1807861
2022/3/27 14:00,850.2943115
2022/3/27 15:00,735.4199829
2022/3/27 16:00,558.6119385
2022/3/27 17:00,343.3689575
2022/3/27 18:00,135.7465057
2022/3/27 19:00,12.50933743
2022/3/27 20:00,0
2022/3/27 21:00,0
2022/3/27 22:00,0
2022/3/27 23:00,0
2022/3/28 0:00,0
2022/3/28 1:00,0
2022/3/28 2:00,0
2022/3/28 3:00,0
2022/3/28 4:00,0
2022/3/28 5:00,0
2022/3/28 6:00,0
2022/3/28 7:00,15.02110004
2022/3/28 8:00,138.9701538
2022/3/28 9:00,347.7030334
2022/3/28 10:00,575.0203857
2022/3/28 11:00,763.7747803
2022/3/28 12:00,883.4845581
2022/3/28 13:00,924.5812378
2022/3/28 14:00,890.8325806
2022/3/28 15:00,781.9353638
2022/3/28 16:00,607.2382202
2022/3/28 17:00,388.0403137
2022/3/28 18:00,160.0086975
2022/3/28 19:00,14.59137058
2022/3/28 20:00,0
2022/3/28 21:00,0
2022/3/28 22:00,0
2022/3/28 23:00,0
2022/3/29 0:00,0
2022/3/29 1:00,0
2022/3/29 2:00,0
2022/3/29 3:00,0
2022/3/29 4:00,0
2022/3/29 5:00,0
2022/3/29 6:00,0
2022/3/29 7:00,18.50023842
2022/3/29 8:00,167.8089142
2022/3/29 9:00,392.1855469
2022/3/29 10:00,610.7265015
2022/3/29 11:00,784.8746338
2022/3/29 12:00,895.043457
2022/3/29 13:00,931.7459106
2022/3/29 14:00,893.2666016
2022/3/29 15:00,782.3237915
2022/3/29 16:00,608.3653564
2022/3/29 17:00,389.75177
2022/3/29 18:00,162.54422
2022/3/29 19:00,15.33050537
2022/3/29 20:00,0
2022/3/29 21:00,0
2022/3/29 22:00,0
2022/3/29 23:00,0
2022/3/30 0:00,0
2022/3/30 1:00,0
2022/3/30 2:00,0
2022/3/30 3:00,0
2022/3/30 4:00,0
2022/3/30 5:00,0
2022/3/30 6:00,0
2022/3/30 7:00,22.43550682
2022/3/30 8:00,193.1905518
2022/3/30 9:00,424.4920044
2022/3/30 10:00,635.2955933
2022/3/30 11:00,799.2723999
2022/3/30 12:00,903.9811401
2022/3/30 13:00,940.1661377
2022/3/30 14:00,901.4769287
2022/3/30 15:00,790.71698
2022/3/30 16:00,617.3225098
2022/3/30 17:00,398.9443054
2022/3/30 18:00,169.2982788
2022/3/30 19:00,16.29363632
2022/3/30 20:00,0
2022/3/30 21:00,0
2022/3/30 22:00,0
2022/3/30 23:00,0
2022/3/31 0:00,0
2022/3/31 1:00,0
2022/3/31 2:00,0
2022/3/31 3:00,0
2022/3/31 4:00,0
2022/3/31 5:00,0
2022/3/31 6:00,0
2022/3/31 7:00,24.19488716
2022/3/31 8:00,200.1231232
2022/3/31 9:00,434.7225647
2022/3/31 10:00,648.2999268
2022/3/31 11:00,814.4172363
2022/3/31 12:00,919.8812866
2022/3/31 13:00,955.9338989
2022/3/31 14:00,917.6546021
2022/3/31 15:00,809.2734985
2022/3/31 16:00,639.9759521
2022/3/31 17:00,424.3927612
2022/3/31 18:00,188.6631317
2022/3/31 19:00,18.74917984
2022/3/31 20:00,0
2022/3/31 21:00,0
2022/3/31 22:00,0
2022/3/31 23:00,0
2022/4/1 0:00,0
2022/4/1 1:00,0
2022/4/1 2:00,0
2022/4/1 3:00,0
2022/4/1 4:00,0
2022/4/1 5:00,0
2022/4/1 6:00,0
2022/4/1 7:00,23.19287109
2022/4/1 8:00,187.6549683
2022/4/1 9:00,417.9931335
2022/4/1 10:00,633.515564
2022/4/1 11:00,802.9212036
2022/4/1 12:00,907.6513672
2022/4/1 13:00,938.5675049
2022/4/1 14:00,894.5135498
2022/4/1 15:00,779.5708618
2022/4/1 16:00,603.6764526
2022/4/1 17:00,384.6280518
2022/4/1 18:00,161.2815704
2022/4/1 19:00,16.15561104
2022/4/1 20:00,0
2022/4/1 21:00,0
2022/4/1 22:00,0
2022/4/1 23:00,0
2022/4/2 0:00,0
2022/4/2 1:00,0
2022/4/2 2:00,0
2022/4/2 3:00,0
2022/4/2 4:00,0
2022/4/2 5:00,0
2022/4/2 6:00,0
2022/4/2 7:00,29.04248238
2022/4/2 8:00,218.65065
2022/4/2 9:00,457.8314514
2022/4/2 10:00,673.3445435
2022/4/2 11:00,841.2362061
2022/4/2 12:00,946.6486206
2022/4/2 13:00,980.7648315
2022/4/2 14:00,940.6235962
2022/4/2 15:00,828.8425293
2022/4/2 16:00,654.8236084
2022/4/2 17:00,434.9438171
2022/4/2 18:00,196.1032867
2022/4/2 19:00,20.34156227
2022/4/2 20:00,0
2022/4/2 21:00,0
2022/4/2 22:00,0
2022/4/2 23:00,0
2022/4/3 0:00,0
2022/4/3 1:00,0
2022/4/3 2:00,0
2022/4/3 3:00,0
2022/4/3 4:00,0
2022/4/3 5:00,0
2022/4/3 6:00,0
2022/4/3 7:00,28.9471302
2022/4/3 8:00,213.009903
2022/4/3 9:00,453.9333191
2022/4/3 10:00,678.852417
2022/4/3 11:00,857.0197754
2022/4/3 12:00,969.7231445
2022/4/3 13:00,1007.464172
2022/4/3 14:00,968.5905151
2022/4/3 15:00,853.6499634
2022/4/3 16:00,672.0093384
2022/4/3 17:00,442.2973022
2022/4/3 18:00,195.5337067
2022/4/3 19:00,20.25381851
2022/4/3 20:00,0
2022/4/3 21:00,0
2022/4/3 22:00,0
2022/4/3 23:00,0
2022/4/4 0:00,0
2022/4/4 1:00,0
2022/4/4 2:00,0
2022/4/4 3:00,0
2022/4/4 4:00,0
2022/4/4 5:00,0
2022/4/4 6:00,0
2022/4/4 7:00,32.92535782
2022/4/4 8:00,231.2671661
2022/4/4 9:00,481.9026184
2022/4/4 10:00,709.2498779
2022/4/4 11:00,886.0635986
2022/4/4 12:00,996.4486084
2022/4/4 13:00,1031.5271
2022/4/4 14:00,989.0424805
2022/4/4 15:00,872.4153442
2022/4/4 16:00,691.1984863
2022/4/4 17:00,461.5068665
2022/4/4 18:00,210.5576019
2022/4/4 19:00,22.84634209
2022/4/4 20:00,0
2022/4/4 21:00,0
2022/4/4 22:00,0
2022/4/4 23:00,0
2022/4/5 0:00,0
2022/4/5 1:00,0
2022/4/5 2:00,0
2022/4/5 3:00,0
2022/4/5 4:00,0
2022/4/5 5:00,0
2022/4/5 6:00,0
2022/4/5 7:00,36.92862701
2022/4/5 8:00,240.379715
2022/4/5 9:00,482.7073975
2022/4/5 10:00,698.3039551
2022/4/5 11:00,864.4125977
2022/4/5 12:00,965.7076416
2022/4/5 13:00,993.4464111
2022/4/5 14:00,945.4567261
2022/4/5 15:00,825.7113037
2022/4/5 16:00,643.9422607
2022/4/5 17:00,417.1452942
2022/4/5 18:00,179.6981659
2022/4/5 19:00,18.75531387
2022/4/5 20:00,0
2022/4/5 21:00,0
2022/4/5 22:00,0
2022/4/5 23:00,0
2022/4/6 0:00,0
2022/4/6 1:00,0
2022/4/6 2:00,0
2022/4/6 3:00,0
2022/4/6 4:00,0
2022/4/6 5:00,0
2022/4/6 6:00,0
2022/4/6 7:00,28.56510353
2022/4/6 8:00,194.5140839
2022/4/6 9:00,422.7273865
2022/4/6 10:00,640.1755981
2022/4/6 11:00,811.7662354
2022/4/6 12:00,915.4664307
2022/4/6 13:00,941.991394
2022/4/6 14:00,892.7359009
2022/4/6 15:00,772.8140869
2022/4/6 16:00,592.9540405
2022/4/6 17:00,373.0321655
2022/4/6 18:00,155.0128326
2022/4/6 19:00,16.67143822
2022/4/6 20:00,0
2022/4/6 21:00,0
2022/4/6 22:00,0
2022/4/6 23:00,0
2022/4/7 0:00,0
2022/4/7 1:00,0
2022/4/7 2:00,0
2022/4/7 3:00,0
2022/4/7 4:00,0
2022/4/7 5:00,0
2022/4/7 6:00,0
2022/4/7 7:00,28.36641312
2022/4/7 8:00,184.8598175
2022/4/7 9:00,403.9017334
2022/4/7 10:00,617.7747192
2022/4/7 11:00,787.8261108
2022/4/7 12:00,894.1605835
2022/4/7 13:00,927.0332642
2022/4/7 14:00,884.0675049
2022/4/7 15:00,769.7988281
2022/4/7 16:00,595.2091675
2022/4/7 17:00,379.6736145
2022/4/7 18:00,161.6511688
2022/4/7 19:00,17.75644302
2022/4/7 20:00,0
2022/4/7 21:00,0
2022/4/7 22:00,0
2022/4/7 23:00,0
2022/4/8 0:00,0
2022/4/8 1:00,0
2022/4/8 2:00,0
2022/4/8 3:00,0
2022/4/8 4:00,0
2022/4/8 5:00,0
2022/4/8 6:00,0
2022/4/8 7:00,35.21661377
2022/4/8 8:00,222.0526581
2022/4/8 9:00,460.3473816
2022/4/8 10:00,678.1385498
2022/4/8 11:00,847.4229126
2022/4/8 12:00,951.7254639
2022/4/8 13:00,982.0244141
2022/4/8 14:00,935.8634644
2022/4/8 15:00,814.435791
2022/4/8 16:00,628.4539185
2022/4/8 17:00,400.2774658
2022/4/8 18:00,171.2960052
2022/4/8 19:00,19.1511097
2022/4/8 20:00,0
2022/4/8 21:00,0
2022/4/8 22:00,0
2022/4/8 23:00,0
2022/4/9 0:00,0
2022/4/9 1:00,0
2022/4/9 2:00,0
2022/4/9 3:00,0
2022/4/9 4:00,0
2022/4/9 5:00,0
2022/4/9 6:00,0
2022/4/9 7:00,39.98209381
2022/4/9 8:00,239.5119934
2022/4/9 9:00,482.0741882
2022/4/9 10:00,700.2991333
2022/4/9 11:00,868.8778076
2022/4/9 12:00,973.1592407
2022/4/9 13:00,1004.402527
2022/4/9 14:00,959.4674072
2022/4/9 15:00,841.3792114
2022/4/9 16:00,659.9032593
2022/4/9 17:00,432.7250977
2022/4/9 18:00,192.4410706
2022/4/9 19:00,21.84402657
2022/4/9 20:00,0
2022/4/9 21:00,0
2022/4/9 22:00,0
2022/4/9 23:00,0
2022/4/10 0:00,0
2022/4/10 1:00,0
2022/4/10 2:00,0
2022/4/10 3:00,0
2022/4/10 4:00,0
2022/4/10 5:00,0
2022/4/10 6:00,0
2022/4/10 7:00,42.73113251
2022/4/10 8:00,245.1289368
2022/4/10 9:00,487.5497742
2022/4/10 10:00,706.5510254
2022/4/10 11:00,875.6107788
2022/4/10 12:00,979.7434082
2022/4/10 13:00,1010.610535
2022/4/10 14:00,965.9626465
2022/4/10 15:00,849.7111816
2022/4/10 16:00,671.4975586
2022/4/10 17:00,447.1062317
2022/4/10 18:00,204.7612305
2022/4/10 19:00,24.04999924
2022/4/10 20:00,0
2022/4/10 21:00,0
2022/4/10 22:00,0
2022/4/10 23:00,0
2022/4/11 0:00,0
2022/4/11 1:00,0
2022/4/11 2:00,0
2022/4/11 3:00,0
2022/4/11 4:00,0
2022/4/11 5:00,0
2022/4/11 6:00,0
2022/4/11 7:00,38.83041382
2022/4/11 8:00,222.4158173
2022/4/11 9:00,454.7914429
2022/4/11 10:00,669.8919678
2022/4/11 11:00,836.5297852
2022/4/11 12:00,938.5189209
2022/4/11 13:00,967.6664429
2022/4/11 14:00,922.0953369
2022/4/11 15:00,806.7183228
2022/4/11 16:00,631.3830566
2022/4/11 17:00,412.3091125
2022/4/11 18:00,182.4961395
2022/4/11 19:00,21.25517845
2022/4/11 20:00,0
2022/4/11 21:00,0
2022/4/11 22:00,0
2022/4/11 23:00,0
2022/4/12 0:00,0
2022/4/12 1:00,0
2022/4/12 2:00,0
2022/4/12 3:00,0
2022/4/12 4:00,0
2022/4/12 5:00,0
2022/4/12 6:00,0
2022/4/12 7:00,41.56734467
2022/4/12 8:00,231.6733093
2022/4/12 9:00,464.1503906
2022/4/12 10:00,674.7974243
2022/4/12 11:00,837.1866455
2022/4/12 12:00,938.6815796
2022/4/12 13:00,970.699646
2022/4/12 14:00,928.1248169
2022/4/12 15:00,814.2403564
2022/4/12 16:00,638.8743286
2022/4/12 17:00,419.5400696
2022/4/12 18:00,185.3003235
2022/4/12 19:00,21.27311897
2022/4/12 20:00,0
2022/4/12 21:00,0
2022/4/12 22:00,0
2022/4/12 23:00,0
2022/4/13 0:00,0
2022/4/13 1:00,0
2022/4/13 2:00,0
2022/4/13 3:00,0
2022/4/13 4:00,0
2022/4/13 5:00,0
2022/4/13 6:00,0
2022/4/13 7:00,32.37160492
2022/4/13 8:00,180.4767609
2022/4/13 9:00,391.4490662
2022/4/13 10:00,606.6120605
2022/4/13 11:00,781.6923828
2022/4/13 12:00,895.0866089
2022/4/13 13:00,936.5994263
2022/4/13 14:00,903.6991577
2022/4/13 15:00,796.0080566
2022/4/13 16:00,623.3486328
2022/4/13 17:00,407.9525146
2022/4/13 18:00,180.7322083
2022/4/13 19:00,21.44400597
2022/4/13 20:00,0
2022/4/13 21:00,0
2022/4/13 22:00,0
2022/4/13 23:00,0
2022/4/14 0:00,0
2022/4/14 1:00,0
2022/4/14 2:00,0
2022/4/14 3:00,0
2022/4/14 4:00,0
2022/4/14 5:00,0
2022/4/14 6:00,0
2022/4/14 7:00,45.09518051
2022/4/14 8:00,244.7218475
2022/4/14 9:00,488.1636658
2022/4/14 10:00,708.3129883
2022/4/14 11:00,879.9832153
2022/4/14 12:00,983.1099854
2022/4/14 13:00,1009.215637
2022/4/14 14:00,960.8757324
2022/4/14 15:00,841.2849121
2022/4/14 16:00,659.8297119
2022/4/14 17:00,433.4645081
2022/4/14 18:00,194.7035522
2022/4/14 19:00,23.55451775
2022/4/14 20:00,0
2022/4/14 21:00,0
2022/4/14 22:00,0
2022/4/14 23:00,0
2022/4/15 0:00,0
2022/4/15 1:00,0
2022/4/15 2:00,0
2022/4/15 3:00,0
2022/4/15 4:00,0
2022/4/15 5:00,0
2022/4/15 6:00,0
2022/4/15 7:00,45.22006226
2022/4/15 8:00,237.068573
2022/4/15 9:00,468.0721436
2022/4/15 10:00,672.7075806
2022/4/15 11:00,829.5895386
2022/4/15 12:00,927.1223755
2022/4/15 13:00,956.449707
2022/4/15 14:00,910.9007568
2022/4/15 15:00,793.4211426
2022/4/15 16:00,614.7597046
2022/4/15 17:00,395.3415527
2022/4/15 18:00,171.1451263
2022/4/15 19:00,20.68673325
2022/4/15 20:00,0
2022/4/15 21:00,0
2022/4/15 22:00,0
2022/4/15 23:00,0
2022/4/16 0:00,0
2022/4/16 1:00,0
2022/4/16 2:00,0
2022/4/16 3:00,0
2022/4/16 4:00,0
2022/4/16 5:00,0
2022/4/16 6:00,0
2022/4/16 7:00,38.09139633
2022/4/16 8:00,195.1891785
2022/4/16 9:00,407.6054382
2022/4/16 10:00,616.6177368
2022/4/16 11:00,782.7438354
2022/4/16 12:00,885.4223633
2022/4/16 13:00,914.9106445
2022/4/16 14:00,870.0253296
2022/4/16 15:00,754.1456909
2022/4/16 16:00,578.2971802
2022/4/16 17:00,364.8151855
2022/4/16 18:00,155.665802
2022/4/16 19:00,19.49483109
2022/4/16 20:00,0
2022/4/16 21:00,0
2022/4/16 22:00,0
2022/4/16 23:00,0
2022/4/17 0:00,0
2022/4/17 1:00,0
2022/4/17 2:00,0
2022/4/17 3:00,0
2022/4/17 4:00,0
2022/4/17 5:00,0
2022/4/17 6:00,0
2022/4/17 7:00,43.35706329
2022/4/17 8:00,222.7534027
2022/4/17 9:00,450.3742676
2022/4/17 10:00,658.223877
2022/4/17 11:00,818.9967651
2022/4/17 12:00,915.8658447
2022/4/17 13:00,940.6618042
2022/4/17 14:00,892.2179565
2022/4/17 15:00,771.5940552
2022/4/17 16:00,589.1809082
2022/4/17 17:00,368.8067017
2022/4/17 18:00,154.752243
2022/4/17 19:00,19.24848747
2022/4/17 20:00,0
2022/4/17 21:00,0
2022/4/17 22:00,0
2022/4/17 23:00,0
2022/4/18 0:00,0
2022/4/18 1:00,0
2022/4/18 2:00,0
2022/4/18 3:00,0
2022/4/18 4:00,0
2022/4/18 5:00,0
2022/4/18 6:00,0
2022/4/18 7:00,40.99062729
2022/4/18 8:00,207.063858
2022/4/18 9:00,421.099762
2022/4/18 10:00,615.9940796
2022/4/18 11:00,766.9630127
2022/4/18 12:00,859
2022/4/18 13:00,882.3356323
2022/4/18 14:00,832.1195068
2022/4/18 15:00,718.4267578
2022/4/18 16:00,552.6526489
2022/4/18 17:00,350.3165283
2022/4/18 18:00,151.0491943
2022/4/18 19:00,19.75009918
2022/4/18 20:00,0
2022/4/18 21:00,0
2022/4/18 22:00,0
2022/4/18 23:00,0
2022/4/19 0:00,0
2022/4/19 1:00,0
2022/4/19 2:00,0
2022/4/19 3:00,0
2022/4/19 4:00,0
2022/4/19 5:00,0
2022/4/19 6:00,0
2022/4/19 7:00,44.31760406
2022/4/19 8:00,214.811554
2022/4/19 9:00,440.3867798
2022/4/19 10:00,661.1082764
2022/4/19 11:00,836.5776367
2022/4/19 12:00,941.8068848
2022/4/19 13:00,968.9793701
2022/4/19 14:00,923.7633057
2022/4/19 15:00,808.9481812
2022/4/19 16:00,633.836792
2022/4/19 17:00,415.774231
2022/4/19 18:00,186.6725464
2022/4/19 19:00,23.99129105
2022/4/19 20:00,0
2022/4/19 21:00,0
2022/4/19 22:00,0
2022/4/19 23:00,0
2022/4/20 0:00,0
2022/4/20 1:00,0
2022/4/20 2:00,0
2022/4/20 3:00,0
2022/4/20 4:00,0
2022/4/20 5:00,0
2022/4/20 6:00,0
2022/4/20 7:00,52.03108978
2022/4/20 8:00,243.5462799
2022/4/20 9:00,475.0545654
2022/4/20 10:00,687.6239014
2022/4/20 11:00,852.3508301
2022/4/20 12:00,950.7681274
2022/4/20 13:00,975.0214233
2022/4/20 14:00,926.7637329
2022/4/20 15:00,809.9240112
2022/4/20 16:00,633.8686523
2022/4/20 17:00,415.0711975
2022/4/20 18:00,185.9677887
2022/4/20 19:00,24.16180229
2022/4/20 20:00,0
2022/4/20 21:00,0
2022/4/20 22:00,0
2022/4/20 23:00,0
2022/4/21 0:00,0
2022/4/21 1:00,0
2022/4/21 2:00,0
2022/4/21 3:00,0
2022/4/21 4:00,0
2022/4/21 5:00,0
2022/4/21 6:00,0
2022/4/21 7:00,54.59796143
2022/4/21 8:00,246.8019104
2022/4/21 9:00,470.5068054
2022/4/21 10:00,670.6767578
2022/4/21 11:00,823.980835
2022/4/21 12:00,919.9468994
2022/4/21 13:00,950.2680054
2022/4/21 14:00,907.6657715
2022/4/21 15:00,796.9927979
2022/4/21 16:00,628.2612915
2022/4/21 17:00,417.4828491
2022/4/21 18:00,192.3865814
2022/4/21 19:00,25.86911583
2022/4/21 20:00,0
2022/4/21 21:00,0
2022/4/21 22:00,0
2022/4/21 23:00,0
2022/4/22 0:00,0
2022/4/22 1:00,0
2022/4/22 2:00,0
2022/4/22 3:00,0
2022/4/22 4:00,0
2022/4/22 5:00,0
2022/4/22 6:00,0
2022/4/22 7:00,56.84777451
2022/4/22 8:00,252.5237732
2022/4/22 9:00,479.0593262
2022/4/22 10:00,680.6292725
2022/4/22 11:00,834.953125
2022/4/22 12:00,929.4447021
2022/4/22 13:00,955.7747192
2022/4/22 14:00,909.2529907
2022/4/22 15:00,794.5036621
2022/4/22 16:00,621.3751831
2022/4/22 17:00,406.5917664
2022/4/22 18:00,182.6767731
2022/4/22 19:00,24.50906181
2022/4/22 20:00,0
2022/4/22 21:00,0
2022/4/22 22:00,0
2022/4/22 23:00,0
2022/4/23 0:00,0
2022/4/23 1:00,0
2022/4/23 2:00,0
2022/4/23 3:00,0
2022/4/23 4:00,0
2022/4/23 5:00,0
2022/4/23 6:00,0
2022/4/23 7:00,55.72637558
2022/4/23 8:00,249.2861938
2022/4/23 9:00,478.8406982
2022/4/23 10:00,684.4059448
2022/4/23 11:00,842.156311
2022/4/23 12:00,938.8007202
2022/4/23 13:00,966.4116211
2022/4/23 14:00,921.8101196
2022/4/23 15:00,809.0534058
2022/4/23 16:00,637.8116455
2022/4/23 17:00,424.2046814
2022/4/23 18:00,196.4256287
2022/4/23 19:00,27.02661324
2022/4/23 20:00,0
2022/4/23 21:00,0
2022/4/23 22:00,0
2022/4/23 23:00,0
2022/4/24 0:00,0
2022/4/24 1:00,0
2022/4/24 2:00,0
2022/4/24 3:00,0
2022/4/24 4:00,0
2022/4/24 5:00,0
2022/4/24 6:00,0
2022/4/24 7:00,61.59842682
2022/4/24 8:00,262.5257874
2022/4/24 9:00,491.2566833
2022/4/24 10:00,694.0888672
2022/4/24 11:00,848.9819336
2022/4/24 12:00,943.7530518
2022/4/24 13:00,970.4833374
2022/4/24 14:00,925.1765747
2022/4/24 15:00,812.3828735
2022/4/24 16:00,641.8911133
2022/4/24 17:00,429.0063171
2022/4/24 18:00,201.4131012
2022/4/24 19:00,28.50127411
2022/4/24 20:00,0
2022/4/24 21:00,0
2022/4/24 22:00,0
2022/4/24 23:00,0
2022/4/25 0:00,0
2022/4/25 1:00,0
2022/4/25 2:00,0
2022/4/25 3:00,0
2022/4/25 4:00,0
2022/4/25 5:00,0
2022/4/25 6:00,0
2022/4/25 7:00,69.07214355
2022/4/25 8:00,281.5266418
2022/4/25 9:00,513.1439819
2022/4/25 10:00,715.8532715
2022/4/25 11:00,870.2294922
2022/4/25 12:00,964.8395996
2022/4/25 13:00,991.8756714
2022/4/25 14:00,947.4141235
2022/4/25 15:00,835.4593506
2022/4/25 16:00,665.2811279
2022/4/25 17:00,451.6134949
2022/4/25 18:00,218.0570526
2022/4/25 19:00,31.79685783
2022/4/25 20:00,0
2022/4/25 21:00,0
2022/4/25 22:00,0
2022/4/25 23:00,0
2022/4/26 0:00,0
2022/4/26 1:00,0
2022/4/26 2:00,0
2022/4/26 3:00,0
2022/4/26 4:00,0
2022/4/26 5:00,0
2022/4/26 6:00,0.011754736
2022/4/26 7:00,68.15203857
2022/4/26 8:00,275.958313
2022/4/26 9:00,506.4306946
2022/4/26 10:00,709.9642944
2022/4/26 11:00,865.152832
2022/4/26 12:00,958.5217896
2022/4/26 13:00,982.1641235
2022/4/26 14:00,933.5783081
2022/4/26 15:00,817.9796753
2022/4/26 16:00,645.0483398
2022/4/26 17:00,429.615448
2022/4/26 18:00,199.8695526
2022/4/26 19:00,28.51713181
2022/4/26 20:00,0
2022/4/26 21:00,0
2022/4/26 22:00,0
2022/4/26 23:00,0
2022/4/27 0:00,0
2022/4/27 1:00,0
2022/4/27 2:00,0
2022/4/27 3:00,0
2022/4/27 4:00,0
2022/4/27 5:00,0
2022/4/27 6:00,0.023679169
2022/4/27 7:00,67.9601059
2022/4/27 8:00,272.6060486
2022/4/27 9:00,499.5137939
2022/4/27 10:00,699.2132568
2022/4/27 11:00,851.1907349
2022/4/27 12:00,945.4526367
2022/4/27 13:00,973.9109497
2022/4/27 14:00,930.593811
2022/4/27 15:00,818.3465576
2022/4/27 16:00,646.6350098
2022/4/27 17:00,432.4043884
2022/4/27 18:00,202.6191864
2022/4/27 19:00,29.34355164
2022/4/27 20:00,0
2022/4/27 21:00,0
2022/4/27 22:00,0
2022/4/27 23:00,0
2022/4/28 0:00,0
2022/4/28 1:00,0
2022/4/28 2:00,0
2022/4/28 3:00,0
2022/4/28 4:00,0
2022/4/28 5:00,0
2022/4/28 6:00,0.05313924
2022/4/28 7:00,65.23458862
2022/4/28 8:00,264.7846375
2022/4/28 9:00,496.1520081
2022/4/28 10:00,704.00354
2022/4/28 11:00,863.3608398
2022/4/28 12:00,959.6586914
2022/4/28 13:00,985.7019043
2022/4/28 14:00,940.8480835
2022/4/28 15:00,829.7221069
2022/4/28 16:00,661.4157104
2022/4/28 17:00,449.8684082
2022/4/28 18:00,217.477356
2022/4/28 19:00,32.4057045
2022/4/28 20:00,0
2022/4/28 21:00,0
2022/4/28 22:00,0
2022/4/28 23:00,0
2022/4/29 0:00,0
2022/4/29 1:00,0
2022/4/29 2:00,0
2022/4/29 3:00,0
2022/4/29 4:00,0
2022/4/29 5:00,0
2022/4/29 6:00,0.081662178
2022/4/29 7:00,57.13074112
2022/4/29 8:00,233.7048645
2022/4/29 9:00,447.8271484
2022/4/29 10:00,643.4363403
2022/4/29 11:00,793.8759766
2022/4/29 12:00,884.8312378
2022/4/29 13:00,908.0405273
2022/4/29 14:00,859.9907227
2022/4/29 15:00,746.4192505
2022/4/29 16:00,577.9611816
2022/4/29 17:00,372.5693665
2022/4/29 18:00,167.2435455
2022/4/29 19:00,24.93603897
2022/4/29 20:00,0
2022/4/29 21:00,0
2022/4/29 22:00,0
2022/4/29 23:00,0
2022/4/30 0:00,0
2022/4/30 1:00,0
2022/4/30 2:00,0
2022/4/30 3:00,0
2022/4/30 4:00,0
2022/4/30 5:00,0
2022/4/30 6:00,0.13887015
2022/4/30 7:00,72.57891846
2022/4/30 8:00,278.5750122
2022/4/30 9:00,508.6086731
2022/4/30 10:00,713.0767212
2022/4/30 11:00,869.1881104
2022/4/30 12:00,962.6444702
2022/4/30 13:00,986.0961914
2022/4/30 14:00,938.6780396
2022/4/30 15:00,825.2141113
2022/4/30 16:00,655.255127
2022/4/30 17:00,442.9151917
2022/4/30 18:00,213.2382965
2022/4/30 19:00,32.84114075
2022/4/30 20:00,0
2022/4/30 21:00,0
2022/4/30 22:00,0
2022/4/30 23:00,0
2022/5/1 0:00,0
2022/5/1 1:00,0
2022/5/1 2:00,0
2022/5/1 3:00,0
2022/5/1 4:00,0
2022/5/1 5:00,0
2022/5/1 6:00,0.189938724
2022/5/1 7:00,78.35150146
2022/5/1 8:00,291.91745
2022/5/1 9:00,520.7512207
2022/5/1 10:00,721.7036133
2022/5/1 11:00,875.6127319
2022/5/1 12:00,969.1555786
2022/5/1 13:00,994.5465698
2022/5/1 14:00,950.0736694
2022/5/1 15:00,838.2529297
2022/5/1 16:00,668.277771
2022/5/1 17:00,456.0580444
2022/5/1 18:00,225.2324219
2022/5/1 19:00,36.1464119
2022/5/1 20:00,0
2022/5/1 21:00,0
2022/5/1 22:00,0
2022/5/1 23:00,0
2022/5/2 0:00,0
2022/5/2 1:00,0
2022/5/2 2:00,0
2022/5/2 3:00,0
2022/5/2 4:00,0
2022/5/2 5:00,0
2022/5/2 6:00,0.256868005
2022/5/2 7:00,83.81661987
2022/5/2 8:00,300.4725647
2022/5/2 9:00,527.6819458
2022/5/2 10:00,725.1714478
2022/5/2 11:00,875.2003174
2022/5/2 12:00,965.4451294
2022/5/2 13:00,988.3080444
2022/5/2 14:00,940.9230347
2022/5/2 15:00,826.5870972
2022/5/2 16:00,654.5155029
2022/5/2 17:00,440.0657043
2022/5/2 18:00,211.0460968
2022/5/2 19:00,33.20362854
2022/5/2 20:00,0
2022/5/2 21:00,0
2022/5/2 22:00,0
2022/5/2 23:00,0
2022/5/3 0:00,0
2022/5/3 1:00,0
2022/5/3 2:00,0
2022/5/3 3:00,0
2022/5/3 4:00,0
2022/5/3 5:00,0
2022/5/3 6:00,0.319685757
2022/5/3 7:00,78.48614502
2022/5/3 8:00,288.090332
2022/5/3 9:00,515.1978149
2022/5/3 10:00,712.8980103
2022/5/3 11:00,862.5092773
2022/5/3 12:00,952.8739014
2022/5/3 13:00,976.2288208
2022/5/3 14:00,928.1619263
2022/5/3 15:00,811.7345581
2022/5/3 16:00,636.6330566
2022/5/3 17:00,420.602356
2022/5/3 18:00,195.21698
2022/5/3 19:00,30.25970459
2022/5/3 20:00,0
2022/5/3 21:00,0
2022/5/3 22:00,0
2022/5/3 23:00,0
2022/5/4 0:00,0
2022/5/4 1:00,0
2022/5/4 2:00,0
2022/5/4 3:00,0
2022/5/4 4:00,0
2022/5/4 5:00,0
2022/5/4 6:00,0.360965401
2022/5/4 7:00,70.33346558
2022/5/4 8:00,266.0038147
2022/5/4 9:00,492.9898071
2022/5/4 10:00,698.0301514
2022/5/4 11:00,855.9526367
2022/5/4 12:00,950.4110718
2022/5/4 13:00,973.6279297
2022/5/4 14:00,925.5648193
2022/5/4 15:00,808.3465576
2022/5/4 16:00,631.6030884
2022/5/4 17:00,414.9247742
2022/5/4 18:00,191.5247192
2022/5/4 19:00,30.08109283
2022/5/4 20:00,0
2022/5/4 21:00,0
2022/5/4 22:00,0
2022/5/4 23:00,0
2022/5/5 0:00,0
2022/5/5 1:00,0
2022/5/5 2:00,0
2022/5/5 3:00,0
2022/5/5 4:00,0
2022/5/5 5:00,0
2022/5/5 6:00,0.452076077
2022/5/5 7:00,75.27307129
2022/5/5 8:00,275.3138428
2022/5/5 9:00,497.1743774
2022/5/5 10:00,691.7044067
2022/5/5 11:00,839.5142822
2022/5/5 12:00,927.7493896
2022/5/5 13:00,948.4708862
2022/5/5 14:00,897.949585
2022/5/5 15:00,783.1970825
2022/5/5 16:00,614.2642822
2022/5/5 17:00,405.9285583
2022/5/5 18:00,189.8515472
2022/5/5 19:00,30.81961823
2022/5/5 20:00,0
2022/5/5 21:00,0
2022/5/5 22:00,0
2022/5/5 23:00,0
2022/5/6 0:00,0
2022/5/6 1:00,0
2022/5/6 2:00,0
2022/5/6 3:00,0
2022/5/6 4:00,0
2022/5/6 5:00,0
2022/5/6 6:00,0.559021235
2022/5/6 7:00,83.42921448
2022/5/6 8:00,293.5967407
2022/5/6 9:00,519.4136353
2022/5/6 10:00,716.3740234
2022/5/6 11:00,865.5296631
2022/5/6 12:00,954.0471191
2022/5/6 13:00,974.3840942
2022/5/6 14:00,924.2510986
2022/5/6 15:00,810.1083984
2022/5/6 16:00,641.6436157
2022/5/6 17:00,432.2028809
2022/5/6 18:00,208.5036621
2022/5/6 19:00,34.59973907
2022/5/6 20:00,0
2022/5/6 21:00,0
2022/5/6 22:00,0
2022/5/6 23:00,0
2022/5/7 0:00,0
2022/5/7 1:00,0
2022/5/7 2:00,0
2022/5/7 3:00,0
2022/5/7 4:00,0
2022/5/7 5:00,0
2022/5/7 6:00,0.647616386
2022/5/7 7:00,83.32061768
2022/5/7 8:00,290.7406006
2022/5/7 9:00,515.7565918
2022/5/7 10:00,714.3676758
2022/5/7 11:00,865.5123901
2022/5/7 12:00,956.3574219
2022/5/7 13:00,979.5067749
2022/5/7 14:00,932.947998
2022/5/7 15:00,820.4650269
2022/5/7 16:00,651.2528687
2022/5/7 17:00,440.359314
2022/5/7 18:00,214.3335419
2022/5/7 19:00,36.13007355
2022/5/7 20:00,0
2022/5/7 21:00,0
2022/5/7 22:00,0
2022/5/7 23:00,0
2022/5/8 0:00,0
2022/5/8 1:00,0
2022/5/8 2:00,0
2022/5/8 3:00,0
2022/5/8 4:00,0
2022/5/8 5:00,0
2022/5/8 6:00,0.742118895
2022/5/8 7:00,85.94605255
2022/5/8 8:00,294.6835327
2022/5/8 9:00,518.7804565
2022/5/8 10:00,715.8458252
2022/5/8 11:00,865.5682983
2022/5/8 12:00,954.6748657
2022/5/8 13:00,975.6173706
2022/5/8 14:00,926.5728149
2022/5/8 15:00,812.5678711
2022/5/8 16:00,643.1287842
2022/5/8 17:00,432.7493286
2022/5/8 18:00,208.6004028
2022/5/8 19:00,35.24159241
2022/5/8 20:00,0
2022/5/8 21:00,0
2022/5/8 22:00,0
2022/5/8 23:00,0
2022/5/9 0:00,0
2022/5/9 1:00,0
2022/5/9 2:00,0
2022/5/9 3:00,0
2022/5/9 4:00,0
2022/5/9 5:00,0
2022/5/9 6:00,0.817946136
2022/5/9 7:00,81.55942535
2022/5/9 8:00,284.8637085
2022/5/9 9:00,508.6470032
2022/5/9 10:00,705.0526733
2022/5/9 11:00,854.3406372
2022/5/9 12:00,942.8338623
2022/5/9 13:00,962.9031372
2022/5/9 14:00,912.6929321
2022/5/9 15:00,800.4337158
2022/5/9 16:00,635.9407959
2022/5/9 17:00,431.1088867
2022/5/9 18:00,211.9429474
2022/5/9 19:00,37.15701294
2022/5/9 20:00,0
2022/5/9 21:00,0
2022/5/9 22:00,0
2022/5/9 23:00,0
2022/5/10 0:00,0
2022/5/10 1:00,0
2022/5/10 2:00,0
2022/5/10 3:00,0
2022/5/10 4:00,0
2022/5/10 5:00,0
2022/5/10 6:00,0.949967384
2022/5/10 7:00,87.51141357
2022/5/10 8:00,297.9990234
2022/5/10 9:00,523.3508301
2022/5/10 10:00,718.9277954
2022/5/10 11:00,866.8641968
2022/5/10 12:00,955.1422119
2022/5/10 13:00,976.4956665
2022/5/10 14:00,928.5042114
2022/5/10 15:00,817.3171997
2022/5/10 16:00,652.4287109
2022/5/10 17:00,446.5550232
2022/5/10 18:00,222.8498535
2022/5/10 19:00,39.6460762
2022/5/10 20:00,0
2022/5/10 21:00,0
2022/5/10 22:00,0
2022/5/10 23:00,0
2022/5/11 0:00,0
2022/5/11 1:00,0
2022/5/11 2:00,0
2022/5/11 3:00,0
2022/5/11 4:00,0
2022/5/11 5:00,0
2022/5/11 6:00,1.075459361
2022/5/11 7:00,92.84074402
2022/5/11 8:00,306.8764648
2022/5/11 9:00,533.3535767
2022/5/11 10:00,732.2088013
2022/5/11 11:00,883.5551758
2022/5/11 12:00,972.6225586
2022/5/11 13:00,992.4064941
2022/5/11 14:00,943.6190186
2022/5/11 15:00,831.128479
2022/5/11 16:00,664.3345337
2022/5/11 17:00,456.5358276
2022/5/11 18:00,230.7380066
2022/5/11 19:00,42.22681046
2022/5/11 20:00,0
2022/5/11 21:00,0
2022/5/11 22:00,0
2022/5/11 23:00,0
2022/5/12 0:00,0
2022/5/12 1:00,0
2022/5/12 2:00,0
2022/5/12 3:00,0
2022/5/12 4:00,0
2022/5/12 5:00,0
2022/5/12 6:00,1.145797253
2022/5/12 7:00,89.62496185
2022/5/12 8:00,299.513916
2022/5/12 9:00,522.4520874
2022/5/12 10:00,716.9199829
2022/5/12 11:00,864.7012329
2022/5/12 12:00,953.3117676
2022/5/12 13:00,975.6276855
2022/5/12 14:00,929.9758301
2022/5/12 15:00,820.8126221
2022/5/12 16:00,657.2922363
2022/5/12 17:00,452.8224792
2022/5/12 18:00,228.5774689
2022/5/12 19:00,41.5182991
2022/5/12 20:00,0
2022/5/12 21:00,0
2022/5/12 22:00,0
2022/5/12 23:00,0
2022/5/13 0:00,0
2022/5/13 1:00,0
2022/5/13 2:00,0
2022/5/13 3:00,0
2022/5/13 4:00,0
2022/5/13 5:00,0
2022/5/13 6:00,1.266631365
2022/5/13 7:00,92.53096771
2022/5/13 8:00,300.7690735
2022/5/13 9:00,521.2479858
2022/5/13 10:00,715.6763916
2022/5/13 11:00,863.5983887
2022/5/13 12:00,950.7348022
2022/5/13 13:00,970.0578003
2022/5/13 14:00,921.4586182
2022/5/13 15:00,810.2475586
2022/5/13 16:00,645.4663086
2022/5/13 17:00,439.8145752
2022/5/13 18:00,220.2701874
2022/5/13 19:00,41.29204559
2022/5/13 20:00,0
2022/5/13 21:00,0
2022/5/13 22:00,0
2022/5/13 23:00,0
2022/5/14 0:00,0
2022/5/14 1:00,0
2022/5/14 2:00,0
2022/5/14 3:00,0
2022/5/14 4:00,0
2022/5/14 5:00,0
2022/5/14 6:00,1.351262331
2022/5/14 7:00,93.57639313
2022/5/14 8:00,304.3398438
2022/5/14 9:00,522.1700439
2022/5/14 10:00,709.0775757
2022/5/14 11:00,850.4830933
2022/5/14 12:00,933.7151489
2022/5/14 13:00,951.0238647
2022/5/14 14:00,899.8693848
2022/5/14 15:00,786.8823242
2022/5/14 16:00,621.8647461
2022/5/14 17:00,417.5001221
2022/5/14 18:00,201.0194092
2022/5/14 19:00,36.11285782
2022/5/14 20:00,0
2022/5/14 21:00,0
2022/5/14 22:00,0
2022/5/14 23:00,0
2022/5/15 0:00,0
2022/5/15 1:00,0
2022/5/15 2:00,0
2022/5/15 3:00,0
2022/5/15 4:00,0
2022/5/15 5:00,0
2022/5/15 6:00,1.574000001
2022/5/15 7:00,101.370697
2022/5/15 8:00,313.9859619
2022/5/15 9:00,532.1955566
2022/5/15 10:00,722.4313354
2022/5/15 11:00,866.8693848
2022/5/15 12:00,954.3493652
2022/5/15 13:00,977.4346313
2022/5/15 14:00,932.8538208
2022/5/15 15:00,823.3163452
2022/5/15 16:00,657.5125122
2022/5/15 17:00,450.2420959
2022/5/15 18:00,225.8011169
2022/5/15 19:00,42.34904099
2022/5/15 20:00,0
2022/5/15 21:00,0
2022/5/15 22:00,0
2022/5/15 23:00,0
2022/5/16 0:00,0
2022/5/16 1:00,0
2022/5/16 2:00,0
2022/5/16 3:00,0
2022/5/16 4:00,0
2022/5/16 5:00,0
2022/5/16 6:00,1.682785392
2022/5/16 7:00,103.2161102
2022/5/16 8:00,319.3687744
2022/5/16 9:00,540.2532959
2022/5/16 10:00,731.850769
2022/5/16 11:00,877.4317627
2022/5/16 12:00,964.2700806
2022/5/16 13:00,985.0049438
2022/5/16 14:00,937.7435303
2022/5/16 15:00,826.2255859
2022/5/16 16:00,659.2669067
2022/5/16 17:00,450.7886658
2022/5/16 18:00,225.8208466
2022/5/16 19:00,42.81542587
2022/5/16 20:00,0
2022/5/16 21:00,0
2022/5/16 22:00,0
2022/5/16 23:00,0
2022/5/17 0:00,0
2022/5/17 1:00,0
2022/5/17 2:00,0
2022/5/17 3:00,0
2022/5/17 4:00,0
2022/5/17 5:00,0
2022/5/17 6:00,1.811065078
2022/5/17 7:00,101.9557343
2022/5/17 8:00,320.4146729
2022/5/17 9:00,549.3585815
2022/5/17 10:00,748.8080444
2022/5/17 11:00,900.2923584
2022/5/17 12:00,990.1265869
2022/5/17 13:00,1010.874512
2022/5/17 14:00,961.5788574
2022/5/17 15:00,846.3973999
2022/5/17 16:00,675.0953369
2022/5/17 17:00,462.8101196
2022/5/17 18:00,233.3380432
2022/5/17 19:00,44.82158279
2022/5/17 20:00,0
2022/5/17 21:00,0
2022/5/17 22:00,0
2022/5/17 23:00,0
2022/5/18 0:00,0
2022/5/18 1:00,0
2022/5/18 2:00,0
2022/5/18 3:00,0
2022/5/18 4:00,0
2022/5/18 5:00,0
2022/5/18 6:00,1.849601984
2022/5/18 7:00,97.84120178
2022/5/18 8:00,309.9196167
2022/5/18 9:00,534.9337769
2022/5/18 10:00,731.7644653
2022/5/18 11:00,880.8568115
2022/5/18 12:00,969.7724609
2022/5/18 13:00,991.4169312
2022/5/18 14:00,943.8504028
2022/5/18 15:00,830.7640991
2022/5/18 16:00,661.5799561
2022/5/18 17:00,451.7271729
2022/5/18 18:00,226.8215179
2022/5/18 19:00,43.98819351
2022/5/18 20:00,0
2022/5/18 21:00,0
2022/5/18 22:00,0
2022/5/18 23:00,0
2022/5/19 0:00,0
2022/5/19 1:00,0
2022/5/19 2:00,0
2022/5/19 3:00,0
2022/5/19 4:00,0
2022/5/19 5:00,0
2022/5/19 6:00,1.964834332
2022/5/19 7:00,99.56912231
2022/5/19 8:00,310.5193787
2022/5/19 9:00,532.8410645
2022/5/19 10:00,728.4141846
2022/5/19 11:00,877.1375732
2022/5/19 12:00,966.1535034
2022/5/19 13:00,988.536438
2022/5/19 14:00,943.2954102
2022/5/19 15:00,833.9329834
2022/5/19 16:00,669.3532715
2022/5/19 17:00,463.7416992
2022/5/19 18:00,239.4638519
2022/5/19 19:00,48.34925842
2022/5/19 20:00,0
2022/5/19 21:00,0
2022/5/19 22:00,0
2022/5/19 23:00,0
2022/5/20 0:00,0
2022/5/20 1:00,0
2022/5/20 2:00,0
2022/5/20 3:00,0
2022/5/20 4:00,0
2022/5/20 5:00,0
2022/5/20 6:00,2.023448944
2022/5/20 7:00,96.15472412
2022/5/20 8:00,301.5383606
2022/5/20 9:00,519.9353638
2022/5/20 10:00,711.2156982
2022/5/20 11:00,856.0109863
2022/5/20 12:00,941.2130737
2022/5/20 13:00,959.5704956
2022/5/20 14:00,909.3449097
2022/5/20 15:00,794.6557007
2022/5/20 16:00,624.7672119
2022/5/20 17:00,416.0635376
2022/5/20 18:00,201.3083649
2022/5/20 19:00,39.41741943
2022/5/20 20:00,0
2022/5/20 21:00,0
2022/5/20 22:00,0
2022/5/20 23:00,0
2022/5/21 0:00,0
2022/5/21 1:00,0
2022/5/21 2:00,0
2022/5/21 3:00,0
2022/5/21 4:00,0
2022/5/21 5:00,0
2022/5/21 6:00,1.943332791
2022/5/21 7:00,85.58772278
2022/5/21 8:00,278.2994995
2022/5/21 9:00,491.6273193
2022/5/21 10:00,677.4587402
2022/5/21 11:00,818.1647949
2022/5/21 12:00,907.0588379
2022/5/21 13:00,936.0350342
2022/5/21 14:00,896.1937256
2022/5/21 15:00,792.1967163
2022/5/21 16:00,633.3635864
2022/5/21 17:00,434.6312561
2022/5/21 18:00,218.8915405
2022/5/21 19:00,43.71287537
2022/5/21 20:00,0
2022/5/21 21:00,0
2022/5/21 22:00,0
2022/5/21 23:00,0
2022/5/22 0:00,0
2022/5/22 1:00,0
2022/5/22 2:00,0
2022/5/22 3:00,0
2022/5/22 4:00,0
2022/5/22 5:00,0
2022/5/22 6:00,2.103022337
2022/5/22 7:00,89.82925415
2022/5/22 8:00,289.0868835
2022/5/22 9:00,511.0834045
2022/5/22 10:00,708.2792969
2022/5/22 11:00,858.9998779
2022/5/22 12:00,951.3317871
2022/5/22 13:00,978.0921631
2022/5/22 14:00,936.8815918
2022/5/22 15:00,830.3579102
2022/5/22 16:00,667.4519043
2022/5/22 17:00,463.7281799
2022/5/22 18:00,240.3457489
2022/5/22 19:00,49.94009018
2022/5/22 20:00,0
2022/5/22 21:00,0
2022/5/22 22:00,0
2022/5/22 23:00,0
2022/5/23 0:00,0
2022/5/23 1:00,0
2022/5/23 2:00,0
2022/5/23 3:00,0
2022/5/23 4:00,0
2022/5/23 5:00,0
2022/5/23 6:00,2.407169104
2022/5/23 7:00,103.5115433
2022/5/23 8:00,313.7658081
2022/5/23 9:00,531.7640991
2022/5/23 10:00,722.1112061
2022/5/23 11:00,866.4987793
2022/5/23 12:00,953.2438965
2022/5/23 13:00,975.3459473
2022/5/23 14:00,930.5283203
2022/5/23 15:00,822.2079468
2022/5/23 16:00,658.9259644
2022/5/23 17:00,454.4866333
2022/5/23 18:00,233.4689026
2022/5/23 19:00,48.86486435
2022/5/23 20:00,0
2022/5/23 21:00,0
2022/5/23 22:00,0
2022/5/23 23:00,0
2022/5/24 0:00,0
2022/5/24 1:00,0
2022/5/24 2:00,0
2022/5/24 3:00,0
2022/5/24 4:00,0
2022/5/24 5:00,0
2022/5/24 6:00,2.564299345
2022/5/24 7:00,108.6006393
2022/5/24 8:00,322.3143311
2022/5/24 9:00,540.3865356
2022/5/24 10:00,729.9968262
2022/5/24 11:00,873.8756714
2022/5/24 12:00,958.8053589
2022/5/24 13:00,977.8313599
2022/5/24 14:00,930.2299194
2022/5/24 15:00,821.2526245
2022/5/24 16:00,659.7714844
2022/5/24 17:00,457.8467407
2022/5/24 18:00,238.6566467
2022/5/24 19:00,51.34535599
2022/5/24 20:00,0
2022/5/24 21:00,0
2022/5/24 22:00,0
2022/5/24 23:00,0
2022/5/25 0:00,0
2022/5/25 1:00,0
2022/5/25 2:00,0
2022/5/25 3:00,0
2022/5/25 4:00,0
2022/5/25 5:00,0
2022/5/25 6:00,2.684653521
2022/5/25 7:00,109.3242874
2022/5/25 8:00,319.3879395
2022/5/25 9:00,535.9748535
2022/5/25 10:00,727.2075195
2022/5/25 11:00,872.8966675
2022/5/25 12:00,959.2006226
2022/5/25 13:00,979.2877808
2022/5/25 14:00,933.2496338
2022/5/25 15:00,825.3282471
2022/5/25 16:00,664.0869141
2022/5/25 17:00,462.0946045
2022/5/25 18:00,242.101059
2022/5/25 19:00,52.69538498
2022/5/25 20:00,0
2022/5/25 21:00,0
2022/5/25 22:00,0
2022/5/25 23:00,0
2022/5/26 0:00,0
2022/5/26 1:00,0
2022/5/26 2:00,0
2022/5/26 3:00,0
2022/5/26 4:00,0
2022/5/26 5:00,0
2022/5/26 6:00,2.698201656
2022/5/26 7:00,107.576683
2022/5/26 8:00,318.7475281
2022/5/26 9:00,533.9121094
2022/5/26 10:00,720.2606812
2022/5/26 11:00,861.6047363
2022/5/26 12:00,945.8942871
2022/5/26 13:00,965.9233398
2022/5/26 14:00,919.3340454
2022/5/26 15:00,811.3352051
2022/5/26 16:00,650.7468872
2022/5/26 17:00,449.8510132
2022/5/26 18:00,231.8468018
2022/5/26 19:00,49.67009735
2022/5/26 20:00,0
2022/5/26 21:00,0
2022/5/26 22:00,0
2022/5/26 23:00,0
2022/5/27 0:00,0
2022/5/27 1:00,0
2022/5/27 2:00,0
2022/5/27 3:00,0
2022/5/27 4:00,0
2022/5/27 5:00,0
2022/5/27 6:00,2.564838409
2022/5/27 7:00,97.36902618
2022/5/27 8:00,300.4216919
2022/5/27 9:00,518.065979
2022/5/27 10:00,710.4575806
2022/5/27 11:00,857.1657715
2022/5/27 12:00,945.7858887
2022/5/27 13:00,969.4204102
2022/5/27 14:00,926.5724487
2022/5/27 15:00,820.8718262
2022/5/27 16:00,660.8534546
2022/5/27 17:00,460.0668335
2022/5/27 18:00,240.5848541
2022/5/27 19:00,52.76876831
2022/5/27 20:00,0
2022/5/27 21:00,0
2022/5/27 22:00,0
2022/5/27 23:00,0
2022/5/28 0:00,0
2022/5/28 1:00,0
2022/5/28 2:00,0
2022/5/28 3:00,0
2022/5/28 4:00,0
2022/5/28 5:00,0
2022/5/28 6:00,2.814126968
2022/5/28 7:00,106.5207596
2022/5/28 8:00,316.2494507
2022/5/28 9:00,532.930542
2022/5/28 10:00,722.2974854
2022/5/28 11:00,866.2712402
2022/5/28 12:00,953.2216187
2022/5/28 13:00,975.9806519
2022/5/28 14:00,932.1192627
2022/5/28 15:00,826.5046387
2022/5/28 16:00,667.9239502
2022/5/28 17:00,468.6808472
2022/5/28 18:00,248.4380493
2022/5/28 19:00,55.45367813
2022/5/28 20:00,0
2022/5/28 21:00,0
2022/5/28 22:00,0
2022/5/28 23:00,0
2022/5/29 0:00,0
2022/5/29 1:00,0
2022/5/29 2:00,0
2022/5/29 3:00,0
2022/5/29 4:00,0
2022/5/29 5:00,0
2022/5/29 6:00,2.921227932
2022/5/29 7:00,109.0576019
2022/5/29 8:00,321.7747192
2022/5/29 9:00,540.8178101
2022/5/29 10:00,732.4171143
2022/5/29 11:00,878.1173706
2022/5/29 12:00,965.1507568
2022/5/29 13:00,986.6431274
2022/5/29 14:00,941.6906128
2022/5/29 15:00,835.4599609
2022/5/29 16:00,676.6748047
2022/5/29 17:00,477.1260376
2022/5/29 18:00,256.8595276
2022/5/29 19:00,59.7373085
2022/5/29 20:00,0
2022/5/29 21:00,0
2022/5/29 22:00,0
2022/5/29 23:00,0
2022/5/30 0:00,0
2022/5/30 1:00,0
2022/5/30 2:00,0
2022/5/30 3:00,0
2022/5/30 4:00,0
2022/5/30 5:00,0
2022/5/30 6:00,3.12955451
2022/5/30 7:00,114.2978134
2022/5/30 8:00,327.5619507
2022/5/30 9:00,542.6620483
2022/5/30 10:00,729.7441406
2022/5/30 11:00,872.0221558
2022/5/30 12:00,957.0610962
2022/5/30 13:00,977.6103516
2022/5/30 14:00,931.8723145
2022/5/30 15:00,824.7614746
2022/5/30 16:00,665.0231934
2022/5/30 17:00,464.7634583
2022/5/30 18:00,246.1215515
2022/5/30 19:00,56.51277924
2022/5/30 20:00,0
2022/5/30 21:00,0
2022/5/30 22:00,0
2022/5/30 23:00,0
2022/5/31 0:00,0
2022/5/31 1:00,0
2022/5/31 2:00,0
2022/5/31 3:00,0
2022/5/31 4:00,0
2022/5/31 5:00,0
2022/5/31 6:00,3.031730413
2022/5/31 7:00,109.5698471
2022/5/31 8:00,320.7294312
2022/5/31 9:00,535.7462158
2022/5/31 10:00,722.0580444
2022/5/31 11:00,863.6744995
2022/5/31 12:00,949.8622437
2022/5/31 13:00,973.3461304
2022/5/31 14:00,930.7692261
2022/5/31 15:00,826.2974243
2022/5/31 16:00,668.548645
2022/5/31 17:00,470.3460693
2022/5/31 18:00,251.7462158
2022/5/31 19:00,58.56705475
2022/5/31 20:00,0
2022/5/31 21:00,0
2022/5/31 22:00,0
2022/5/31 23:00,0
2022/6/1 0:00,0
2022/6/1 1:00,0
2022/6/1 2:00,0
2022/6/1 3:00,0
2022/6/1 4:00,0
2022/6/1 5:00,0
2022/6/1 6:00,2.971422911
2022/6/1 7:00,103.5312576
2022/6/1 8:00,309.2865601
2022/6/1 9:00,527.5136108
2022/6/1 10:00,721.3615723
2022/6/1 11:00,869.4326172
2022/6/1 12:00,958.3041382
2022/6/1 13:00,981.2218018
2022/6/1 14:00,937.9596558
2022/6/1 15:00,833.052124
2022/6/1 16:00,675.0477905
2022/6/1 17:00,476.1282349
2022/6/1 18:00,256.6376648
2022/6/1 19:00,61.1500473
2022/6/1 20:00,0
2022/6/1 21:00,0
2022/6/1 22:00,0
2022/6/1 23:00,0
2022/6/2 0:00,0
2022/6/2 1:00,0
2022/6/2 2:00,0
2022/6/2 3:00,0
2022/6/2 4:00,0
2022/6/2 5:00,0
2022/6/2 6:00,2.976664305
2022/6/2 7:00,101.5946274
2022/6/2 8:00,304.5206604
2022/6/2 9:00,522.0477905
2022/6/2 10:00,716.6434326
2022/6/2 11:00,865.5144043
2022/6/2 12:00,954.5843506
2022/6/2 13:00,977.1898804
2022/6/2 14:00,933.5112915
2022/6/2 15:00,827.3959961
2022/6/2 16:00,667.4743652
2022/6/2 17:00,466.8124084
2022/6/2 18:00,246.9876709
2022/6/2 19:00,57.40172577
2022/6/2 20:00,0
2022/6/2 21:00,0
2022/6/2 22:00,0
2022/6/2 23:00,0
2022/6/3 0:00,0
2022/6/3 1:00,0
2022/6/3 2:00,0
2022/6/3 3:00,0
2022/6/3 4:00,0
2022/6/3 5:00,0
2022/6/3 6:00,2.979782581
2022/6/3 7:00,101.4407806
2022/6/3 8:00,305.5636597
2022/6/3 9:00,524.1137085
2022/6/3 10:00,719.0742798
2022/6/3 11:00,868.1905518
2022/6/3 12:00,958.1192017
2022/6/3 13:00,982.3806152
2022/6/3 14:00,941.0144043
2022/6/3 15:00,836.4881592
2022/6/3 16:00,677.0108032
2022/6/3 17:00,476.6063843
2022/6/3 18:00,255.9381256
2022/6/3 19:00,61.07151413
2022/6/3 20:00,4.15E-17
2022/6/3 21:00,0
2022/6/3 22:00,0
2022/6/3 23:00,0
2022/6/4 0:00,0
2022/6/4 1:00,0
2022/6/4 2:00,0
2022/6/4 3:00,0
2022/6/4 4:00,0
2022/6/4 5:00,0
2022/6/4 6:00,3.127039433
2022/6/4 7:00,107.8505783
2022/6/4 8:00,317.6464233
2022/6/4 9:00,533.0139771
2022/6/4 10:00,719.9251709
2022/6/4 11:00,862.0994873
2022/6/4 12:00,949.2567139
2022/6/4 13:00,974.0255737
2022/6/4 14:00,932.454895
2022/6/4 15:00,828.6363525
2022/6/4 16:00,671.0987549
2022/6/4 17:00,472.6615906
2022/6/4 18:00,253.5089569
2022/6/4 19:00,60.70546341
2022/6/4 20:00,6.20E-17
2022/6/4 21:00,0
2022/6/4 22:00,0
2022/6/4 23:00,0
2022/6/5 0:00,0
2022/6/5 1:00,0
2022/6/5 2:00,0
2022/6/5 3:00,0
2022/6/5 4:00,0
2022/6/5 5:00,0
2022/6/5 6:00,3.086928368
2022/6/5 7:00,104.9998016
2022/6/5 8:00,311.4378967
2022/6/5 9:00,528.9416504
2022/6/5 10:00,721.8286133
2022/6/5 11:00,869.586792
2022/6/5 12:00,959.5806885
2022/6/5 13:00,984.8796387
2022/6/5 14:00,944.3024292
2022/6/5 15:00,841.6210327
2022/6/5 16:00,685.2005005
2022/6/5 17:00,487.6929016
2022/6/5 18:00,267.4819336
2022/6/5 19:00,66.74009705
2022/6/5 20:00,0.008846195
2022/6/5 21:00,0
2022/6/5 22:00,0
2022/6/5 23:00,0
2022/6/6 0:00,0
2022/6/6 1:00,0
2022/6/6 2:00,0
2022/6/6 3:00,0
2022/6/6 4:00,0
2022/6/6 5:00,0
2022/6/6 6:00,3.078419209
2022/6/6 7:00,104.5757523
2022/6/6 8:00,311.0659485
2022/6/6 9:00,528.2279053
2022/6/6 10:00,719.8320923
2022/6/6 11:00,866.2223511
2022/6/6 12:00,953.9998779
2022/6/6 13:00,976.3520508
2022/6/6 14:00,933.0895996
2022/6/6 15:00,828.9904785
2022/6/6 16:00,672.5827637
2022/6/6 17:00,475.7536926
2022/6/6 18:00,257.4138184
2022/6/6 19:00,62.96417236
2022/6/6 20:00,0.01411342
2022/6/6 21:00,0
2022/6/6 22:00,0
2022/6/6 23:00,0
2022/6/7 0:00,0
2022/6/7 1:00,0
2022/6/7 2:00,0
2022/6/7 3:00,0
2022/6/7 4:00,0
2022/6/7 5:00,0
2022/6/7 6:00,2.974821091
2022/6/7 7:00,99.34152222
2022/6/7 8:00,300.6174011
2022/6/7 9:00,515.4173584
2022/6/7 10:00,705.6378784
2022/6/7 11:00,851.4779663
2022/6/7 12:00,939.0671387
2022/6/7 13:00,961.3248291
2022/6/7 14:00,917.7325439
2022/6/7 15:00,814.1195068
2022/6/7 16:00,659.1393433
2022/6/7 17:00,463.8548279
2022/6/7 18:00,248.1165771
2022/6/7 19:00,60.14756393
2022/6/7 20:00,0.019326955
2022/6/7 21:00,0
2022/6/7 22:00,0
2022/6/7 23:00,0
2022/6/8 0:00,0
2022/6/8 1:00,0
2022/6/8 2:00,0
2022/6/8 3:00,0
2022/6/8 4:00,0
2022/6/8 5:00,0
2022/6/8 6:00,3.044915915
2022/6/8 7:00,102.4515228
2022/6/8 8:00,305.3519287
2022/6/8 9:00,520.4081421
2022/6/8 10:00,711.348938
2022/6/8 11:00,857.6573486
2022/6/8 12:00,948.0828247
2022/6/8 13:00,975.6564331
2022/6/8 14:00,937.8346558
2022/6/8 15:00,836.6585693
2022/6/8 16:00,680.4708862
2022/6/8 17:00,483.8365173
2022/6/8 18:00,265.3612976
2022/6/8 19:00,67.09844208
2022/6/8 20:00,0.036509328
2022/6/8 21:00,0
2022/6/8 22:00,0
2022/6/8 23:00,0
2022/6/9 0:00,0
2022/6/9 1:00,0
2022/6/9 2:00,0
2022/6/9 3:00,0
2022/6/9 4:00,0
2022/6/9 5:00,0
2022/6/9 6:00,3.046687841
2022/6/9 7:00,104.337532
2022/6/9 8:00,308.9888306
2022/6/9 9:00,522.2085571
2022/6/9 10:00,709.4065552
2022/6/9 11:00,852.3110962
2022/6/9 12:00,938.9892578
2022/6/9 13:00,962.4506836
2022/6/9 14:00,920.6729736
2022/6/9 15:00,817.5639648
2022/6/9 16:00,661.4597778
2022/6/9 17:00,464.9571228
2022/6/9 18:00,249.4711609
2022/6/9 19:00,61.66688919
2022/6/9 20:00,0.046222273
2022/6/9 21:00,0
2022/6/9 22:00,0
2022/6/9 23:00,0
2022/6/10 0:00,0
2022/6/10 1:00,0
2022/6/10 2:00,0
2022/6/10 3:00,0
2022/6/10 4:00,0
2022/6/10 5:00,0
2022/6/10 6:00,2.982825041
2022/6/10 7:00,101.7647476
2022/6/10 8:00,305.6447144
2022/6/10 9:00,519.9902954
2022/6/10 10:00,708.1316528
2022/6/10 11:00,851.8835449
2022/6/10 12:00,939.5395508
2022/6/10 13:00,964.177124
2022/6/10 14:00,923.6156616
2022/6/10 15:00,822.4813843
2022/6/10 16:00,669.260376
2022/6/10 17:00,475.7487183
2022/6/10 18:00,260.8283386
2022/6/10 19:00,66.82530212
2022/6/10 20:00,0.058615163
2022/6/10 21:00,0
2022/6/10 22:00,0
2022/6/10 23:00,0
2022/6/11 0:00,0
2022/6/11 1:00,0
2022/6/11 2:00,0
2022/6/11 3:00,0
2022/6/11 4:00,0
2022/6/11 5:00,0
2022/6/11 6:00,2.992539883
2022/6/11 7:00,102.8144684
2022/6/11 8:00,306.7794495
2022/6/11 9:00,520.6174927
2022/6/11 10:00,708.9328003
2022/6/11 11:00,853.1647949
2022/6/11 12:00,941.6707764
2022/6/11 13:00,967.3641968
2022/6/11 14:00,927.9505615
2022/6/11 15:00,825.4957886
2022/6/11 16:00,667.9616089
2022/6/11 17:00,469.4091187
2022/6/11 18:00,251.923233
2022/6/11 19:00,63.01045609
2022/6/11 20:00,0.079457209
2022/6/11 21:00,0
2022/6/11 22:00,0
2022/6/11 23:00,0
2022/6/12 0:00,0
2022/6/12 1:00,0
2022/6/12 2:00,0
2022/6/12 3:00,0
2022/6/12 4:00,0
2022/6/12 5:00,0
2022/6/12 6:00,2.921220779
2022/6/12 7:00,99.44086456
2022/6/12 8:00,300.9832458
2022/6/12 9:00,514.2509766
2022/6/12 10:00,701.5906372
2022/6/12 11:00,844.916687
2022/6/12 12:00,933.4497681
2022/6/12 13:00,959.9412842
2022/6/12 14:00,920.8234253
2022/6/12 15:00,818.5631104
2022/6/12 16:00,661.2147217
2022/6/12 17:00,462.9599609
2022/6/12 18:00,247.5070648
2022/6/12 19:00,62.57278442
2022/6/12 20:00,0.095528826
2022/6/12 21:00,0
2022/6/12 22:00,0
2022/6/12 23:00,0
2022/6/13 0:00,0
2022/6/13 1:00,0
2022/6/13 2:00,0
2022/6/13 3:00,0
2022/6/13 4:00,0
2022/6/13 5:00,0
2022/6/13 6:00,2.872897148
2022/6/13 7:00,99.28429413
2022/6/13 8:00,303.9101868
2022/6/13 9:00,520.5623169
2022/6/13 10:00,709.5384521
2022/6/13 11:00,854.2283936
2022/6/13 12:00,943.432373
2022/6/13 13:00,969.8134766
2022/6/13 14:00,930.1777344
2022/6/13 15:00,828.1969604
2022/6/13 16:00,672.0648193
2022/6/13 17:00,474.6698608
2022/6/13 18:00,256.5723267
2022/6/13 19:00,65.20480347
2022/6/13 20:00,0.112398848
2022/6/13 21:00,0
2022/6/13 22:00,0
2022/6/13 23:00,0
2022/6/14 0:00,0
2022/6/14 1:00,0
2022/6/14 2:00,0
2022/6/14 3:00,0
2022/6/14 4:00,0
2022/6/14 5:00,0
2022/6/14 6:00,2.915245295
2022/6/14 7:00,102.1742859
2022/6/14 8:00,307.4135132
2022/6/14 9:00,520.7092896
2022/6/14 10:00,705.8586426
2022/6/14 11:00,846.960144
2022/6/14 12:00,931.9920654
2022/6/14 13:00,953.7821655
2022/6/14 14:00,909.8865967
2022/6/14 15:00,805.8586426
2022/6/14 16:00,650.2594604
2022/6/14 17:00,454.8107605
2022/6/14 18:00,242.831192
2022/6/14 19:00,61.82820511
2022/6/14 20:00,0.13408713
2022/6/14 21:00,0
2022/6/14 22:00,0
2022/6/14 23:00,0
2022/6/15 0:00,0
2022/6/15 1:00,0
2022/6/15 2:00,0
2022/6/15 3:00,0
2022/6/15 4:00,0
2022/6/15 5:00,0
2022/6/15 6:00,2.77348876
2022/6/15 7:00,97.60616302
2022/6/15 8:00,299.2210083
2022/6/15 9:00,513.3095703
2022/6/15 10:00,700.7766724
2022/6/15 11:00,844.2143555
2022/6/15 12:00,934.1599121
2022/6/15 13:00,963.453186
2022/6/15 14:00,927.458374
2022/6/15 15:00,826.7357788
2022/6/15 16:00,669.2398071
2022/6/15 17:00,470.7707214
2022/6/15 18:00,253.7977448
2022/6/15 19:00,65.28089142
2022/6/15 20:00,0.156946301
2022/6/15 21:00,0
2022/6/15 22:00,0
2022/6/15 23:00,0
2022/6/16 0:00,0
2022/6/16 1:00,0
2022/6/16 2:00,0
2022/6/16 3:00,0
2022/6/16 4:00,0
2022/6/16 5:00,0
2022/6/16 6:00,2.731791019
2022/6/16 7:00,98.19554138
2022/6/16 8:00,301.4653931
2022/6/16 9:00,516.2906494
2022/6/16 10:00,704.7460938
2022/6/16 11:00,849.6153564
2022/6/16 12:00,937.2409668
2022/6/16 13:00,960.3009033
2022/6/16 14:00,917.7949829
2022/6/16 15:00,814.9782715
2022/6/16 16:00,660.1013184
2022/6/16 17:00,464.4812622
2022/6/16 18:00,250.3476105
2022/6/16 19:00,64.67585754
2022/6/16 20:00,0.174894854
2022/6/16 21:00,0
2022/6/16 22:00,0
2022/6/16 23:00,0
2022/6/17 0:00,0
2022/6/17 1:00,0
2022/6/17 2:00,0
2022/6/17 3:00,0
2022/6/17 4:00,0
2022/6/17 5:00,0
2022/6/17 6:00,2.750675917
2022/6/17 7:00,101.3313599
2022/6/17 8:00,308.1611023
2022/6/17 9:00,526.4465942
2022/6/17 10:00,719.2202148
2022/6/17 11:00,867.899353
2022/6/17 12:00,959.6831055
2022/6/17 13:00,987.4721069
2022/6/17 14:00,950.0292969
2022/6/17 15:00,850.6921387
2022/6/17 16:00,697.5706787
2022/6/17 17:00,503.156311
2022/6/17 18:00,284.9775391
2022/6/17 19:00,79.50801849
2022/6/17 20:00,0.220850751
2022/6/17 21:00,0
2022/6/17 22:00,0
2022/6/17 23:00,0
2022/6/18 0:00,0
2022/6/18 1:00,0
2022/6/18 2:00,0
2022/6/18 3:00,0
2022/6/18 4:00,0
2022/6/18 5:00,0
2022/6/18 6:00,2.860817909
2022/6/18 7:00,107.6429901
2022/6/18 8:00,316.6851501
2022/6/18 9:00,533.2085571
2022/6/18 10:00,724.0686035
2022/6/18 11:00,870.7714233
2022/6/18 12:00,960.5278931
2022/6/18 13:00,986.1642456
2022/6/18 14:00,946.2703857
2022/6/18 15:00,844.1060791
2022/6/18 16:00,687.8082886
2022/6/18 17:00,490.0432434
2022/6/18 18:00,270.6764221
2022/6/18 19:00,72.43579102
2022/6/18 20:00,0.230326906
2022/6/18 21:00,0
2022/6/18 22:00,0
2022/6/18 23:00,0
2022/6/19 0:00,0
2022/6/19 1:00,0
2022/6/19 2:00,0
2022/6/19 3:00,0
2022/6/19 4:00,0
2022/6/19 5:00,0
2022/6/19 6:00,2.610326529
2022/6/19 7:00,98.75004578
2022/6/19 8:00,302.0166321
2022/6/19 9:00,517.3474121
2022/6/19 10:00,706.9924927
2022/6/19 11:00,852.6228638
2022/6/19 12:00,944.1265259
2022/6/19 13:00,974.3210449
2022/6/19 14:00,938.9146118
2022/6/19 15:00,840.4794922
2022/6/19 16:00,687.1436768
2022/6/19 17:00,492.3360596
2022/6/19 18:00,275.3278198
2022/6/19 19:00,75.87143707
2022/6/19 20:00,0.256528139
2022/6/19 21:00,0
2022/6/19 22:00,0
2022/6/19 23:00,0
2022/6/20 0:00,0
2022/6/20 1:00,0
2022/6/20 2:00,0
2022/6/20 3:00,0
2022/6/20 4:00,0
2022/6/20 5:00,0
2022/6/20 6:00,2.559680462
2022/6/20 7:00,98.89212799
2022/6/20 8:00,304.0509644
2022/6/20 9:00,521.6156616
2022/6/20 10:00,713.6081543
2022/6/20 11:00,861.552063
2022/6/20 12:00,953.6222534
2022/6/20 13:00,982.6033325
2022/6/20 14:00,945.9920044
2022/6/20 15:00,847.5239868
2022/6/20 16:00,695.2017822
2022/6/20 17:00,500.9752502
2022/6/20 18:00,282.6315308
2022/6/20 19:00,78.98815155
2022/6/20 20:00,0.284144223
2022/6/20 21:00,0
2022/6/20 22:00,0
2022/6/20 23:00,0
2022/6/21 0:00,0
2022/6/21 1:00,0
2022/6/21 2:00,0
2022/6/21 3:00,0
2022/6/21 4:00,0
2022/6/21 5:00,0
2022/6/21 6:00,2.555409908
2022/6/21 7:00,101.9087906
2022/6/21 8:00,306.7814941
2022/6/21 9:00,521.9168701
2022/6/21 10:00,712.6085815
2022/6/21 11:00,859.467041
2022/6/21 12:00,950.9154053
2022/6/21 13:00,979.5777588
2022/6/21 14:00,942.5171509
2022/6/21 15:00,843.2380371
2022/6/21 16:00,689.8284912
2022/6/21 17:00,494.6729126
2022/6/21 18:00,277.1022644
2022/6/21 19:00,76.79776001
2022/6/21 20:00,0.307014495
2022/6/21 21:00,0
2022/6/21 22:00,0
2022/6/21 23:00,0
2022/6/22 0:00,0
2022/6/22 1:00,0
2022/6/22 2:00,0
2022/6/22 3:00,0
2022/6/22 4:00,0
2022/6/22 5:00,0
2022/6/22 6:00,2.650851488
2022/6/22 7:00,109.3583832
2022/6/22 8:00,322.7591248
2022/6/22 9:00,541.8591919
2022/6/22 10:00,734.2703857
2022/6/22 11:00,882.2138062
2022/6/22 12:00,973.4667969
2022/6/22 13:00,1000.885681
2022/6/22 14:00,962.5999146
2022/6/22 15:00,861.9838257
2022/6/22 16:00,707.2052002
2022/6/22 17:00,510.8578186
2022/6/22 18:00,290.9852295
2022/6/22 19:00,83.29428864
2022/6/22 20:00,0.345382452
2022/6/22 21:00,0
2022/6/22 22:00,0
2022/6/22 23:00,0
2022/6/23 0:00,0
2022/6/23 1:00,0
2022/6/23 2:00,0
2022/6/23 3:00,0
2022/6/23 4:00,0
2022/6/23 5:00,0
2022/6/23 6:00,2.539334536
2022/6/23 7:00,107.3275681
2022/6/23 8:00,317.4613342
2022/6/23 9:00,534.2091064
2022/6/23 10:00,725.0132446
2022/6/23 11:00,871.8130493
2022/6/23 12:00,962.3742676
2022/6/23 13:00,989.4162598
2022/6/23 14:00,950.7941895
2022/6/23 15:00,850.6837769
2022/6/23 16:00,697.1954346
2022/6/23 17:00,502.0209045
2022/6/23 18:00,284.3929443
2022/6/23 19:00,81.18990326
2022/6/23 20:00,0.360811025
2022/6/23 21:00,0
2022/6/23 22:00,0
2022/6/23 23:00,0
2022/6/24 0:00,0
2022/6/24 1:00,0
2022/6/24 2:00,0
2022/6/24 3:00,0
2022/6/24 4:00,0
2022/6/24 5:00,0
2022/6/24 6:00,2.546826601
2022/6/24 7:00,110.6244812
2022/6/24 8:00,322.6751404
2022/6/24 9:00,538.0019531
2022/6/24 10:00,726.2333984
2022/6/24 11:00,870.8455811
2022/6/24 12:00,960.369812
2022/6/24 13:00,987.4038086
2022/6/24 14:00,948.8934937
2022/6/24 15:00,849.2671509
2022/6/24 16:00,696.7247314
2022/6/24 17:00,502.7408447
2022/6/24 18:00,286.1877136
2022/6/24 19:00,82.7281189
2022/6/24 20:00,0.385836005
2022/6/24 21:00,0
2022/6/24 22:00,0
2022/6/24 23:00,0
2022/6/25 0:00,0
2022/6/25 1:00,0
2022/6/25 2:00,0
2022/6/25 3:00,0
2022/6/25 4:00,0
2022/6/25 5:00,0
2022/6/25 6:00,2.406990767
2022/6/25 7:00,108.3106766
2022/6/25 8:00,318.87854
2022/6/25 9:00,533.1466064
2022/6/25 10:00,720.6408691
2022/6/25 11:00,864.8461304
2022/6/25 12:00,953.9310913
2022/6/25 13:00,980.5075684
2022/6/25 14:00,941.9135132
2022/6/25 15:00,843.0808716
2022/6/25 16:00,692.2369995
2022/6/25 17:00,500.2557373
2022/6/25 18:00,285.2500916
2022/6/25 19:00,82.52359772
2022/6/25 20:00,0.402154267
2022/6/25 21:00,0
2022/6/25 22:00,0
2022/6/25 23:00,0
2022/6/26 0:00,0
2022/6/26 1:00,0
2022/6/26 2:00,0
2022/6/26 3:00,0
2022/6/26 4:00,0
2022/6/26 5:00,0
2022/6/26 6:00,2.25873065
2022/6/26 7:00,105.3905029
2022/6/26 8:00,314.6651306
2022/6/26 9:00,529.0602417
2022/6/26 10:00,717.036438
2022/6/26 11:00,861.6051025
2022/6/26 12:00,951.8181763
2022/6/26 13:00,980.4240112
2022/6/26 14:00,943.9733887
2022/6/26 15:00,846.2030029
2022/6/26 16:00,695.1190186
2022/6/26 17:00,502.5517883
2022/6/26 18:00,287.5264282
2022/6/26 19:00,84.3271637
2022/6/26 20:00,0.42528823
2022/6/26 21:00,0
2022/6/26 22:00,0
2022/6/26 23:00,0
2022/6/27 0:00,0
2022/6/27 1:00,0
2022/6/27 2:00,0
2022/6/27 3:00,0
2022/6/27 4:00,0
2022/6/27 5:00,0
2022/6/27 6:00,2.230704308
2022/6/27 7:00,107.3685913
2022/6/27 8:00,318.3159485
2022/6/27 9:00,533.7080078
2022/6/27 10:00,722.8969116
2022/6/27 11:00,868.6898193
2022/6/27 12:00,959.4267578
2022/6/27 13:00,987.7653198
2022/6/27 14:00,950.8569336
2022/6/27 15:00,852.7286987
2022/6/27 16:00,701.2799072
2022/6/27 17:00,507.9423218
2022/6/27 18:00,291.0648804
2022/6/27 19:00,85.39781952
2022/6/27 20:00,0.453969032
2022/6/27 21:00,0
2022/6/27 22:00,0
2022/6/27 23:00,0
2022/6/28 0:00,0
2022/6/28 1:00,0
2022/6/28 2:00,0
2022/6/28 3:00,0
2022/6/28 4:00,0
2022/6/28 5:00,0
2022/6/28 6:00,2.096221209
2022/6/28 7:00,104.465004
2022/6/28 8:00,314.2248535
2022/6/28 9:00,530.0680542
2022/6/28 10:00,720.2181396
2022/6/28 11:00,867.1497192
2022/6/28 12:00,958.6672363
2022/6/28 13:00,987.1102905
2022/6/28 14:00,949.6860962
2022/6/28 15:00,850.4042358
2022/6/28 16:00,697.3805542
2022/6/28 17:00,502.3461304
2022/6/28 18:00,284.5740051
2022/6/28 19:00,81.83650208
2022/6/28 20:00,0.455475241
2022/6/28 21:00,0
2022/6/28 22:00,0
2022/6/28 23:00,0
2022/6/29 0:00,0
2022/6/29 1:00,0
2022/6/29 2:00,0
2022/6/29 3:00,0
2022/6/29 4:00,0
2022/6/29 5:00,0
2022/6/29 6:00,1.896709442
2022/6/29 7:00,99.98033142
2022/6/29 8:00,307.7244263
2022/6/29 9:00,522.7085571
2022/6/29 10:00,712.0918579
2022/6/29 11:00,858.3378296
2022/6/29 12:00,949.4081421
2022/6/29 13:00,977.8032837
2022/6/29 14:00,940.9938965
2022/6/29 15:00,842.1988525
2022/6/29 16:00,689.6529541
2022/6/29 17:00,495.8854065
2022/6/29 18:00,280.2310791
2022/6/29 19:00,80.14992523
2022/6/29 20:00,0.454215556
2022/6/29 21:00,0
2022/6/29 22:00,0
2022/6/29 23:00,0
2022/6/30 0:00,0
2022/6/30 1:00,0
2022/6/30 2:00,0
2022/6/30 3:00,0
2022/6/30 4:00,0
2022/6/30 5:00,0
2022/6/30 6:00,1.737251043
2022/6/30 7:00,94.62615204
2022/6/30 8:00,298.7703247
2022/6/30 9:00,513.859314
2022/6/30 10:00,704.4291382
2022/6/30 11:00,851.9411011
2022/6/30 12:00,943.7750244
2022/6/30 13:00,972.5770264
2022/6/30 14:00,936.6467285
2022/6/30 15:00,840.1573486
2022/6/30 16:00,691.2318726
2022/6/30 17:00,501.3490295
2022/6/30 18:00,287.2434998
2022/6/30 19:00,83.5136261
2022/6/30 20:00,0.478088528
2022/6/30 21:00,0
2022/6/30 22:00,0
2022/6/30 23:00,0
2022/7/1 0:00,0
2022/7/1 1:00,0
2022/7/1 2:00,0
2022/7/1 3:00,0
2022/7/1 4:00,0
2022/7/1 5:00,0
2022/7/1 6:00,1.725540996
2022/7/1 7:00,99.06608582
2022/7/1 8:00,306.3486023
2022/7/1 9:00,520.6764526
2022/7/1 10:00,708.9405518
2022/7/1 11:00,854.1784668
2022/7/1 12:00,945.7131348
2022/7/1 13:00,976.1930542
2022/7/1 14:00,942.0164795
2022/7/1 15:00,845.5036621
2022/7/1 16:00,694.7720337
2022/7/1 17:00,503.1085815
2022/7/1 18:00,287.190033
2022/7/1 19:00,82.41287231
2022/7/1 20:00,0.47539103
2022/7/1 21:00,0
2022/7/1 22:00,0
2022/7/1 23:00,0
2022/7/2 0:00,0
2022/7/2 1:00,0
2022/7/2 2:00,0
2022/7/2 3:00,0
2022/7/2 4:00,0
2022/7/2 5:00,0
2022/7/2 6:00,1.570535779
2022/7/2 7:00,94.5220108
2022/7/2 8:00,298.4139709
2022/7/2 9:00,512.7625122
2022/7/2 10:00,702.9006958
2022/7/2 11:00,850.0286865
2022/7/2 12:00,940.8426514
2022/7/2 13:00,968.0130005
2022/7/2 14:00,930.4732056
2022/7/2 15:00,832.3369751
2022/7/2 16:00,681.6653442
2022/7/2 17:00,489.7418823
2022/7/2 18:00,276.2704773
2022/7/2 19:00,78.92333221
2022/7/2 20:00,0.474718928
2022/7/2 21:00,0
2022/7/2 22:00,0
2022/7/2 23:00,0
2022/7/3 0:00,0
2022/7/3 1:00,0
2022/7/3 2:00,0
2022/7/3 3:00,0
2022/7/3 4:00,0
2022/7/3 5:00,0
2022/7/3 6:00,1.493124366
2022/7/3 7:00,93.74542999
2022/7/3 8:00,297.4343567
2022/7/3 9:00,509.6451721
2022/7/3 10:00,695.5183716
2022/7/3 11:00,839.0067749
2022/7/3 12:00,930.7557373
2022/7/3 13:00,962.9019775
2022/7/3 14:00,929.8962402
2022/7/3 15:00,834.3534546
2022/7/3 16:00,684.3756714
2022/7/3 17:00,493.1442871
2022/7/3 18:00,278.8933716
2022/7/3 19:00,79.40640259
2022/7/3 20:00,0.481828123
2022/7/3 21:00,0
2022/7/3 22:00,0
2022/7/3 23:00,0
2022/7/4 0:00,0
2022/7/4 1:00,0
2022/7/4 2:00,0
2022/7/4 3:00,0
2022/7/4 4:00,0
2022/7/4 5:00,0
2022/7/4 6:00,1.353043437
2022/7/4 7:00,87.06632233
2022/7/4 8:00,285.8561096
2022/7/4 9:00,499.7929382
2022/7/4 10:00,689.6645508
2022/7/4 11:00,836.5864258
2022/7/4 12:00,927.2127686
2022/7/4 13:00,954.222229
2022/7/4 14:00,916.2856445
2022/7/4 15:00,817.0076904
2022/7/4 16:00,664.1238403
2022/7/4 17:00,469.6822205
2022/7/4 18:00,256.7972412
2022/7/4 19:00,70.36698914
2022/7/4 20:00,0.460735947
2022/7/4 21:00,0
2022/7/4 22:00,0
2022/7/4 23:00,0
2022/7/5 0:00,0
2022/7/5 1:00,0
2022/7/5 2:00,0
2022/7/5 3:00,0
2022/7/5 4:00,0
2022/7/5 5:00,0
2022/7/5 6:00,1.218357682
2022/7/5 7:00,80.93196106
2022/7/5 8:00,271.6863708
2022/7/5 9:00,485.3570862
2022/7/5 10:00,680.0412598
2022/7/5 11:00,832.2179565
2022/7/5 12:00,927.2780762
2022/7/5 13:00,957.7406006
2022/7/5 14:00,923.1603394
2022/7/5 15:00,825.6735229
2022/7/5 16:00,672.992981
2022/7/5 17:00,478.5762939
2022/7/5 18:00,264.7949524
2022/7/5 19:00,73.79763031
2022/7/5 20:00,0.470196277
2022/7/5 21:00,0
2022/7/5 22:00,0
2022/7/5 23:00,0
2022/7/6 0:00,0
2022/7/6 1:00,0
2022/7/6 2:00,0
2022/7/6 3:00,0
2022/7/6 4:00,0
2022/7/6 5:00,0
2022/7/6 6:00,1.201501131
2022/7/6 7:00,87.2569046
2022/7/6 8:00,287.3876038
2022/7/6 9:00,502.8856812
2022/7/6 10:00,695.1196289
2022/7/6 11:00,844.2686768
2022/7/6 12:00,937.4732666
2022/7/6 13:00,967.3991089
2022/7/6 14:00,932.3502808
2022/7/6 15:00,835.8448486
2022/7/6 16:00,685.7766724
2022/7/6 17:00,494.027771
2022/7/6 18:00,279.1071167
2022/7/6 19:00,79.50145721
2022/7/6 20:00,0.47858423
2022/7/6 21:00,0
2022/7/6 22:00,0
2022/7/6 23:00,0
2022/7/7 0:00,0
2022/7/7 1:00,0
2022/7/7 2:00,0
2022/7/7 3:00,0
2022/7/7 4:00,0
2022/7/7 5:00,0
2022/7/7 6:00,1.146734834
2022/7/7 7:00,89.82892609
2022/7/7 8:00,292.5895691
2022/7/7 9:00,506.8621521
2022/7/7 10:00,696.8358154
2022/7/7 11:00,844.3974609
2022/7/7 12:00,938.1963501
2022/7/7 13:00,970.435791
2022/7/7 14:00,937.3101807
2022/7/7 15:00,841.1268921
2022/7/7 16:00,689.8861084
2022/7/7 17:00,496.7506714
2022/7/7 18:00,281.2254944
2022/7/7 19:00,80.95991516
2022/7/7 20:00,0.48656106
2022/7/7 21:00,0
2022/7/7 22:00,0
2022/7/7 23:00,0
2022/7/8 0:00,0
2022/7/8 1:00,0
2022/7/8 2:00,0
2022/7/8 3:00,0
2022/7/8 4:00,0
2022/7/8 5:00,0
2022/7/8 6:00,1.085540175
2022/7/8 7:00,91.19630432
2022/7/8 8:00,297.8416443
2022/7/8 9:00,515.4194336
2022/7/8 10:00,707.8978882
2022/7/8 11:00,857.1331787
2022/7/8 12:00,950.8817749
2022/7/8 13:00,981.696167
2022/7/8 14:00,947.1270752
2022/7/8 15:00,851.0499268
2022/7/8 16:00,701.2763672
2022/7/8 17:00,509.1901855
2022/7/8 18:00,292.3381653
2022/7/8 19:00,85.8272934
2022/7/8 20:00,0.496450573
2022/7/8 21:00,0
2022/7/8 22:00,0
2022/7/8 23:00,0
2022/7/9 0:00,0
2022/7/9 1:00,0
2022/7/9 2:00,0
2022/7/9 3:00,0
2022/7/9 4:00,0
2022/7/9 5:00,0
2022/7/9 6:00,1.062417626
2022/7/9 7:00,96.8083725
2022/7/9 8:00,308.0495911
2022/7/9 9:00,525.0461426
2022/7/9 10:00,715.9728394
2022/7/9 11:00,863.9077148
2022/7/9 12:00,956.3415527
2022/7/9 13:00,985.7324829
2022/7/9 14:00,949.7139893
2022/7/9 15:00,852.1191406
2022/7/9 16:00,700.697937
2022/7/9 17:00,506.7046509
2022/7/9 18:00,289.1540833
2022/7/9 19:00,84.30795288
2022/7/9 20:00,0.482896924
2022/7/9 21:00,0
2022/7/9 22:00,0
2022/7/9 23:00,0
2022/7/10 0:00,0
2022/7/10 1:00,0
2022/7/10 2:00,0
2022/7/10 3:00,0
2022/7/10 4:00,0
2022/7/10 5:00,0
2022/7/10 6:00,0.970807672
2022/7/10 7:00,93.66810608
2022/7/10 8:00,302.0342407
2022/7/10 9:00,519.6906128
2022/7/10 10:00,713.6071777
2022/7/10 11:00,864.7612305
2022/7/10 12:00,959.5444336
2022/7/10 13:00,990.064209
2022/7/10 14:00,954.5049438
2022/7/10 15:00,856.9853516
2022/7/10 16:00,705.5089722
2022/7/10 17:00,511.4455566
2022/7/10 18:00,293.2558289
2022/7/10 19:00,86.14994812
2022/7/10 20:00,0.478485107
2022/7/10 21:00,0
2022/7/10 22:00,0
2022/7/10 23:00,0
2022/7/11 0:00,0
2022/7/11 1:00,0
2022/7/11 2:00,0
2022/7/11 3:00,0
2022/7/11 4:00,0
2022/7/11 5:00,0
2022/7/11 6:00,0.858008385
2022/7/11 7:00,88.7301178
2022/7/11 8:00,295.9868774
2022/7/11 9:00,517.7984619
2022/7/11 10:00,716.2387695
2022/7/11 11:00,870.6636353
2022/7/11 12:00,967.5679932
2022/7/11 13:00,999.5212402
2022/7/11 14:00,965.0318604
2022/7/11 15:00,866.9935303
2022/7/11 16:00,713.4187012
2022/7/11 17:00,517.0213623
2022/7/11 18:00,296.8995361
2022/7/11 19:00,87.61076355
2022/7/11 20:00,0.471460164
2022/7/11 21:00,0
2022/7/11 22:00,0
2022/7/11 23:00,0
2022/7/12 0:00,0
2022/7/12 1:00,0
2022/7/12 2:00,0
2022/7/12 3:00,0
2022/7/12 4:00,0
2022/7/12 5:00,0
2022/7/12 6:00,0.855862319
2022/7/12 7:00,96.37179565
2022/7/12 8:00,308.7799988
2022/7/12 9:00,528.1923828
2022/7/12 10:00,721.8627319
2022/7/12 11:00,871.7763672
2022/7/12 12:00,966.1820679
2022/7/12 13:00,997.4951172
2022/7/12 14:00,962.3224487
2022/7/12 15:00,865.0003052
2022/7/12 16:00,713.4024658
2022/7/12 17:00,518.5629272
2022/7/12 18:00,298.98703
2022/7/12 19:00,88.94103241
2022/7/12 20:00,0.453897089
2022/7/12 21:00,0
2022/7/12 22:00,0
2022/7/12 23:00,0
2022/7/13 0:00,0
2022/7/13 1:00,0
2022/7/13 2:00,0
2022/7/13 3:00,0
2022/7/13 4:00,0
2022/7/13 5:00,0
2022/7/13 6:00,0.775173664
2022/7/13 7:00,96.34715271
2022/7/13 8:00,310.116394
2022/7/13 9:00,530.1149902
2022/7/13 10:00,724.2686157
2022/7/13 11:00,874.78125
2022/7/13 12:00,968.6009521
2022/7/13 13:00,998.2001953
2022/7/13 14:00,961.421936
2022/7/13 15:00,862.4463501
2022/7/13 16:00,709.184021
2022/7/13 17:00,512.9217529
2022/7/13 18:00,293.5774841
2022/7/13 19:00,86.17137909
2022/7/13 20:00,0.420026541
2022/7/13 21:00,0
2022/7/13 22:00,0
2022/7/13 23:00,0
2022/7/14 0:00,0
2022/7/14 1:00,0
2022/7/14 2:00,0
2022/7/14 3:00,0
2022/7/14 4:00,0
2022/7/14 5:00,0
2022/7/14 6:00,0.677582264
2022/7/14 7:00,91.15297699
2022/7/14 8:00,300.5597839
2022/7/14 9:00,518.6675415
2022/7/14 10:00,712.0358887
2022/7/14 11:00,862.203125
2022/7/14 12:00,955.9951172
2022/7/14 13:00,985.65625
2022/7/14 14:00,948.9822388
2022/7/14 15:00,849.2363281
2022/7/14 16:00,694.6049194
2022/7/14 17:00,497.5194397
2022/7/14 18:00,280.4687805
2022/7/14 19:00,80.60526276
2022/7/14 20:00,0.384581923
2022/7/14 21:00,0
2022/7/14 22:00,0
2022/7/14 23:00,0
2022/7/15 0:00,0
2022/7/15 1:00,0
2022/7/15 2:00,0
2022/7/15 3:00,0
2022/7/15 4:00,0
2022/7/15 5:00,0
2022/7/15 6:00,0.594527543
2022/7/15 7:00,87.42453003
2022/7/15 8:00,294.1295776
2022/7/15 9:00,509.4620056
2022/7/15 10:00,699.2963867
2022/7/15 11:00,846.6040649
2022/7/15 12:00,937.4538574
2022/7/15 13:00,964.0167236
2022/7/15 14:00,924.7858887
2022/7/15 15:00,825.894043
2022/7/15 16:00,675.2333984
2022/7/15 17:00,482.1484985
2022/7/15 18:00,268.3339233
2022/7/15 19:00,74.48954773
2022/7/15 20:00,0.34645173
2022/7/15 21:00,0
2022/7/15 22:00,0
2022/7/15 23:00,0
2022/7/16 0:00,0
2022/7/16 1:00,0
2022/7/16 2:00,0
2022/7/16 3:00,0
2022/7/16 4:00,0
2022/7/16 5:00,0
2022/7/16 6:00,0.519555211
2022/7/16 7:00,85.0176239
2022/7/16 8:00,290.9286499
2022/7/16 9:00,506.5696411
2022/7/16 10:00,696.3197632
2022/7/16 11:00,843.62323
2022/7/16 12:00,935.986145
2022/7/16 13:00,965.4025879
2022/7/16 14:00,928.7807617
2022/7/16 15:00,830.7340698
2022/7/16 16:00,679.1414185
2022/7/16 17:00,484.9541016
2022/7/16 18:00,269.5310059
2022/7/16 19:00,74.19039917
2022/7/16 20:00,0.324787676
2022/7/16 21:00,0
2022/7/16 22:00,0
2022/7/16 23:00,0
2022/7/17 0:00,0
2022/7/17 1:00,0
2022/7/17 2:00,0
2022/7/17 3:00,0
2022/7/17 4:00,0
2022/7/17 5:00,0
2022/7/17 6:00,0.446511775
2022/7/17 7:00,76.64369965
2022/7/17 8:00,275.7798767
2022/7/17 9:00,493.0201721
2022/7/17 10:00,686.262085
2022/7/17 11:00,836.578125
2022/7/17 12:00,931.7345581
2022/7/17 13:00,963.8754272
2022/7/17 14:00,929.7235718
2022/7/17 15:00,833.057312
2022/7/17 16:00,681.8459473
2022/7/17 17:00,487.9928589
2022/7/17 18:00,271.5065918
2022/7/17 19:00,74.2184906
2022/7/17 20:00,0.30090785
2022/7/17 21:00,0
2022/7/17 22:00,0
2022/7/17 23:00,0
2022/7/18 0:00,0
2022/7/18 1:00,0
2022/7/18 2:00,0
2022/7/18 3:00,0
2022/7/18 4:00,0
2022/7/18 5:00,0
2022/7/18 6:00,0.390349239
2022/7/18 7:00,76.26444244
2022/7/18 8:00,275.4915466
2022/7/18 9:00,493.0217285
2022/7/18 10:00,687.2553101
2022/7/18 11:00,838.6480103
2022/7/18 12:00,934.7873535
2022/7/18 13:00,967.6986694
2022/7/18 14:00,934.2127075
2022/7/18 15:00,837.3214111
2022/7/18 16:00,684.7895508
2022/7/18 17:00,489.0452576
2022/7/18 18:00,270.2161255
2022/7/18 19:00,72.55838013
2022/7/18 20:00,0.269798279
2022/7/18 21:00,0
2022/7/18 22:00,0
2022/7/18 23:00,0
2022/7/19 0:00,0
2022/7/19 1:00,0
2022/7/19 2:00,0
2022/7/19 3:00,0
2022/7/19 4:00,0
2022/7/19 5:00,0
2022/7/19 6:00,0.351878524
2022/7/19 7:00,78.37286377
2022/7/19 8:00,281.026947
2022/7/19 9:00,498.7236938
2022/7/19 10:00,692.494751
2022/7/19 11:00,843.413208
2022/7/19 12:00,939.5212402
2022/7/19 13:00,972.9240112
2022/7/19 14:00,940.1742554
2022/7/19 15:00,844.8712158
2022/7/19 16:00,695.0214844
2022/7/19 17:00,502.4529114
2022/7/19 18:00,285.0272827
2022/7/19 19:00,79.86142731
2022/7/19 20:00,0.257484615
2022/7/19 21:00,0
2022/7/19 22:00,0
2022/7/19 23:00,0
2022/7/20 0:00,0
2022/7/20 1:00,0
2022/7/20 2:00,0
2022/7/20 3:00,0
2022/7/20 4:00,0
2022/7/20 5:00,0
2022/7/20 6:00,0.314592779
2022/7/20 7:00,81.15627289
2022/7/20 8:00,287.2752991
2022/7/20 9:00,505.6575623
2022/7/20 10:00,699.2871094
2022/7/20 11:00,850.1390381
2022/7/20 12:00,947.0527344
2022/7/20 13:00,981.9095459
2022/7/20 14:00,950.3093262
2022/7/20 15:00,855.0426025
2022/7/20 16:00,704.0641479
2022/7/20 17:00,510.0536804
2022/7/20 18:00,290.8604126
2022/7/20 19:00,82.0356369
2022/7/20 20:00,0.238409474
2022/7/20 21:00,0
2022/7/20 22:00,0
2022/7/20 23:00,0
2022/7/21 0:00,0
2022/7/21 1:00,0
2022/7/21 2:00,0
2022/7/21 3:00,0
2022/7/21 4:00,0
2022/7/21 5:00,0
2022/7/21 6:00,0.284457117
2022/7/21 7:00,85.25242615
2022/7/21 8:00,297.1756897
2022/7/21 9:00,518.6170044
2022/7/21 10:00,714.9528198
2022/7/21 11:00,867.8291016
2022/7/21 12:00,964.4577637
2022/7/21 13:00,996.9214478
2022/7/21 14:00,962.401001
2022/7/21 15:00,864.7658691
2022/7/21 16:00,711.8879395
2022/7/21 17:00,515.2883301
2022/7/21 18:00,293.8196106
2022/7/21 19:00,83.18760681
2022/7/21 20:00,0.20604603
2022/7/21 21:00,0
2022/7/21 22:00,0
2022/7/21 23:00,0
2022/7/22 0:00,0
2022/7/22 1:00,0
2022/7/22 2:00,0
2022/7/22 3:00,0
2022/7/22 4:00,0
2022/7/22 5:00,0
2022/7/22 6:00,0.238570154
2022/7/22 7:00,82.53508759
2022/7/22 8:00,291.9510803
2022/7/22 9:00,512.7476807
2022/7/22 10:00,708.3043823
2022/7/22 11:00,860.1165771
2022/7/22 12:00,956.5942993
2022/7/22 13:00,989.7689209
2022/7/22 14:00,955.4395752
2022/7/22 15:00,857.5084229
2022/7/22 16:00,703.9768066
2022/7/22 17:00,506.6006165
2022/7/22 18:00,285.355072
2022/7/22 19:00,78.99461365
2022/7/22 20:00,0.175638542
2022/7/22 21:00,0
2022/7/22 22:00,0
2022/7/22 23:00,0
2022/7/23 0:00,0
2022/7/23 1:00,0
2022/7/23 2:00,0
2022/7/23 3:00,0
2022/7/23 4:00,0
2022/7/23 5:00,0
2022/7/23 6:00,0.191616401
2022/7/23 7:00,79.55175018
2022/7/23 8:00,289.290741
2022/7/23 9:00,508.4726868
2022/7/23 10:00,698.1019897
2022/7/23 11:00,844.671814
2022/7/23 12:00,938.3886719
2022/7/23 13:00,970.6402588
2022/7/23 14:00,934.5893555
2022/7/23 15:00,835.0422363
2022/7/23 16:00,680.1398926
2022/7/23 17:00,481.585907
2022/7/23 18:00,262.333374
2022/7/23 19:00,68.66403961
2022/7/23 20:00,0.142143324
2022/7/23 21:00,0
2022/7/23 22:00,0
2022/7/23 23:00,0
2022/7/24 0:00,0
2022/7/24 1:00,0
2022/7/24 2:00,0
2022/7/24 3:00,0
2022/7/24 4:00,0
2022/7/24 5:00,0
2022/7/24 6:00,0.157221198
2022/7/24 7:00,73.57523346
2022/7/24 8:00,276.4124756
2022/7/24 9:00,497.7939758
2022/7/24 10:00,694.1943359
2022/7/24 11:00,847.1183472
2022/7/24 12:00,943.3338013
2022/7/24 13:00,974.5274048
2022/7/24 14:00,937.2355347
2022/7/24 15:00,835.6447754
2022/7/24 16:00,677.7918701
2022/7/24 17:00,476.230835
2022/7/24 18:00,255.9078674
2022/7/24 19:00,65.79093933
2022/7/24 20:00,0.11134015
2022/7/24 21:00,0
2022/7/24 22:00,0
2022/7/24 23:00,0
2022/7/25 0:00,0
2022/7/25 1:00,0
2022/7/25 2:00,0
2022/7/25 3:00,0
2022/7/25 4:00,0
2022/7/25 5:00,0
2022/7/25 6:00,0.11807391
2022/7/25 7:00,67.70353699
2022/7/25 8:00,264.1707764
2022/7/25 9:00,487.5743408
2022/7/25 10:00,688.1084595
2022/7/25 11:00,844.8599854
2022/7/25 12:00,942.8983154
2022/7/25 13:00,973.9663696
2022/7/25 14:00,936.2461548
2022/7/25 15:00,835.652832
2022/7/25 16:00,680.4277954
2022/7/25 17:00,481.4996948
2022/7/25 18:00,260.9407959
2022/7/25 19:00,66.85629272
2022/7/25 20:00,0.092749208
2022/7/25 21:00,0
2022/7/25 22:00,0
2022/7/25 23:00,0
2022/7/26 0:00,0
2022/7/26 1:00,0
2022/7/26 2:00,0
2022/7/26 3:00,0
2022/7/26 4:00,0
2022/7/26 5:00,0
2022/7/26 6:00,0.101297311
2022/7/26 7:00,73.62878418
2022/7/26 8:00,282.0546265
2022/7/26 9:00,510.2813721
2022/7/26 10:00,712.7724609
2022/7/26 11:00,870.6147461
2022/7/26 12:00,969.5293579
2022/7/26 13:00,1001.474182
2022/7/26 14:00,964.6594849
2022/7/26 15:00,864.8259888
2022/7/26 16:00,710.0800781
2022/7/26 17:00,510.7501831
2022/7/26 18:00,287.1732178
2022/7/26 19:00,78.02089691
2022/7/26 20:00,0.079145156
2022/7/26 21:00,0
2022/7/26 22:00,0
2022/7/26 23:00,0
2022/7/27 0:00,0
2022/7/27 1:00,0
2022/7/27 2:00,0
2022/7/27 3:00,0
2022/7/27 4:00,0
2022/7/27 5:00,0
2022/7/27 6:00,0.083165035
2022/7/27 7:00,79.78168488
2022/7/27 8:00,292.5070801
2022/7/27 9:00,517.3922729
2022/7/27 10:00,716.9456787
2022/7/27 11:00,872.1121216
2022/7/27 12:00,967.9249878
2022/7/27 13:00,996.4163818
2022/7/27 14:00,956.5545654
2022/7/27 15:00,853.671936
2022/7/27 16:00,695.8889771
2022/7/27 17:00,493.7393188
2022/7/27 18:00,270.6782532
2022/7/27 19:00,70.20448303
2022/7/27 20:00,0.052341573
2022/7/27 21:00,0
2022/7/27 22:00,0
2022/7/27 23:00,0
2022/7/28 0:00,0
2022/7/28 1:00,0
2022/7/28 2:00,0
2022/7/28 3:00,0
2022/7/28 4:00,0
2022/7/28 5:00,0
2022/7/28 6:00,0.055542346
2022/7/28 7:00,71.96897125
2022/7/28 8:00,277.2284241
2022/7/28 9:00,502.224884
2022/7/28 10:00,703.1729736
2022/7/28 11:00,859.7134399
2022/7/28 12:00,957.2296753
2022/7/28 13:00,987.6018066
2022/7/28 14:00,948.9258423
2022/7/28 15:00,845.4373779
2022/7/28 16:00,685.4502563
2022/7/28 17:00,481.4976501
2022/7/28 18:00,257.2757568
2022/7/28 19:00,63.54056168
2022/7/28 20:00,0.035274096
2022/7/28 21:00,0
2022/7/28 22:00,0
2022/7/28 23:00,0
2022/7/29 0:00,0
2022/7/29 1:00,0
2022/7/29 2:00,0
2022/7/29 3:00,0
2022/7/29 4:00,0
2022/7/29 5:00,0
2022/7/29 6:00,0.037925355
2022/7/29 7:00,59.30600357
2022/7/29 8:00,242.5983582
2022/7/29 9:00,455.5957031
2022/7/29 10:00,644.7189331
2022/7/29 11:00,791.1260986
2022/7/29 12:00,884.720459
2022/7/29 13:00,916.4815674
2022/7/29 14:00,878.7581787
2022/7/29 15:00,775.6729736
2022/7/29 16:00,616.2872925
2022/7/29 17:00,416.8003235
2022/7/29 18:00,209.9762268
2022/7/29 19:00,49.91676331
2022/7/29 20:00,0.016054377
2022/7/29 21:00,0
2022/7/29 22:00,0
2022/7/29 23:00,0
2022/7/30 0:00,0
2022/7/30 1:00,0
2022/7/30 2:00,0
2022/7/30 3:00,0
2022/7/30 4:00,0
2022/7/30 5:00,0
2022/7/30 6:00,0.018046763
2022/7/30 7:00,48.93583679
2022/7/30 8:00,210.2108154
2022/7/30 9:00,422.1204224
2022/7/30 10:00,622.5238647
2022/7/30 11:00,782.0409546
2022/7/30 12:00,878.2496948
2022/7/30 13:00,902.9587402
2022/7/30 14:00,858.3825073
2022/7/30 15:00,756.0126953
2022/7/30 16:00,605.1304932
2022/7/30 17:00,413.8179626
2022/7/30 18:00,211.5419464
2022/7/30 19:00,50.33040619
2022/7/30 20:00,0.009362821
2022/7/30 21:00,0
2022/7/30 22:00,0
2022/7/30 23:00,0
2022/7/31 0:00,0
2022/7/31 1:00,0
2022/7/31 2:00,0
2022/7/31 3:00,0
2022/7/31 4:00,0
2022/7/31 5:00,0
2022/7/31 6:00,0.013178771
2022/7/31 7:00,53.09937286
2022/7/31 8:00,224.1796417
2022/7/31 9:00,436.1029053
2022/7/31 10:00,634.2212524
2022/7/31 11:00,790.9416504
2022/7/31 12:00,890.3012085
2022/7/31 13:00,923.444397
2022/7/31 14:00,887.2677612
2022/7/31 15:00,788.4277954
2022/7/31 16:00,635.8736572
2022/7/31 17:00,441.2742004
2022/7/31 18:00,230.2504883
2022/7/31 19:00,54.59215927
2022/7/31 20:00,6.31E-17
2022/7/31 21:00,0
2022/7/31 22:00,0
2022/7/31 23:00,0
2022/8/1 0:00,0
2022/8/1 1:00,0
2022/8/1 2:00,0
2022/8/1 3:00,0
2022/8/1 4:00,0
2022/8/1 5:00,0
2022/8/1 6:00,0.009240989
2022/8/1 7:00,71.88401031
2022/8/1 8:00,281.8572693
2022/8/1 9:00,504.7376099
2022/8/1 10:00,700.0580444
2022/8/1 11:00,851.934021
2022/8/1 12:00,947.2867432
2022/8/1 13:00,977.5905762
2022/8/1 14:00,938.8573608
2022/8/1 15:00,835.0344849
2022/8/1 16:00,674.2945557
2022/8/1 17:00,469.4745789
2022/8/1 18:00,247.9494324
2022/8/1 19:00,59.25980759
2022/8/1 20:00,3.73E-17
2022/8/1 21:00,0
2022/8/1 22:00,0
2022/8/1 23:00,0
2022/8/2 0:00,0
2022/8/2 1:00,0
2022/8/2 2:00,0
2022/8/2 3:00,0
2022/8/2 4:00,0
2022/8/2 5:00,0
2022/8/2 6:00,0
2022/8/2 7:00,67.99570465
2022/8/2 8:00,271.9529419
2022/8/2 9:00,492.5116577
2022/8/2 10:00,688.4122925
2022/8/2 11:00,841.0865479
2022/8/2 12:00,935.5974731
2022/8/2 13:00,963.6397095
2022/8/2 14:00,923.4024658
2022/8/2 15:00,816.7003784
2022/8/2 16:00,651.5474854
2022/8/2 17:00,444.1282959
2022/8/2 18:00,225.1174164
2022/8/2 19:00,50.89925385
2022/8/2 20:00,0
2022/8/2 21:00,0
2022/8/2 22:00,0
2022/8/2 23:00,0
2022/8/3 0:00,0
2022/8/3 1:00,0
2022/8/3 2:00,0
2022/8/3 3:00,0
2022/8/3 4:00,0
2022/8/3 5:00,0
2022/8/3 6:00,0
2022/8/3 7:00,56.87300491
2022/8/3 8:00,243.8783417
2022/8/3 9:00,461.3443909
2022/8/3 10:00,656.2528687
2022/8/3 11:00,807.9597778
2022/8/3 12:00,898.8234863
2022/8/3 13:00,920.7850952
2022/8/3 14:00,874.3128662
2022/8/3 15:00,766.2233887
2022/8/3 16:00,605.6182251
2022/8/3 17:00,405.7200012
2022/8/3 18:00,202.4420929
2022/8/3 19:00,45.72781372
2022/8/3 20:00,0
2022/8/3 21:00,0
2022/8/3 22:00,0
2022/8/3 23:00,0
2022/8/4 0:00,0
2022/8/4 1:00,0
2022/8/4 2:00,0
2022/8/4 3:00,0
2022/8/4 4:00,0
2022/8/4 5:00,0
2022/8/4 6:00,0
2022/8/4 7:00,66.61902618
2022/8/4 8:00,271.0870667
2022/8/4 9:00,487.649292
2022/8/4 10:00,675.4644775
2022/8/4 11:00,820.833252
2022/8/4 12:00,909.4136963
2022/8/4 13:00,932.5943604
2022/8/4 14:00,888.0479126
2022/8/4 15:00,784.7184448
2022/8/4 16:00,630.3704834
2022/8/4 17:00,433.6602783
2022/8/4 18:00,224.1222687
2022/8/4 19:00,51.01211166
2022/8/4 20:00,0
2022/8/4 21:00,0
2022/8/4 22:00,0
2022/8/4 23:00,0
2022/8/5 0:00,0
2022/8/5 1:00,0
2022/8/5 2:00,0
2022/8/5 3:00,0
2022/8/5 4:00,0
2022/8/5 5:00,0
2022/8/5 6:00,0
2022/8/5 7:00,64.59741974
2022/8/5 8:00,267.2915039
2022/8/5 9:00,486.9121399
2022/8/5 10:00,680.9576416
2022/8/5 11:00,831.8904419
2022/8/5 12:00,927.0446777
2022/8/5 13:00,957.9776611
2022/8/5 14:00,920.9628296
2022/8/5 15:00,821.3388062
2022/8/5 16:00,667.3325806
2022/8/5 17:00,469.8483276
2022/8/5 18:00,251.3356323
2022/8/5 19:00,57.75359726
2022/8/5 20:00,0
2022/8/5 21:00,0
2022/8/5 22:00,0
2022/8/5 23:00,0
2022/8/6 0:00,0
2022/8/6 1:00,0
2022/8/6 2:00,0
2022/8/6 3:00,0
2022/8/6 4:00,0
2022/8/6 5:00,0
2022/8/6 6:00,0
2022/8/6 7:00,67.45054626
2022/8/6 8:00,275.4482422
2022/8/6 9:00,497.4602966
2022/8/6 10:00,693.0474243
2022/8/6 11:00,844.711792
2022/8/6 12:00,941.3693237
2022/8/6 13:00,974.7911377
2022/8/6 14:00,939.9150391
2022/8/6 15:00,840.3949585
2022/8/6 16:00,684.1981201
2022/8/6 17:00,483.3541565
2022/8/6 18:00,259.4083557
2022/8/6 19:00,59.24261093
2022/8/6 20:00,0
2022/8/6 21:00,0
2022/8/6 22:00,0
2022/8/6 23:00,0
2022/8/7 0:00,0
2022/8/7 1:00,0
2022/8/7 2:00,0
2022/8/7 3:00,0
2022/8/7 4:00,0
2022/8/7 5:00,0
2022/8/7 6:00,0
2022/8/7 7:00,65.43122864
2022/8/7 8:00,272.7817383
2022/8/7 9:00,498.5333557
2022/8/7 10:00,698.9376831
2022/8/7 11:00,854.3740845
2022/8/7 12:00,952.3278198
2022/8/7 13:00,984.8438721
2022/8/7 14:00,948.6963501
2022/8/7 15:00,848.5473633
2022/8/7 16:00,692.6295166
2022/8/7 17:00,492.4264832
2022/8/7 18:00,266.6308899
2022/8/7 19:00,60.51945114
2022/8/7 20:00,0
2022/8/7 21:00,0
2022/8/7 22:00,0
2022/8/7 23:00,0
2022/8/8 0:00,0
2022/8/8 1:00,0
2022/8/8 2:00,0
2022/8/8 3:00,0
2022/8/8 4:00,0
2022/8/8 5:00,0
2022/8/8 6:00,0
2022/8/8 7:00,62.78647995
2022/8/8 8:00,266.0364685
2022/8/8 9:00,489.9998169
2022/8/8 10:00,691.206604
2022/8/8 11:00,848.217041
2022/8/8 12:00,947.9159546
2022/8/8 13:00,982.1646118
2022/8/8 14:00,947.9688721
2022/8/8 15:00,848.0953979
2022/8/8 16:00,690.8016357
2022/8/8 17:00,489.3399048
2022/8/8 18:00,263.3794861
2022/8/8 19:00,58.7812767
2022/8/8 20:00,0
2022/8/8 21:00,0
2022/8/8 22:00,0
2022/8/8 23:00,0
2022/8/9 0:00,0
2022/8/9 1:00,0
2022/8/9 2:00,0
2022/8/9 3:00,0
2022/8/9 4:00,0
2022/8/9 5:00,0
2022/8/9 6:00,0
2022/8/9 7:00,59.81707764
2022/8/9 8:00,263.9784241
2022/8/9 9:00,489.0903931
2022/8/9 10:00,687.2078247
2022/8/9 11:00,840.6049194
2022/8/9 12:00,937.8022461
2022/8/9 13:00,970.9028931
2022/8/9 14:00,935.8934326
2022/8/9 15:00,836.1604004
2022/8/9 16:00,680.1466675
2022/8/9 17:00,480.8536987
2022/8/9 18:00,257.4499817
2022/8/9 19:00,55.88200378
2022/8/9 20:00,0
2022/8/9 21:00,0
2022/8/9 22:00,0
2022/8/9 23:00,0
2022/8/10 0:00,0
2022/8/10 1:00,0
2022/8/10 2:00,0
2022/8/10 3:00,0
2022/8/10 4:00,0
2022/8/10 5:00,0
2022/8/10 6:00,0
2022/8/10 7:00,60.13442612
2022/8/10 8:00,264.9492798
2022/8/10 9:00,490.6474915
2022/8/10 10:00,690.8855591
2022/8/10 11:00,846.5367432
2022/8/10 12:00,943.954895
2022/8/10 13:00,975.0800171
2022/8/10 14:00,937.9787598
2022/8/10 15:00,836.6314697
2022/8/10 16:00,679.3255005
2022/8/10 17:00,478.2495422
2022/8/10 18:00,253.850174
2022/8/10 19:00,54.00014877
2022/8/10 20:00,0
2022/8/10 21:00,0
2022/8/10 22:00,0
2022/8/10 23:00,0
2022/8/11 0:00,0
2022/8/11 1:00,0
2022/8/11 2:00,0
2022/8/11 3:00,0
2022/8/11 4:00,0
2022/8/11 5:00,0
2022/8/11 6:00,0
2022/8/11 7:00,60.08826828
2022/8/11 8:00,262.9552307
2022/8/11 9:00,488.0639954
2022/8/11 10:00,689.9382324
2022/8/11 11:00,846.9440308
2022/8/11 12:00,944.8704224
2022/8/11 13:00,975.7391357
2022/8/11 14:00,937.9753418
2022/8/11 15:00,836.5493774
2022/8/11 16:00,680.1378784
2022/8/11 17:00,480.3457031
2022/8/11 18:00,256.5332947
2022/8/11 19:00,54.53051758
2022/8/11 20:00,0
2022/8/11 21:00,0
2022/8/11 22:00,0
2022/8/11 23:00,0
2022/8/12 0:00,0
2022/8/12 1:00,0
2022/8/12 2:00,0
2022/8/12 3:00,0
2022/8/12 4:00,0
2022/8/12 5:00,0
2022/8/12 6:00,0
2022/8/12 7:00,59.60502625
2022/8/12 8:00,262.1054688
2022/8/12 9:00,486.6517944
2022/8/12 10:00,687.9368896
2022/8/12 11:00,844.2123413
2022/8/12 12:00,941.2235718
2022/8/12 13:00,971.124939
2022/8/12 14:00,932.545105
2022/8/12 15:00,830.7974243
2022/8/12 16:00,674.3798218
2022/8/12 17:00,474.516449
2022/8/12 18:00,251.0420685
2022/8/12 19:00,51.87742996
2022/8/12 20:00,0
2022/8/12 21:00,0
2022/8/12 22:00,0
2022/8/12 23:00,0
2022/8/13 0:00,0
2022/8/13 1:00,0
2022/8/13 2:00,0
2022/8/13 3:00,0
2022/8/13 4:00,0
2022/8/13 5:00,0
2022/8/13 6:00,0
2022/8/13 7:00,56.78562164
2022/8/13 8:00,256.7179871
2022/8/13 9:00,480.0991211
2022/8/13 10:00,678.9979248
2022/8/13 11:00,833.2089233
2022/8/13 12:00,929.230957
2022/8/13 13:00,958.9316406
2022/8/13 14:00,919.6428833
2022/8/13 15:00,816.8707275
2022/8/13 16:00,659.1184692
2022/8/13 17:00,457.7667542
2022/8/13 18:00,235.5856171
2022/8/13 19:00,46.32367325
2022/8/13 20:00,0
2022/8/13 21:00,0
2022/8/13 22:00,0
2022/8/13 23:00,0
2022/8/14 0:00,0
2022/8/14 1:00,0
2022/8/14 2:00,0
2022/8/14 3:00,0
2022/8/14 4:00,0
2022/8/14 5:00,0
2022/8/14 6:00,0
2022/8/14 7:00,56.75645065
2022/8/14 8:00,256.9541931
2022/8/14 9:00,482.4465027
2022/8/14 10:00,685.7694092
2022/8/14 11:00,844.3011475
2022/8/14 12:00,942.2321777
2022/8/14 13:00,971.4931641
2022/8/14 14:00,931.6547852
2022/8/14 15:00,827.8261719
2022/8/14 16:00,668.4041748
2022/8/14 17:00,464.8980408
2022/8/14 18:00,239.8071136
2022/8/14 19:00,46.72106171
2022/8/14 20:00,0
2022/8/14 21:00,0
2022/8/14 22:00,0
2022/8/14 23:00,0
2022/8/15 0:00,0
2022/8/15 1:00,0
2022/8/15 2:00,0
2022/8/15 3:00,0
2022/8/15 4:00,0
2022/8/15 5:00,0
2022/8/15 6:00,0
2022/8/15 7:00,61.21425247
2022/8/15 8:00,269.5815735
2022/8/15 9:00,494.1990356
2022/8/15 10:00,692.03302
2022/8/15 11:00,845.0786133
2022/8/15 12:00,939.5891724
2022/8/15 13:00,967.2521362
2022/8/15 14:00,925.1133423
2022/8/15 15:00,818.6582031
2022/8/15 16:00,656.3858032
2022/8/15 17:00,449.9493103
2022/8/15 18:00,226.9780273
2022/8/15 19:00,43.17195892
2022/8/15 20:00,0
2022/8/15 21:00,0
2022/8/15 22:00,0
2022/8/15 23:00,0
2022/8/16 0:00,0
2022/8/16 1:00,0
2022/8/16 2:00,0
2022/8/16 3:00,0
2022/8/16 4:00,0
2022/8/16 5:00,0
2022/8/16 6:00,0
2022/8/16 7:00,57.47971344
2022/8/16 8:00,261.4387512
2022/8/16 9:00,485.8236389
2022/8/16 10:00,684.6136475
2022/8/16 11:00,838.7024536
2022/8/16 12:00,935.2883911
2022/8/16 13:00,966.0112915
2022/8/16 14:00,927.3172607
2022/8/16 15:00,823.4487915
2022/8/16 16:00,662.7680664
2022/8/16 17:00,457.8145752
2022/8/16 18:00,232.8133087
2022/8/16 19:00,43.29823685
2022/8/16 20:00,0
2022/8/16 21:00,0
2022/8/16 22:00,0
2022/8/16 23:00,0
2022/8/17 0:00,0
2022/8/17 1:00,0
2022/8/17 2:00,0
2022/8/17 3:00,0
2022/8/17 4:00,0
2022/8/17 5:00,0
2022/8/17 6:00,0
2022/8/17 7:00,58.36664963
2022/8/17 8:00,265.3341675
2022/8/17 9:00,491.639679
2022/8/17 10:00,692.1658936
2022/8/17 11:00,847.4648438
2022/8/17 12:00,942.9435425
2022/8/17 13:00,970.5249634
2022/8/17 14:00,928.8126831
2022/8/17 15:00,823.7929688
2022/8/17 16:00,664.2502441
2022/8/17 17:00,461.3211975
2022/8/17 18:00,237.0895538
2022/8/17 19:00,44.00053024
2022/8/17 20:00,0
2022/8/17 21:00,0
2022/8/17 22:00,0
2022/8/17 23:00,0
2022/8/18 0:00,0
2022/8/18 1:00,0
2022/8/18 2:00,0
2022/8/18 3:00,0
2022/8/18 4:00,0
2022/8/18 5:00,0
2022/8/18 6:00,0
2022/8/18 7:00,56.43558884
2022/8/18 8:00,260.1268311
2022/8/18 9:00,485.4247437
2022/8/18 10:00,686.2191162
2022/8/18 11:00,841.9216919
2022/8/18 12:00,938.6116333
2022/8/18 13:00,968.1773071
2022/8/18 14:00,928.4074707
2022/8/18 15:00,824.2307739
2022/8/18 16:00,664.3574829
2022/8/18 17:00,460.8608398
2022/8/18 18:00,235.717804
2022/8/18 19:00,42.66310883
2022/8/18 20:00,0
2022/8/18 21:00,0
2022/8/18 22:00,0
2022/8/18 23:00,0
2022/8/19 0:00,0
2022/8/19 1:00,0
2022/8/19 2:00,0
2022/8/19 3:00,0
2022/8/19 4:00,0
2022/8/19 5:00,0
2022/8/19 6:00,0
2022/8/19 7:00,51.86559677
2022/8/19 8:00,250.437149
2022/8/19 9:00,477.997467
2022/8/19 10:00,682.2150269
2022/8/19 11:00,840.809021
2022/8/19 12:00,939.8586426
2022/8/19 13:00,971.4675903
2022/8/19 14:00,933.7394409
2022/8/19 15:00,830.2457886
2022/8/19 16:00,669.6394043
2022/8/19 17:00,465.3295288
2022/8/19 18:00,238.4841919
2022/8/19 19:00,42.45695877
2022/8/19 20:00,0
2022/8/19 21:00,0
2022/8/19 22:00,0
2022/8/19 23:00,0
2022/8/20 0:00,0
2022/8/20 1:00,0
2022/8/20 2:00,0
2022/8/20 3:00,0
2022/8/20 4:00,0
2022/8/20 5:00,0
2022/8/20 6:00,0
2022/8/20 7:00,56.77122879
2022/8/20 8:00,265.4669495
2022/8/20 9:00,492.507019
2022/8/20 10:00,691.8795776
2022/8/20 11:00,845.5725098
2022/8/20 12:00,941.6593628
2022/8/20 13:00,972.0701294
2022/8/20 14:00,932.8500366
2022/8/20 15:00,827.5849609
2022/8/20 16:00,665.1241455
2022/8/20 17:00,459.075592
2022/8/20 18:00,231.6061401
2022/8/20 19:00,39.40607071
2022/8/20 20:00,0
2022/8/20 21:00,0
2022/8/20 22:00,0
2022/8/20 23:00,0
2022/8/21 0:00,0
2022/8/21 1:00,0
2022/8/21 2:00,0
2022/8/21 3:00,0
2022/8/21 4:00,0
2022/8/21 5:00,0
2022/8/21 6:00,0
2022/8/21 7:00,53.44020844
2022/8/21 8:00,256.5826721
2022/8/21 9:00,485.2375488
2022/8/21 10:00,689.3843384
2022/8/21 11:00,847.2098999
2022/8/21 12:00,944.8551636
2022/8/21 13:00,974.4510498
2022/8/21 14:00,934.2872925
2022/8/21 15:00,828.4366455
2022/8/21 16:00,665.6204834
2022/8/21 17:00,458.9432068
2022/8/21 18:00,231.0864563
2022/8/21 19:00,38.68832397
2022/8/21 20:00,0
2022/8/21 21:00,0
2022/8/21 22:00,0
2022/8/21 23:00,0
2022/8/22 0:00,0
2022/8/22 1:00,0
2022/8/22 2:00,0
2022/8/22 3:00,0
2022/8/22 4:00,0
2022/8/22 5:00,0
2022/8/22 6:00,0
2022/8/22 7:00,54.60935974
2022/8/22 8:00,259.8833923
2022/8/22 9:00,485.8804016
2022/8/22 10:00,685.3458862
2022/8/22 11:00,839.1018066
2022/8/22 12:00,935.4025879
2022/8/22 13:00,965.8927002
2022/8/22 14:00,925.8778687
2022/8/22 15:00,819.7020874
2022/8/22 16:00,656.095459
2022/8/22 17:00,448.2358704
2022/8/22 18:00,219.7898712
2022/8/22 19:00,34.64569473
2022/8/22 20:00,0
2022/8/22 21:00,0
2022/8/22 22:00,0
2022/8/22 23:00,0
2022/8/23 0:00,0
2022/8/23 1:00,0
2022/8/23 2:00,0
2022/8/23 3:00,0
2022/8/23 4:00,0
2022/8/23 5:00,0
2022/8/23 6:00,0
2022/8/23 7:00,49.67737198
2022/8/23 8:00,247.9514923
2022/8/23 9:00,477.5628967
2022/8/23 10:00,683.4928589
2022/8/23 11:00,842.9522705
2022/8/23 12:00,940.0429688
2022/8/23 13:00,966.5996094
2022/8/23 14:00,922.1084595
2022/8/23 15:00,810.3029175
2022/8/23 16:00,639.843811
2022/8/23 17:00,425.6626587
2022/8/23 18:00,197.7119293
2022/8/23 19:00,29.06657982
2022/8/23 20:00,0
2022/8/23 21:00,0
2022/8/23 22:00,0
2022/8/23 23:00,0
2022/8/24 0:00,0
2022/8/24 1:00,0
2022/8/24 2:00,0
2022/8/24 3:00,0
2022/8/24 4:00,0
2022/8/24 5:00,0
2022/8/24 6:00,0
2022/8/24 7:00,39.76583862
2022/8/24 8:00,209.7309418
2022/8/24 9:00,433.3092041
2022/8/24 10:00,647.6323853
2022/8/24 11:00,817.564209
2022/8/24 12:00,922.7819824
2022/8/24 13:00,955.4190674
2022/8/24 14:00,917.4721069
2022/8/24 15:00,812.848999
2022/8/24 16:00,650.3569946
2022/8/24 17:00,444.22995
2022/8/24 18:00,215.9717102
2022/8/24 19:00,31.86759567
2022/8/24 20:00,0
2022/8/24 21:00,0
2022/8/24 22:00,0
2022/8/24 23:00,0
2022/8/25 0:00,0
2022/8/25 1:00,0
2022/8/25 2:00,0
2022/8/25 3:00,0
2022/8/25 4:00,0
2022/8/25 5:00,0
2022/8/25 6:00,0
2022/8/25 7:00,48.30809402
2022/8/25 8:00,246.718338
2022/8/25 9:00,477.9702454
2022/8/25 10:00,685.1177979
2022/8/25 11:00,844.7855225
2022/8/25 12:00,941.8096313
2022/8/25 13:00,968.7084961
2022/8/25 14:00,925.3516846
2022/8/25 15:00,815.2647705
2022/8/25 16:00,647.2918091
2022/8/25 17:00,435.6062012
2022/8/25 18:00,206.7141571
2022/8/25 19:00,29.30603027
2022/8/25 20:00,0
2022/8/25 21:00,0
2022/8/25 22:00,0
2022/8/25 23:00,0
2022/8/26 0:00,0
2022/8/26 1:00,0
2022/8/26 2:00,0
2022/8/26 3:00,0
2022/8/26 4:00,0
2022/8/26 5:00,0
2022/8/26 6:00,0
2022/8/26 7:00,49.73014069
2022/8/26 8:00,253.8366089
2022/8/26 9:00,486.6057434
2022/8/26 10:00,692.6313477
2022/8/26 11:00,851.0689697
2022/8/26 12:00,948.6288452
2022/8/26 13:00,977.6410522
2022/8/26 14:00,936.0317383
2022/8/26 15:00,827.1814575
2022/8/26 16:00,660.050354
2022/8/26 17:00,449.0532532
2022/8/26 18:00,217.9044952
2022/8/26 19:00,31.11543274
2022/8/26 20:00,0
2022/8/26 21:00,0
2022/8/26 22:00,0
2022/8/26 23:00,0
2022/8/27 0:00,0
2022/8/27 1:00,0
2022/8/27 2:00,0
2022/8/27 3:00,0
2022/8/27 4:00,0
2022/8/27 5:00,0
2022/8/27 6:00,0
2022/8/27 7:00,49.55708313
2022/8/27 8:00,251.276474
2022/8/27 9:00,479.9682007
2022/8/27 10:00,682.6734009
2022/8/27 11:00,838.4434814
2022/8/27 12:00,934.3058472
2022/8/27 13:00,962.1559448
2022/8/27 14:00,918.890686
2022/8/27 15:00,808.6408691
2022/8/27 16:00,640.3417358
2022/8/27 17:00,428.2600098
2022/8/27 18:00,199.0250397
2022/8/27 19:00,26.22628784
2022/8/27 20:00,0
2022/8/27 21:00,0
2022/8/27 22:00,0
2022/8/27 23:00,0
2022/8/28 0:00,0
2022/8/28 1:00,0
2022/8/28 2:00,0
2022/8/28 3:00,0
2022/8/28 4:00,0
2022/8/28 5:00,0
2022/8/28 6:00,0
2022/8/28 7:00,44.44659424
2022/8/28 8:00,234.9612885
2022/8/28 9:00,458.8965454
2022/8/28 10:00,656.6808472
2022/8/28 11:00,807.9484253
2022/8/28 12:00,900.9207153
2022/8/28 13:00,926.9933472
2022/8/28 14:00,881.0878296
2022/8/28 15:00,767.1536255
2022/8/28 16:00,594.4296265
2022/8/28 17:00,380.9063416
2022/8/28 18:00,164.9673004
2022/8/28 19:00,20.82211876
2022/8/28 20:00,0
2022/8/28 21:00,0
2022/8/28 22:00,0
2022/8/28 23:00,0
2022/8/29 0:00,0
2022/8/29 1:00,0
2022/8/29 2:00,0
2022/8/29 3:00,0
2022/8/29 4:00,0
2022/8/29 5:00,0
2022/8/29 6:00,0
2022/8/29 7:00,37.86160278
2022/8/29 8:00,207.8407593
2022/8/29 9:00,431.188385
2022/8/29 10:00,641.4921875
2022/8/29 11:00,805.5609131
2022/8/29 12:00,905.5736084
2022/8/29 13:00,933.9198608
2022/8/29 14:00,890.4838257
2022/8/29 15:00,779.6060181
2022/8/29 16:00,610.3352661
2022/8/29 17:00,398.2962952
2022/8/29 18:00,175.7339478
2022/8/29 19:00,21.38087273
2022/8/29 20:00,0
2022/8/29 21:00,0
2022/8/29 22:00,0
2022/8/29 23:00,0
2022/8/30 0:00,0
2022/8/30 1:00,0
2022/8/30 2:00,0
2022/8/30 3:00,0
2022/8/30 4:00,0
2022/8/30 5:00,0
2022/8/30 6:00,0
2022/8/30 7:00,44.13875961
2022/8/30 8:00,235.6496124
2022/8/30 9:00,461.5360413
2022/8/30 10:00,663.5944214
2022/8/30 11:00,818.93396
2022/8/30 12:00,912.2995605
2022/8/30 13:00,935.5316162
2022/8/30 14:00,887.0842285
2022/8/30 15:00,772.3608398
2022/8/30 16:00,600.447937
2022/8/30 17:00,386.7516479
2022/8/30 18:00,167.3462067
2022/8/30 19:00,19.66112328
2022/8/30 20:00,0
2022/8/30 21:00,0
2022/8/30 22:00,0
2022/8/30 23:00,0
2022/8/31 0:00,0
2022/8/31 1:00,0
2022/8/31 2:00,0
2022/8/31 3:00,0
2022/8/31 4:00,0
2022/8/31 5:00,0
2022/8/31 6:00,0
2022/8/31 7:00,38.39877701
2022/8/31 8:00,213.3462677
2022/8/31 9:00,436.734314
2022/8/31 10:00,643.1386108
2022/8/31 11:00,802.8952637
2022/8/31 12:00,898.666748
2022/8/31 13:00,922.5200195
2022/8/31 14:00,874.0773315
2022/8/31 15:00,758.1338501
2022/8/31 16:00,584.5824585
2022/8/31 17:00,371.2298279
2022/8/31 18:00,157.7784271
2022/8/31 19:00,17.98833275
2022/8/31 20:00,0
2022/8/31 21:00,0
2022/8/31 22:00,0
2022/8/31 23:00,0
2022/9/1 0:00,0
2022/9/1 1:00,0
2022/9/1 2:00,0
2022/9/1 3:00,0
2022/9/1 4:00,0
2022/9/1 5:00,0
2022/9/1 6:00,0
2022/9/1 7:00,40.14957428
2022/9/1 8:00,222.7977905
2022/9/1 9:00,449.3006592
2022/9/1 10:00,655.6750488
2022/9/1 11:00,814.7474976
2022/9/1 12:00,907.6375122
2022/9/1 13:00,926.7306519
2022/9/1 14:00,873.3066406
2022/9/1 15:00,754.4575195
2022/9/1 16:00,580.565979
2022/9/1 17:00,367.4162292
2022/9/1 18:00,155.1575928
2022/9/1 19:00,17.07592964
2022/9/1 20:00,0
2022/9/1 21:00,0
2022/9/1 22:00,0
2022/9/1 23:00,0
2022/9/2 0:00,0
2022/9/2 1:00,0
2022/9/2 2:00,0
2022/9/2 3:00,0
2022/9/2 4:00,0
2022/9/2 5:00,0
2022/9/2 6:00,0
2022/9/2 7:00,40.65203857
2022/9/2 8:00,228.947937
2022/9/2 9:00,459.4279785
2022/9/2 10:00,665.9355469
2022/9/2 11:00,824.6744385
2022/9/2 12:00,922.8144531
2022/9/2 13:00,952.2317505
2022/9/2 14:00,908.9146729
2022/9/2 15:00,795.8919067
2022/9/2 16:00,622.7366943
2022/9/2 17:00,406.4883118
2022/9/2 18:00,177.6660614
2022/9/2 19:00,18.61896133
2022/9/2 20:00,0
2022/9/2 21:00,0
2022/9/2 22:00,0
2022/9/2 23:00,0
2022/9/3 0:00,0
2022/9/3 1:00,0
2022/9/3 2:00,0
2022/9/3 3:00,0
2022/9/3 4:00,0
2022/9/3 5:00,0
2022/9/3 6:00,0
2022/9/3 7:00,39.9300499
2022/9/3 8:00,224.9286194
2022/9/3 9:00,457.5934753
2022/9/3 10:00,672.5673828
2022/9/3 11:00,839.0185547
2022/9/3 12:00,938.5261841
2022/9/3 13:00,963.5271606
2022/9/3 14:00,915.8999023
2022/9/3 15:00,798.0574951
2022/9/3 16:00,619.1311646
2022/9/3 17:00,397.1457214
2022/9/3 18:00,168.640686
2022/9/3 19:00,16.93554115
2022/9/3 20:00,0
2022/9/3 21:00,0
2022/9/3 22:00,0
2022/9/3 23:00,0
2022/9/4 0:00,0
2022/9/4 1:00,0
2022/9/4 2:00,0
2022/9/4 3:00,0
2022/9/4 4:00,0
2022/9/4 5:00,0
2022/9/4 6:00,0
2022/9/4 7:00,42.95172882
2022/9/4 8:00,239.3717499
2022/9/4 9:00,473.0590515
2022/9/4 10:00,682.1246948
2022/9/4 11:00,842.4938965
2022/9/4 12:00,939.2218018
2022/9/4 13:00,964.5936279
2022/9/4 14:00,917.8254395
2022/9/4 15:00,801.9926147
2022/9/4 16:00,626.3605347
2022/9/4 17:00,407.3085938
2022/9/4 18:00,175.306015
2022/9/4 19:00,16.78634834
2022/9/4 20:00,0
2022/9/4 21:00,0
2022/9/4 22:00,0
2022/9/4 23:00,0
2022/9/5 0:00,0
2022/9/5 1:00,0
2022/9/5 2:00,0
2022/9/5 3:00,0
2022/9/5 4:00,0
2022/9/5 5:00,0
2022/9/5 6:00,0
2022/9/5 7:00,40.36461639
2022/9/5 8:00,229.7518311
2022/9/5 9:00,461.2911377
2022/9/5 10:00,669.3686523
2022/9/5 11:00,828.6392822
2022/9/5 12:00,924.0350342
2022/9/5 13:00,947.8465576
2022/9/5 14:00,898.9597168
2022/9/5 15:00,780.2541504
2022/9/5 16:00,600.9168091
2022/9/5 17:00,379.4514771
2022/9/5 18:00,155.0847626
2022/9/5 19:00,14.12379456
2022/9/5 20:00,0
2022/9/5 21:00,0
2022/9/5 22:00,0
2022/9/5 23:00,0
2022/9/6 0:00,0
2022/9/6 1:00,0
2022/9/6 2:00,0
2022/9/6 3:00,0
2022/9/6 4:00,0
2022/9/6 5:00,0
2022/9/6 6:00,0
2022/9/6 7:00,36.23478699
2022/9/6 8:00,212.6347809
2022/9/6 9:00,442.2335205
2022/9/6 10:00,655.3188477
2022/9/6 11:00,820.3647461
2022/9/6 12:00,920.0464478
2022/9/6 13:00,946.6236572
2022/9/6 14:00,900.3413086
2022/9/6 15:00,784.1154785
2022/9/6 16:00,607.425415
2022/9/6 17:00,388.0705261
2022/9/6 18:00,160.788681
2022/9/6 19:00,14.08622646
2022/9/6 20:00,0
2022/9/6 21:00,0
2022/9/6 22:00,0
2022/9/6 23:00,0
2022/9/7 0:00,0
2022/9/7 1:00,0
2022/9/7 2:00,0
2022/9/7 3:00,0
2022/9/7 4:00,0
2022/9/7 5:00,0
2022/9/7 6:00,0
2022/9/7 7:00,38.93552399
2022/9/7 8:00,227.6360779
2022/9/7 9:00,459.1834412
2022/9/7 10:00,665.8123779
2022/9/7 11:00,823.5791626
2022/9/7 12:00,919.9494629
2022/9/7 13:00,947.4434204
2022/9/7 14:00,903.1724243
2022/9/7 15:00,790.3201294
2022/9/7 16:00,618.2409058
2022/9/7 17:00,403.02948
2022/9/7 18:00,172.3612061
2022/9/7 19:00,14.47772789
2022/9/7 20:00,0
2022/9/7 21:00,0
2022/9/7 22:00,0
2022/9/7 23:00,0
2022/9/8 0:00,0
2022/9/8 1:00,0
2022/9/8 2:00,0
2022/9/8 3:00,0
2022/9/8 4:00,0
2022/9/8 5:00,0
2022/9/8 6:00,0
2022/9/8 7:00,38.98736954
2022/9/8 8:00,226.31633
2022/9/8 9:00,454.1583252
2022/9/8 10:00,658.7606812
2022/9/8 11:00,814.8601685
2022/9/8 12:00,906.5811157
2022/9/8 13:00,926.1877441
2022/9/8 14:00,873.2924194
2022/9/8 15:00,755.0619507
2022/9/8 16:00,581.2994385
2022/9/8 17:00,366.4457703
2022/9/8 18:00,147.5385284
2022/9/8 19:00,11.70379353
2022/9/8 20:00,0
2022/9/8 21:00,0
2022/9/8 22:00,0
2022/9/8 23:00,0
2022/9/9 0:00,0
2022/9/9 1:00,0
2022/9/9 2:00,0
2022/9/9 3:00,0
2022/9/9 4:00,0
2022/9/9 5:00,0
2022/9/9 6:00,0
2022/9/9 7:00,38.94244003
2022/9/9 8:00,228.1268921
2022/9/9 9:00,457.7185669
2022/9/9 10:00,662.4707031
2022/9/9 11:00,818.442688
2022/9/9 12:00,912.2210083
2022/9/9 13:00,935.6549683
2022/9/9 14:00,885.3903198
2022/9/9 15:00,765.47052
2022/9/9 16:00,586.0934448
2022/9/9 17:00,365.8505249
2022/9/9 18:00,143.5463562
2022/9/9 19:00,10.631567
2022/9/9 20:00,0
2022/9/9 21:00,0
2022/9/9 22:00,0
2022/9/9 23:00,0
2022/9/10 0:00,0
2022/9/10 1:00,0
2022/9/10 2:00,0
2022/9/10 3:00,0
2022/9/10 4:00,0
2022/9/10 5:00,0
2022/9/10 6:00,0
2022/9/10 7:00,31.6457386
2022/9/10 8:00,191.9486084
2022/9/10 9:00,405.0335388
2022/9/10 10:00,603.6119385
2022/9/10 11:00,757.2731934
2022/9/10 12:00,845.6773682
2022/9/10 13:00,859.2293701
2022/9/10 14:00,798.0577393
2022/9/10 15:00,675.0354004
2022/9/10 16:00,503.7087097
2022/9/10 17:00,301.6277771
2022/9/10 18:00,113.1454086
2022/9/10 19:00,8.261502266
2022/9/10 20:00,0
2022/9/10 21:00,0
2022/9/10 22:00,0
2022/9/10 23:00,0
2022/9/11 0:00,0
2022/9/11 1:00,0
2022/9/11 2:00,0
2022/9/11 3:00,0
2022/9/11 4:00,0
2022/9/11 5:00,0
2022/9/11 6:00,0
2022/9/11 7:00,29.40031242
2022/9/11 8:00,178.7978363
2022/9/11 9:00,390.5466309
2022/9/11 10:00,601.5739746
2022/9/11 11:00,768.4411621
2022/9/11 12:00,867.8291016
2022/9/11 13:00,891.3448486
2022/9/11 14:00,840.7489014
2022/9/11 15:00,719.4462891
2022/9/11 16:00,539.1337891
2022/9/11 17:00,324.009491
2022/9/11 18:00,121.0075836
2022/9/11 19:00,8.215150833
2022/9/11 20:00,0
2022/9/11 21:00,0
2022/9/11 22:00,0
2022/9/11 23:00,0
2022/9/12 0:00,0
2022/9/12 1:00,0
2022/9/12 2:00,0
2022/9/12 3:00,0
2022/9/12 4:00,0
2022/9/12 5:00,0
2022/9/12 6:00,0
2022/9/12 7:00,31.93240738
2022/9/12 8:00,199.5643005
2022/9/12 9:00,427.4705811
2022/9/12 10:00,644.6965332
2022/9/12 11:00,815.302002
2022/9/12 12:00,915.854126
2022/9/12 13:00,938.4143677
2022/9/12 14:00,886.8950806
2022/9/12 15:00,766.6552734
2022/9/12 16:00,587.9187622
2022/9/12 17:00,367.6271973
2022/9/12 18:00,142.467041
2022/9/12 19:00,8.901499748
2022/9/12 20:00,0
2022/9/12 21:00,0
2022/9/12 22:00,0
2022/9/12 23:00,0
2022/9/13 0:00,0
2022/9/13 1:00,0
2022/9/13 2:00,0
2022/9/13 3:00,0
2022/9/13 4:00,0
2022/9/13 5:00,0
2022/9/13 6:00,0
2022/9/13 7:00,33.45416641
2022/9/13 8:00,207.9182739
2022/9/13 9:00,436.7095642
2022/9/13 10:00,648.8988647
2022/9/13 11:00,812.4271851
2022/9/13 12:00,908.2565918
2022/9/13 13:00,928.4075928
2022/9/13 14:00,874.3616943
2022/9/13 15:00,750.6817627
2022/9/13 16:00,568.1259766
2022/9/13 17:00,346.7466431
2022/9/13 18:00,129.553894
2022/9/13 19:00,7.659743786
2022/9/13 20:00,0
2022/9/13 21:00,0
2022/9/13 22:00,0
2022/9/13 23:00,0
2022/9/14 0:00,0
2022/9/14 1:00,0
2022/9/14 2:00,0
2022/9/14 3:00,0
2022/9/14 4:00,0
2022/9/14 5:00,0
2022/9/14 6:00,0
2022/9/14 7:00,34.16436005
2022/9/14 8:00,214.5679779
2022/9/14 9:00,444.2076721
2022/9/14 10:00,650.369873
2022/9/14 11:00,807.5318604
2022/9/14 12:00,899.0940552
2022/9/14 13:00,917.0066528
2022/9/14 14:00,860.7573853
2022/9/14 15:00,736.2758179
2022/9/14 16:00,554.4746094
2022/9/14 17:00,335.0021667
2022/9/14 18:00,122.7772522
2022/9/14 19:00,6.8220191
2022/9/14 20:00,0
2022/9/14 21:00,0
2022/9/14 22:00,0
2022/9/14 23:00,0
2022/9/15 0:00,0
2022/9/15 1:00,0
2022/9/15 2:00,0
2022/9/15 3:00,0
2022/9/15 4:00,0
2022/9/15 5:00,0
2022/9/15 6:00,0
2022/9/15 7:00,33.13228989
2022/9/15 8:00,211.6153412
2022/9/15 9:00,442.2108459
2022/9/15 10:00,650.940918
2022/9/15 11:00,810.6536865
2022/9/15 12:00,903.9830933
2022/9/15 13:00,922.8389893
2022/9/15 14:00,867.3766479
2022/9/15 15:00,742.0588989
2022/9/15 16:00,557.9394531
2022/9/15 17:00,336.1437988
2022/9/15 18:00,121.4846573
2022/9/15 19:00,6.231233597
2022/9/15 20:00,0
2022/9/15 21:00,0
2022/9/15 22:00,0
2022/9/15 23:00,0
2022/9/16 0:00,0
2022/9/16 1:00,0
2022/9/16 2:00,0
2022/9/16 3:00,0
2022/9/16 4:00,0
2022/9/16 5:00,0
2022/9/16 6:00,0
2022/9/16 7:00,30.36430359
2022/9/16 8:00,193.8802948
2022/9/16 9:00,413.4910583
2022/9/16 10:00,619.4022217
2022/9/16 11:00,778.0730591
2022/9/16 12:00,872.8804932
2022/9/16 13:00,895.5497437
2022/9/16 14:00,844.083374
2022/9/16 15:00,721.3356323
2022/9/16 16:00,538.7290649
2022/9/16 17:00,320.3276672
2022/9/16 18:00,113.3692245
2022/9/16 19:00,5.456570625
2022/9/16 20:00,0
2022/9/16 21:00,0
2022/9/16 22:00,0
2022/9/16 23:00,0
2022/9/17 0:00,0
2022/9/17 1:00,0
2022/9/17 2:00,0
2022/9/17 3:00,0
2022/9/17 4:00,0
2022/9/17 5:00,0
2022/9/17 6:00,0
2022/9/17 7:00,26.44226837
2022/9/17 8:00,170.4334717
2022/9/17 9:00,379.288269
2022/9/17 10:00,588.3864136
2022/9/17 11:00,753.8012695
2022/9/17 12:00,853.6414185
2022/9/17 13:00,879.1448364
2022/9/17 14:00,830.09552
2022/9/17 15:00,709.3974609
2022/9/17 16:00,528.9990845
2022/9/17 17:00,313.5749817
2022/9/17 18:00,108.4147873
2022/9/17 19:00,4.783752441
2022/9/17 20:00,0
2022/9/17 21:00,0
2022/9/17 22:00,0
2022/9/17 23:00,0
2022/9/18 0:00,0
2022/9/18 1:00,0
2022/9/18 2:00,0
2022/9/18 3:00,0
2022/9/18 4:00,0
2022/9/18 5:00,0
2022/9/18 6:00,0
2022/9/18 7:00,29.38865471
2022/9/18 8:00,191.491684
2022/9/18 9:00,408.3544006
2022/9/18 10:00,608.1890869
2022/9/18 11:00,760.8963623
2022/9/18 12:00,850.999939
2022/9/18 13:00,869.8870239
2022/9/18 14:00,814.4226074
2022/9/18 15:00,690.477417
2022/9/18 16:00,510.4865112
2022/9/18 17:00,297.8384094
2022/9/18 18:00,101.1878433
2022/9/18 19:00,4.208250523
2022/9/18 20:00,0
2022/9/18 21:00,0
2022/9/18 22:00,0
2022/9/18 23:00,0
2022/9/19 0:00,0
2022/9/19 1:00,0
2022/9/19 2:00,0
2022/9/19 3:00,0
2022/9/19 4:00,0
2022/9/19 5:00,0
2022/9/19 6:00,0
2022/9/19 7:00,25.56391525
2022/9/19 8:00,167.4987946
2022/9/19 9:00,375.16745
2022/9/19 10:00,583.9163208
2022/9/19 11:00,749.7798462
2022/9/19 12:00,846.6928711
2022/9/19 13:00,866.0844727
2022/9/19 14:00,811.2036743
2022/9/19 15:00,688.3812866
2022/9/19 16:00,509.8242188
2022/9/19 17:00,297.9568176
2022/9/19 18:00,100.9831467
2022/9/19 19:00,3.868059397
2022/9/19 20:00,0
2022/9/19 21:00,0
2022/9/19 22:00,0
2022/9/19 23:00,0
2022/9/20 0:00,0
2022/9/20 1:00,0
2022/9/20 2:00,0
2022/9/20 3:00,0
2022/9/20 4:00,0
2022/9/20 5:00,0
2022/9/20 6:00,0
2022/9/20 7:00,25.42464066
2022/9/20 8:00,166.9970856
2022/9/20 9:00,372.7608337
2022/9/20 10:00,579.838623
2022/9/20 11:00,744.7098389
2022/9/20 12:00,841.4632568
2022/9/20 13:00,860.3674316
2022/9/20 14:00,804.0776978
2022/9/20 15:00,683.7181396
2022/9/20 16:00,512.5485229
2022/9/20 17:00,306.4732361
2022/9/20 18:00,105.7310562
2022/9/20 19:00,3.704362154
2022/9/20 20:00,0
2022/9/20 21:00,0
2022/9/20 22:00,0
2022/9/20 23:00,0
2022/9/21 0:00,0
2022/9/21 1:00,0
2022/9/21 2:00,0
2022/9/21 3:00,0
2022/9/21 4:00,0
2022/9/21 5:00,0
2022/9/21 6:00,0
2022/9/21 7:00,32.46711731
2022/9/21 8:00,214.2585297
2022/9/21 9:00,441.6805115
2022/9/21 10:00,643.3768921
2022/9/21 11:00,795.553833
2022/9/21 12:00,884.6712646
2022/9/21 13:00,902.6918945
2022/9/21 14:00,846.5314941
2022/9/21 15:00,721.161499
2022/9/21 16:00,537.8511353
2022/9/21 17:00,317.2346191
2022/9/21 18:00,105.3115311
2022/9/21 19:00,3.248757124
2022/9/21 20:00,0
2022/9/21 21:00,0
2022/9/21 22:00,0
2022/9/21 23:00,0
2022/9/22 0:00,0
2022/9/22 1:00,0
2022/9/22 2:00,0
2022/9/22 3:00,0
2022/9/22 4:00,0
2022/9/22 5:00,0
2022/9/22 6:00,0
2022/9/22 7:00,28.84392738
2022/9/22 8:00,196.1308441
2022/9/22 9:00,418.8908081
2022/9/22 10:00,621.144165
2022/9/22 11:00,774.4187012
2022/9/22 12:00,864.4727783
2022/9/22 13:00,883.1349487
2022/9/22 14:00,827.1174316
2022/9/22 15:00,703.6802368
2022/9/22 16:00,524.5541992
2022/9/22 17:00,308.933197
2022/9/22 18:00,101.7776108
2022/9/22 19:00,2.855296612
2022/9/22 20:00,0
2022/9/22 21:00,0
2022/9/22 22:00,0
2022/9/22 23:00,0
2022/9/23 0:00,0
2022/9/23 1:00,0
2022/9/23 2:00,0
2022/9/23 3:00,0
2022/9/23 4:00,0
2022/9/23 5:00,0
2022/9/23 6:00,0
2022/9/23 7:00,26.84126472
2022/9/23 8:00,182.6995392
2022/9/23 9:00,397.6095886
2022/9/23 10:00,600.5412598
2022/9/23 11:00,756.4171143
2022/9/23 12:00,849.3313599
2022/9/23 13:00,870.9016113
2022/9/23 14:00,817.8787231
2022/9/23 15:00,694.9840088
2022/9/23 16:00,514.3430176
2022/9/23 17:00,298.9511719
2022/9/23 18:00,96.28764343
2022/9/23 19:00,2.437987089
2022/9/23 20:00,0
2022/9/23 21:00,0
2022/9/23 22:00,0
2022/9/23 23:00,0
2022/9/24 0:00,0
2022/9/24 1:00,0
2022/9/24 2:00,0
2022/9/24 3:00,0
2022/9/24 4:00,0
2022/9/24 5:00,0
2022/9/24 6:00,0
2022/9/24 7:00,26.06585312
2022/9/24 8:00,180.3365021
2022/9/24 9:00,399.1357117
2022/9/24 10:00,609.548645
2022/9/24 11:00,772.5123901
2022/9/24 12:00,867.4867554
2022/9/24 13:00,886.625
2022/9/24 14:00,831.1469727
2022/9/24 15:00,704.1363525
2022/9/24 16:00,517.5327148
2022/9/24 17:00,296.7235718
2022/9/24 18:00,93.31790161
2022/9/24 19:00,2.10524869
2022/9/24 20:00,0
2022/9/24 21:00,0
2022/9/24 22:00,0
2022/9/24 23:00,0
2022/9/25 0:00,0
2022/9/25 1:00,0
2022/9/25 2:00,0
2022/9/25 3:00,0
2022/9/25 4:00,0
2022/9/25 5:00,0
2022/9/25 6:00,0
2022/9/25 7:00,26.97365379
2022/9/25 8:00,189.5592346
2022/9/25 9:00,414.7596741
2022/9/25 10:00,626.9414063
2022/9/25 11:00,790.2669678
2022/9/25 12:00,886.4157104
2022/9/25 13:00,908.0529785
2022/9/25 14:00,855.6461182
2022/9/25 15:00,731.9286499
2022/9/25 16:00,547.7076416
2022/9/25 17:00,324.30896
2022/9/25 18:00,104.7346191
2022/9/25 19:00,1.999985456
2022/9/25 20:00,0
2022/9/25 21:00,0
2022/9/25 22:00,0
2022/9/25 23:00,0
2022/9/26 0:00,0
2022/9/26 1:00,0
2022/9/26 2:00,0
2022/9/26 3:00,0
2022/9/26 4:00,0
2022/9/26 5:00,0
2022/9/26 6:00,0
2022/9/26 7:00,28.06467819
2022/9/26 8:00,198.1888275
2022/9/26 9:00,427.6276245
2022/9/26 10:00,639.9320679
2022/9/26 11:00,801.9122314
2022/9/26 12:00,895.4915771
2022/9/26 13:00,913.3662109
2022/9/26 14:00,857.2637939
2022/9/26 15:00,731.6433716
2022/9/26 16:00,547.3499756
2022/9/26 17:00,323.6767273
2022/9/26 18:00,103.0309677
2022/9/26 19:00,1.705061316
2022/9/26 20:00,0
2022/9/26 21:00,0
2022/9/26 22:00,0
2022/9/26 23:00,0
2022/9/27 0:00,0
2022/9/27 1:00,0
2022/9/27 2:00,0
2022/9/27 3:00,0
2022/9/27 4:00,0
2022/9/27 5:00,0
2022/9/27 6:00,0
2022/9/27 7:00,31.97251892
2022/9/27 8:00,218.6411285
2022/9/27 9:00,447.2766113
2022/9/27 10:00,649.3786621
2022/9/27 11:00,801.0515747
2022/9/27 12:00,889.7565308
2022/9/27 13:00,907.987915
2022/9/27 14:00,853.4997559
2022/9/27 15:00,731.0683594
2022/9/27 16:00,550.7446289
2022/9/27 17:00,329.9543152
2022/9/27 18:00,105.9878311
2022/9/27 19:00,1.472389221
2022/9/27 20:00,0
2022/9/27 21:00,0
2022/9/27 22:00,0
2022/9/27 23:00,0
2022/9/28 0:00,0
2022/9/28 1:00,0
2022/9/28 2:00,0
2022/9/28 3:00,0
2022/9/28 4:00,0
2022/9/28 5:00,0
2022/9/28 6:00,0
2022/9/28 7:00,31.75532532
2022/9/28 8:00,219.5813751
2022/9/28 9:00,449.5494385
2022/9/28 10:00,652.4313965
2022/9/28 11:00,804.4973755
2022/9/28 12:00,893.6772461
2022/9/28 13:00,912.4927979
2022/9/28 14:00,857.9327393
2022/9/28 15:00,734.5162964
2022/9/28 16:00,553.0408325
2022/9/28 17:00,331.6633606
2022/9/28 18:00,106.305809
2022/9/28 19:00,1.242006302
2022/9/28 20:00,0
2022/9/28 21:00,0
2022/9/28 22:00,0
2022/9/28 23:00,0
2022/9/29 0:00,0
2022/9/29 1:00,0
2022/9/29 2:00,0
2022/9/29 3:00,0
2022/9/29 4:00,0
2022/9/29 5:00,0
2022/9/29 6:00,0
2022/9/29 7:00,32.4130249
2022/9/29 8:00,223.8570557
2022/9/29 9:00,452.8887024
2022/9/29 10:00,653.6193848
2022/9/29 11:00,804.3381958
2022/9/29 12:00,892.1691284
2022/9/29 13:00,909.5578003
2022/9/29 14:00,854.3933716
2022/9/29 15:00,731.7594604
2022/9/29 16:00,551.9109497
2022/9/29 17:00,331.4667053
2022/9/29 18:00,105.1443253
2022/9/29 19:00,1.003868818
2022/9/29 20:00,0
2022/9/29 21:00,0
2022/9/29 22:00,0
2022/9/29 23:00,0
2022/9/30 0:00,0
2022/9/30 1:00,0
2022/9/30 2:00,0
2022/9/30 3:00,0
2022/9/30 4:00,0
2022/9/30 5:00,0
2022/9/30 6:00,0
2022/9/30 7:00,31.94908905
2022/9/30 8:00,222.7695465
2022/9/30 9:00,452.1488342
2022/9/30 10:00,653.9113159
2022/9/30 11:00,805.0458374
2022/9/30 12:00,892.5759888
2022/9/30 13:00,909.2096558
2022/9/30 14:00,853.2613525
2022/9/30 15:00,729.1628418
2022/9/30 16:00,547.6717529
2022/9/30 17:00,326.6361084
2022/9/30 18:00,101.5979919
2022/9/30 19:00,0.787492514
2022/9/30 20:00,0
2022/9/30 21:00,0
2022/9/30 22:00,0
2022/9/30 23:00,0
2022/10/1 0:00,0
2022/10/1 1:00,0
2022/10/1 2:00,0
2022/10/1 3:00,0
2022/10/1 4:00,0
2022/10/1 5:00,0
2022/10/1 6:00,0
2022/10/1 7:00,31.7265625
2022/10/1 8:00,223.5915833
2022/10/1 9:00,451.1035767
2022/10/1 10:00,647.8612061
2022/10/1 11:00,794.4358521
2022/10/1 12:00,879.6900024
2022/10/1 13:00,895.9638672
2022/10/1 14:00,839.3598633
2022/10/1 15:00,715.0999756
2022/10/1 16:00,533.6293945
2022/10/1 17:00,312.7073364
2022/10/1 18:00,92.57593536
2022/10/1 19:00,0.584081471
2022/10/1 20:00,0
2022/10/1 21:00,0
2022/10/1 22:00,0
2022/10/1 23:00,0
2022/10/2 0:00,0
2022/10/2 1:00,0
2022/10/2 2:00,0
2022/10/2 3:00,0
2022/10/2 4:00,0
2022/10/2 5:00,0
2022/10/2 6:00,0
2022/10/2 7:00,31.73923111
2022/10/2 8:00,225.9160309
2022/10/2 9:00,457.6441956
2022/10/2 10:00,659.6090088
2022/10/2 11:00,810.4599609
2022/10/2 12:00,896.368042
2022/10/2 13:00,910.0439453
2022/10/2 14:00,850.8434448
2022/10/2 15:00,724.8693848
2022/10/2 16:00,542.8473511
2022/10/2 17:00,321.2834473
2022/10/2 18:00,96.76672363
2022/10/2 19:00,0.463009983
2022/10/2 20:00,0
2022/10/2 21:00,0
2022/10/2 22:00,0
2022/10/2 23:00,0
2022/10/3 0:00,0
2022/10/3 1:00,0
2022/10/3 2:00,0
2022/10/3 3:00,0
2022/10/3 4:00,0
2022/10/3 5:00,0
2022/10/3 6:00,0
2022/10/3 7:00,32.44914627
2022/10/3 8:00,228.7965088
2022/10/3 9:00,459.9695129
2022/10/3 10:00,660.6412964
2022/10/3 11:00,810.0554199
2022/10/3 12:00,895.3182983
2022/10/3 13:00,909.0498657
2022/10/3 14:00,849.2762451
2022/10/3 15:00,721.5307617
2022/10/3 16:00,536.3392944
2022/10/3 17:00,311.3746643
2022/10/3 18:00,89.16589355
2022/10/3 19:00,0.322354645
2022/10/3 20:00,0
2022/10/3 21:00,0
2022/10/3 22:00,0
2022/10/3 23:00,0
2022/10/4 0:00,0
2022/10/4 1:00,0
2022/10/4 2:00,0
2022/10/4 3:00,0
2022/10/4 4:00,0
2022/10/4 5:00,0
2022/10/4 6:00,0
2022/10/4 7:00,28.27700424
2022/10/4 8:00,209.3431091
2022/10/4 9:00,436.2506104
2022/10/4 10:00,636.7684326
2022/10/4 11:00,786.3612061
2022/10/4 12:00,870.2565308
2022/10/4 13:00,880.7819214
2022/10/4 14:00,816.5445557
2022/10/4 15:00,684.9806519
2022/10/4 16:00,498.1177979
2022/10/4 17:00,276.5481262
2022/10/4 18:00,73.97460175
2022/10/4 19:00,0.203722849
2022/10/4 20:00,0
2022/10/4 21:00,0
2022/10/4 22:00,0
2022/10/4 23:00,0
2022/10/5 0:00,0
2022/10/5 1:00,0
2022/10/5 2:00,0
2022/10/5 3:00,0
2022/10/5 4:00,0
2022/10/5 5:00,0
2022/10/5 6:00,0
2022/10/5 7:00,24.50936127
2022/10/5 8:00,192.4390717
2022/10/5 9:00,421.7861023
2022/10/5 10:00,629.225647
2022/10/5 11:00,784.8919067
2022/10/5 12:00,874.0743408
2022/10/5 13:00,889.9380493
2022/10/5 14:00,831.7545166
2022/10/5 15:00,704.5350952
2022/10/5 16:00,519.3196411
2022/10/5 17:00,295.9759827
2022/10/5 18:00,80.7321167
2022/10/5 19:00,0.133479923
2022/10/5 20:00,0
2022/10/5 21:00,0
2022/10/5 22:00,0
2022/10/5 23:00,0
2022/10/6 0:00,0
2022/10/6 1:00,0
2022/10/6 2:00,0
2022/10/6 3:00,0
2022/10/6 4:00,0
2022/10/6 5:00,0
2022/10/6 6:00,0
2022/10/6 7:00,26.95193291
2022/10/6 8:00,207.0105743
2022/10/6 9:00,437.0246887
2022/10/6 10:00,640.6824951
2022/10/6 11:00,792.2601318
2022/10/6 12:00,878.7089233
2022/10/6 13:00,892.9486084
2022/10/6 14:00,833.0356445
2022/10/6 15:00,704.6650391
2022/10/6 16:00,518.9346313
2022/10/6 17:00,294.9206848
2022/10/6 18:00,78.42805481
2022/10/6 19:00,0.070297971
2022/10/6 20:00,0
2022/10/6 21:00,0
2022/10/6 22:00,0
2022/10/6 23:00,0
2022/10/7 0:00,0
2022/10/7 1:00,0
2022/10/7 2:00,0
2022/10/7 3:00,0
2022/10/7 4:00,0
2022/10/7 5:00,0
2022/10/7 6:00,0
2022/10/7 7:00,23.94086838
2022/10/7 8:00,190.0962982
2022/10/7 9:00,414.6529846
2022/10/7 10:00,618.5906982
2022/10/7 11:00,771.5167847
2022/10/7 12:00,858.4793091
2022/10/7 13:00,872.3435669
2022/10/7 14:00,812.3243408
2022/10/7 15:00,682.9869995
2022/10/7 16:00,495.9623413
2022/10/7 17:00,273.6902161
2022/10/7 18:00,68.8356781
2022/10/7 19:00,0.025228413
2022/10/7 20:00,0
2022/10/7 21:00,0
2022/10/7 22:00,0
2022/10/7 23:00,0
2022/10/8 0:00,0
2022/10/8 1:00,0
2022/10/8 2:00,0
2022/10/8 3:00,0
2022/10/8 4:00,0
2022/10/8 5:00,0
2022/10/8 6:00,0
2022/10/8 7:00,23.76133537
2022/10/8 8:00,193.1276855
2022/10/8 9:00,420.5131836
2022/10/8 10:00,624.6453247
2022/10/8 11:00,777.6050415
2022/10/8 12:00,863.9000854
2022/10/8 13:00,876.3752441
2022/10/8 14:00,815.0593872
2022/10/8 15:00,685.1571045
2022/10/8 16:00,498.1378479
2022/10/8 17:00,275.1948853
2022/10/8 18:00,68.38833618
2022/10/8 19:00,0.009296413
2022/10/8 20:00,0
2022/10/8 21:00,0
2022/10/8 22:00,0
2022/10/8 23:00,0
2022/10/9 0:00,0
2022/10/9 1:00,0
2022/10/9 2:00,0
2022/10/9 3:00,0
2022/10/9 4:00,0
2022/10/9 5:00,0
2022/10/9 6:00,0
2022/10/9 7:00,23.12828255
2022/10/9 8:00,189.282196
2022/10/9 9:00,416.6385193
2022/10/9 10:00,625.6373901
2022/10/9 11:00,783.722168
2022/10/9 12:00,872.3358765
2022/10/9 13:00,884.4362183
2022/10/9 14:00,822.7180786
2022/10/9 15:00,691.4355469
2022/10/9 16:00,501.9680176
2022/10/9 17:00,276.2788696
2022/10/9 18:00,66.97416687
2022/10/9 19:00,3.87E-17
2022/10/9 20:00,0
2022/10/9 21:00,0
2022/10/9 22:00,0
2022/10/9 23:00,0
2022/10/10 0:00,0
2022/10/10 1:00,0
2022/10/10 2:00,0
2022/10/10 3:00,0
2022/10/10 4:00,0
2022/10/10 5:00,0
2022/10/10 6:00,0
2022/10/10 7:00,23.48044777
2022/10/10 8:00,193.3204041
2022/10/10 9:00,420.8534241
2022/10/10 10:00,626.6104736
2022/10/10 11:00,780.6015625
2022/10/10 12:00,866.7067261
2022/10/10 13:00,877.9558716
2022/10/10 14:00,815.2346191
2022/10/10 15:00,683.7339478
2022/10/10 16:00,494.7078552
2022/10/10 17:00,269.8960266
2022/10/10 18:00,64.18789673
2022/10/10 19:00,0
2022/10/10 20:00,0
2022/10/10 21:00,0
2022/10/10 22:00,0
2022/10/10 23:00,0
2022/10/11 0:00,0
2022/10/11 1:00,0
2022/10/11 2:00,0
2022/10/11 3:00,0
2022/10/11 4:00,0
2022/10/11 5:00,0
2022/10/11 6:00,0
2022/10/11 7:00,25.34230614
2022/10/11 8:00,205.416748
2022/10/11 9:00,434.3852234
2022/10/11 10:00,636.5863037
2022/10/11 11:00,786.833252
2022/10/11 12:00,871.3152466
2022/10/11 13:00,882.6340332
2022/10/11 14:00,819.331604
2022/10/11 15:00,686.286377
2022/10/11 16:00,495.2828674
2022/10/11 17:00,268.8869934
2022/10/11 18:00,62.53910065
2022/10/11 19:00,0
2022/10/11 20:00,0
2022/10/11 21:00,0
2022/10/11 22:00,0
2022/10/11 23:00,0
2022/10/12 0:00,0
2022/10/12 1:00,0
2022/10/12 2:00,0
2022/10/12 3:00,0
2022/10/12 4:00,0
2022/10/12 5:00,0
2022/10/12 6:00,0
2022/10/12 7:00,23.55176353
2022/10/12 8:00,200.7140656
2022/10/12 9:00,434.1165466
2022/10/12 10:00,640.6123657
2022/10/12 11:00,794.630249
2022/10/12 12:00,881.1084595
2022/10/12 13:00,892.916748
2022/10/12 14:00,830.1200562
2022/10/12 15:00,696.8412476
2022/10/12 16:00,505.0381775
2022/10/12 17:00,276.8117065
2022/10/12 18:00,64.23640442
2022/10/12 19:00,0
2022/10/12 20:00,0
2022/10/12 21:00,0
2022/10/12 22:00,0
2022/10/12 23:00,0
2022/10/13 0:00,0
2022/10/13 1:00,0
2022/10/13 2:00,0
2022/10/13 3:00,0
2022/10/13 4:00,0
2022/10/13 5:00,0
2022/10/13 6:00,0
2022/10/13 7:00,24.87153816
2022/10/13 8:00,207.2699127
2022/10/13 9:00,437.4969177
2022/10/13 10:00,639.7935181
2022/10/13 11:00,790.125061
2022/10/13 12:00,873.2143555
2022/10/13 13:00,882.0106201
2022/10/13 14:00,817.2442017
2022/10/13 15:00,683.1513062
2022/10/13 16:00,491.5741272
2022/10/13 17:00,264.8986511
2022/10/13 18:00,59.00870132
2022/10/13 19:00,0
2022/10/13 20:00,0
2022/10/13 21:00,0
2022/10/13 22:00,0
2022/10/13 23:00,0
2022/10/14 0:00,0
2022/10/14 1:00,0
2022/10/14 2:00,0
2022/10/14 3:00,0
2022/10/14 4:00,0
2022/10/14 5:00,0
2022/10/14 6:00,0
2022/10/14 7:00,22.98241615
2022/10/14 8:00,198.2101288
2022/10/14 9:00,425.9425964
2022/10/14 10:00,627.6986694
2022/10/14 11:00,777.90979
2022/10/14 12:00,861.9960327
2022/10/14 13:00,872.6602173
2022/10/14 14:00,809.3816528
2022/10/14 15:00,676.2913818
2022/10/14 16:00,485.0294495
2022/10/14 17:00,258.8423462
2022/10/14 18:00,55.91112137
2022/10/14 19:00,0
2022/10/14 20:00,0
2022/10/14 21:00,0
2022/10/14 22:00,0
2022/10/14 23:00,0
2022/10/15 0:00,0
2022/10/15 1:00,0
2022/10/15 2:00,0
2022/10/15 3:00,0
2022/10/15 4:00,0
2022/10/15 5:00,0
2022/10/15 6:00,0
2022/10/15 7:00,21.15743065
2022/10/15 8:00,190.0111237
2022/10/15 9:00,420.314209
2022/10/15 10:00,627.7468262
2022/10/15 11:00,782.9709473
2022/10/15 12:00,869.3314819
2022/10/15 13:00,879.7886353
2022/10/15 14:00,815.8933105
2022/10/15 15:00,681.5962524
2022/10/15 16:00,488.6998291
2022/10/15 17:00,260.7021484
2022/10/15 18:00,55.30511475
2022/10/15 19:00,0
2022/10/15 20:00,0
2022/10/15 21:00,0
2022/10/15 22:00,0
2022/10/15 23:00,0
2022/10/16 0:00,0
2022/10/16 1:00,0
2022/10/16 2:00,0
2022/10/16 3:00,0
2022/10/16 4:00,0
2022/10/16 5:00,0
2022/10/16 6:00,0
2022/10/16 7:00,21.37098503
2022/10/16 8:00,191.091507
2022/10/16 9:00,415.5146179
2022/10/16 10:00,615.644165
2022/10/16 11:00,764.0908203
2022/10/16 12:00,845.477478
2022/10/16 13:00,853.1647339
2022/10/16 14:00,788.2233887
2022/10/16 15:00,655.5234375
2022/10/16 16:00,466.7192993
2022/10/16 17:00,244.6029205
2022/10/16 18:00,49.96705246
2022/10/16 19:00,0
2022/10/16 20:00,0
2022/10/16 21:00,0
2022/10/16 22:00,0
2022/10/16 23:00,0
2022/10/17 0:00,0
2022/10/17 1:00,0
2022/10/17 2:00,0
2022/10/17 3:00,0
2022/10/17 4:00,0
2022/10/17 5:00,0
2022/10/17 6:00,0
2022/10/17 7:00,20.86393738
2022/10/17 8:00,189.4092407
2022/10/17 9:00,411.1391602
2022/10/17 10:00,606.8441772
2022/10/17 11:00,751.305603
2022/10/17 12:00,830.9196777
2022/10/17 13:00,838.9648438
2022/10/17 14:00,774.8032837
2022/10/17 15:00,644.1905518
2022/10/17 16:00,458.7465515
2022/10/17 17:00,240.1386871
2022/10/17 18:00,48.28061676
2022/10/17 19:00,0
2022/10/17 20:00,0
2022/10/17 21:00,0
2022/10/17 22:00,0
2022/10/17 23:00,0
2022/10/18 0:00,0
2022/10/18 1:00,0
2022/10/18 2:00,0
2022/10/18 3:00,0
2022/10/18 4:00,0
2022/10/18 5:00,0
2022/10/18 6:00,0
2022/10/18 7:00,18.80446434
2022/10/18 8:00,177.7154083
2022/10/18 9:00,397.7945251
2022/10/18 10:00,595.8327637
2022/10/18 11:00,742.8192139
2022/10/18 12:00,824.652771
2022/10/18 13:00,834.6593018
2022/10/18 14:00,772.3286133
2022/10/18 15:00,643.906189
2022/10/18 16:00,461.0866394
2022/10/18 17:00,244.2286682
2022/10/18 18:00,49.02468491
2022/10/18 19:00,0
2022/10/18 20:00,0
2022/10/18 21:00,0
2022/10/18 22:00,0
2022/10/18 23:00,0
2022/10/19 0:00,0
2022/10/19 1:00,0
2022/10/19 2:00,0
2022/10/19 3:00,0
2022/10/19 4:00,0
2022/10/19 5:00,0
2022/10/19 6:00,0
2022/10/19 7:00,19.89331245
2022/10/19 8:00,188.252533
2022/10/19 9:00,410.7735901
2022/10/19 10:00,606.4869385
2022/10/19 11:00,751.0029907
2022/10/19 12:00,830.6717529
2022/10/19 13:00,838.5471191
2022/10/19 14:00,773.6885986
2022/10/19 15:00,641.2092896
2022/10/19 16:00,452.9505005
2022/10/19 17:00,232.6431885
2022/10/19 18:00,44.38478851
2022/10/19 19:00,0
2022/10/19 20:00,0
2022/10/19 21:00,0
2022/10/19 22:00,0
2022/10/19 23:00,0
2022/10/20 0:00,0
2022/10/20 1:00,0
2022/10/20 2:00,0
2022/10/20 3:00,0
2022/10/20 4:00,0
2022/10/20 5:00,0
2022/10/20 6:00,0
2022/10/20 7:00,19.17193794
2022/10/20 8:00,185.6940155
2022/10/20 9:00,408.9602356
2022/10/20 10:00,606.6785889
2022/10/20 11:00,752.8753662
2022/10/20 12:00,834.4102783
2022/10/20 13:00,844.5166626
2022/10/20 14:00,782.1490479
2022/10/20 15:00,652.4708862
2022/10/20 16:00,467.0327454
2022/10/20 17:00,246.8038025
2022/10/20 18:00,47.83322906
2022/10/20 19:00,0
2022/10/20 20:00,0
2022/10/20 21:00,0
2022/10/20 22:00,0
2022/10/20 23:00,0
2022/10/21 0:00,0
2022/10/21 1:00,0
2022/10/21 2:00,0
2022/10/21 3:00,0
2022/10/21 4:00,0
2022/10/21 5:00,0
2022/10/21 6:00,0
2022/10/21 7:00,19.29279327
2022/10/21 8:00,188.5867462
2022/10/21 9:00,411.2293396
2022/10/21 10:00,605.8953857
2022/10/21 11:00,749.6040649
2022/10/21 12:00,829.2230835
2022/10/21 13:00,837.5141602
2022/10/21 14:00,772.6437988
2022/10/21 15:00,639.1957397
2022/10/21 16:00,449.3449707
2022/10/21 17:00,228.2150574
2022/10/21 18:00,41.56358719
2022/10/21 19:00,0
2022/10/21 20:00,0
2022/10/21 21:00,0
2022/10/21 22:00,0
2022/10/21 23:00,0
2022/10/22 0:00,0
2022/10/22 1:00,0
2022/10/22 2:00,0
2022/10/22 3:00,0
2022/10/22 4:00,0
2022/10/22 5:00,0
2022/10/22 6:00,0
2022/10/22 7:00,18.53815842
2022/10/22 8:00,186.7756958
2022/10/22 9:00,413.3863831
2022/10/22 10:00,612.2007446
2022/10/22 11:00,758.4389038
2022/10/22 12:00,838.3216553
2022/10/22 13:00,845.1191406
2022/10/22 14:00,778.5366211
2022/10/22 15:00,641.1849976
2022/10/22 16:00,445.9437256
2022/10/22 17:00,222.165329
2022/10/22 18:00,38.81850815
2022/10/22 19:00,0
2022/10/22 20:00,0
2022/10/22 21:00,0
2022/10/22 22:00,0
2022/10/22 23:00,0
2022/10/23 0:00,0
2022/10/23 1:00,0
2022/10/23 2:00,0
2022/10/23 3:00,0
2022/10/23 4:00,0
2022/10/23 5:00,0
2022/10/23 6:00,0
2022/10/23 7:00,16.40767097
2022/10/23 8:00,172.1588593
2022/10/23 9:00,387.1741638
2022/10/23 10:00,575.8255005
2022/10/23 11:00,714.5578003
2022/10/23 12:00,793.9005127
2022/10/23 13:00,806.4816895
2022/10/23 14:00,746.3492432
2022/10/23 15:00,617.5986328
2022/10/23 16:00,432.6111145
2022/10/23 17:00,217.4698639
2022/10/23 18:00,37.75444794
2022/10/23 19:00,0
2022/10/23 20:00,0
2022/10/23 21:00,0
2022/10/23 22:00,0
2022/10/23 23:00,0
2022/10/24 0:00,0
2022/10/24 1:00,0
2022/10/24 2:00,0
2022/10/24 3:00,0
2022/10/24 4:00,0
2022/10/24 5:00,0
2022/10/24 6:00,0
2022/10/24 7:00,15.97007942
2022/10/24 8:00,171.2133026
2022/10/24 9:00,386.9867554
2022/10/24 10:00,575.5545654
2022/10/24 11:00,713.6068726
2022/10/24 12:00,789.3847656
2022/10/24 13:00,795.5077515
2022/10/24 14:00,728.1534424
2022/10/24 15:00,594.7611084
2022/10/24 16:00,409.2941589
2022/10/24 17:00,199.2416687
2022/10/24 18:00,33.64439774
2022/10/24 19:00,0
2022/10/24 20:00,0
2022/10/24 21:00,0
2022/10/24 22:00,0
2022/10/24 23:00,0
2022/10/25 0:00,0
2022/10/25 1:00,0
2022/10/25 2:00,0
2022/10/25 3:00,0
2022/10/25 4:00,0
2022/10/25 5:00,0
2022/10/25 6:00,0
2022/10/25 7:00,15.923563
2022/10/25 8:00,174.8019867
2022/10/25 9:00,399.2983398
2022/10/25 10:00,599.1225586
2022/10/25 11:00,747.444397
2022/10/25 12:00,829.7611694
2022/10/25 13:00,838.9110718
2022/10/25 14:00,774.2404785
2022/10/25 15:00,641.6890259
2022/10/25 16:00,453.3695984
2022/10/25 17:00,231.477417
2022/10/25 18:00,39.59133148
2022/10/25 19:00,0
2022/10/25 20:00,0
2022/10/25 21:00,0
2022/10/25 22:00,0
2022/10/25 23:00,0
2022/10/26 0:00,0
2022/10/26 1:00,0
2022/10/26 2:00,0
2022/10/26 3:00,0
2022/10/26 4:00,0
2022/10/26 5:00,0
2022/10/26 6:00,0
2022/10/26 7:00,16.47535515
2022/10/26 8:00,181.4495697
2022/10/26 9:00,405.7710571
2022/10/26 10:00,601.5599365
2022/10/26 11:00,745.2426147
2022/10/26 12:00,825.4390259
2022/10/26 13:00,834.9787598
2022/10/26 14:00,770.3375854
2022/10/26 15:00,636.3934937
2022/10/26 16:00,445.5826721
2022/10/26 17:00,222.8700562
2022/10/26 18:00,36.52265167
2022/10/26 19:00,0
2022/10/26 20:00,0
2022/10/26 21:00,0
2022/10/26 22:00,0
2022/10/26 23:00,0
2022/10/27 0:00,0
2022/10/27 1:00,0
2022/10/27 2:00,0
2022/10/27 3:00,0
2022/10/27 4:00,0
2022/10/27 5:00,0
2022/10/27 6:00,0
2022/10/27 7:00,15.1621418
2022/10/27 8:00,173.9783173
2022/10/27 9:00,396.900116
2022/10/27 10:00,593.3046265
2022/10/27 11:00,737.9497681
2022/10/27 12:00,816.6571655
2022/10/27 13:00,822.3672485
2022/10/27 14:00,754.4539795
2022/10/27 15:00,616.6827393
2022/10/27 16:00,422.4295349
2022/10/27 17:00,202.3234253
2022/10/27 18:00,31.40121651
2022/10/27 19:00,0
2022/10/27 20:00,0
2022/10/27 21:00,0
2022/10/27 22:00,0
2022/10/27 23:00,0
2022/10/28 0:00,0
2022/10/28 1:00,0
2022/10/28 2:00,0
2022/10/28 3:00,0
2022/10/28 4:00,0
2022/10/28 5:00,0
2022/10/28 6:00,0
2022/10/28 7:00,13.39522171
2022/10/28 8:00,158.7794037
2022/10/28 9:00,376.3086548
2022/10/28 10:00,575.5889282
2022/10/28 11:00,724.3718262
2022/10/28 12:00,805.9437866
2022/10/28 13:00,813.3754883
2022/10/28 14:00,747.6992188
2022/10/28 15:00,613.8210449
2022/10/28 16:00,424.7461243
2022/10/28 17:00,207.0489197
2022/10/28 18:00,31.98984718
2022/10/28 19:00,0
2022/10/28 20:00,0
2022/10/28 21:00,0
2022/10/28 22:00,0
2022/10/28 23:00,0
2022/10/29 0:00,0
2022/10/29 1:00,0
2022/10/29 2:00,0
2022/10/29 3:00,0
2022/10/29 4:00,0
2022/10/29 5:00,0
2022/10/29 6:00,0
2022/10/29 7:00,13.50533867
2022/10/29 8:00,165.3230133
2022/10/29 9:00,384.7563782
2022/10/29 10:00,579.1364746
2022/10/29 11:00,722.9489746
2022/10/29 12:00,802.3746338
2022/10/29 13:00,810.1395264
2022/10/29 14:00,744.7445068
2022/10/29 15:00,611.6236572
2022/10/29 16:00,423.5909424
2022/10/29 17:00,206.2953796
2022/10/29 18:00,31.23724174
2022/10/29 19:00,0
2022/10/29 20:00,0
2022/10/29 21:00,0
2022/10/29 22:00,0
2022/10/29 23:00,0
2022/10/30 0:00,0
2022/10/30 1:00,0
2022/10/30 2:00,0
2022/10/30 3:00,0
2022/10/30 4:00,0
2022/10/30 5:00,0
2022/10/30 6:00,0
2022/10/30 7:00,13.44501305
2022/10/30 8:00,167.3373718
2022/10/30 9:00,389.6164856
2022/10/30 10:00,588.0146484
2022/10/30 11:00,735.3015137
2022/10/30 12:00,816.5687256
2022/10/30 13:00,824.6904907
2022/10/30 14:00,759.3131104
2022/10/30 15:00,624.210083
2022/10/30 16:00,432.1193237
2022/10/30 17:00,209.9779816
2022/10/30 18:00,31.08869553
2022/10/30 19:00,0
2022/10/30 20:00,0
2022/10/30 21:00,0
2022/10/30 22:00,0
2022/10/30 23:00,0
2022/10/31 0:00,0
2022/10/31 1:00,0
2022/10/31 2:00,0
2022/10/31 3:00,0
2022/10/31 4:00,0
2022/10/31 5:00,0
2022/10/31 6:00,0
2022/10/31 7:00,13.35378933
2022/10/31 8:00,169.4442749
2022/10/31 9:00,390.2473755
2022/10/31 10:00,583.5131226
2022/10/31 11:00,724.8494263
2022/10/31 12:00,801.3082886
2022/10/31 13:00,806.5912476
2022/10/31 14:00,739.934021
2022/10/31 15:00,606.7514038
2022/10/31 16:00,419.4694519
2022/10/31 17:00,202.8753052
2022/10/31 18:00,29.34109497
2022/10/31 19:00,0
2022/10/31 20:00,0
2022/10/31 21:00,0
2022/10/31 22:00,0
2022/10/31 23:00,0
2022/11/1 0:00,0
2022/11/1 1:00,0
2022/11/1 2:00,0
2022/11/1 3:00,0
2022/11/1 4:00,0
2022/11/1 5:00,0
2022/11/1 6:00,0
2022/11/1 7:00,13.40920353
2022/11/1 8:00,171.2523651
2022/11/1 9:00,388.0151978
2022/11/1 10:00,576.1906738
2022/11/1 11:00,713.6229248
2022/11/1 12:00,790.0380859
2022/11/1 13:00,798.8831787
2022/11/1 14:00,736.6868286
2022/11/1 15:00,607.5723267
2022/11/1 16:00,423.70401
2022/11/1 17:00,208.7794342
2022/11/1 18:00,30.31377792
2022/11/1 19:00,0
2022/11/1 20:00,0
2022/11/1 21:00,0
2022/11/1 22:00,0
2022/11/1 23:00,0
2022/11/2 0:00,0
2022/11/2 1:00,0
2022/11/2 2:00,0
2022/11/2 3:00,0
2022/11/2 4:00,0
2022/11/2 5:00,0
2022/11/2 6:00,0
2022/11/2 7:00,12.50119591
2022/11/2 8:00,165.6722565
2022/11/2 9:00,379.9639587
2022/11/2 10:00,568.8546753
2022/11/2 11:00,708.3428345
2022/11/2 12:00,784.9941406
2022/11/2 13:00,791.9590454
2022/11/2 14:00,728.4760132
2022/11/2 15:00,600.732605
2022/11/2 16:00,420.6506653
2022/11/2 17:00,208.8650055
2022/11/2 18:00,30.02052116
2022/11/2 19:00,0
2022/11/2 20:00,0
2022/11/2 21:00,0
2022/11/2 22:00,0
2022/11/2 23:00,0
2022/11/3 0:00,0
2022/11/3 1:00,0
2022/11/3 2:00,0
2022/11/3 3:00,0
2022/11/3 4:00,0
2022/11/3 5:00,0
2022/11/3 6:00,0
2022/11/3 7:00,11.00622654
2022/11/3 8:00,156.9257965
2022/11/3 9:00,370.8695374
2022/11/3 10:00,559.9310913
2022/11/3 11:00,699.7056274
2022/11/3 12:00,777.1846313
2022/11/3 13:00,785.4428711
2022/11/3 14:00,722.8271484
2022/11/3 15:00,593.8424072
2022/11/3 16:00,410.2442932
2022/11/3 17:00,196.7190552
2022/11/3 18:00,26.78822899
2022/11/3 19:00,0
2022/11/3 20:00,0
2022/11/3 21:00,0
2022/11/3 22:00,0
2022/11/3 23:00,0
2022/11/4 0:00,0
2022/11/4 1:00,0
2022/11/4 2:00,0
2022/11/4 3:00,0
2022/11/4 4:00,0
2022/11/4 5:00,0
2022/11/4 6:00,0
2022/11/4 7:00,10.42895985
2022/11/4 8:00,152.232666
2022/11/4 9:00,365.4117126
2022/11/4 10:00,556.6531372
2022/11/4 11:00,698.7037964
2022/11/4 12:00,778.7022095
2022/11/4 13:00,789.4182129
2022/11/4 14:00,728.4567261
2022/11/4 15:00,600.5504761
2022/11/4 16:00,417.3279724
2022/11/4 17:00,202.3447876
2022/11/4 18:00,27.42705536
2022/11/4 19:00,0
2022/11/4 20:00,0
2022/11/4 21:00,0
2022/11/4 22:00,0
2022/11/4 23:00,0
2022/11/5 0:00,0
2022/11/5 1:00,0
2022/11/5 2:00,0
2022/11/5 3:00,0
2022/11/5 4:00,0
2022/11/5 5:00,0
2022/11/5 6:00,0
2022/11/5 7:00,9.661595345
2022/11/5 8:00,146.0270386
2022/11/5 9:00,358.9951172
2022/11/5 10:00,553.1322021
2022/11/5 11:00,697.406189
2022/11/5 12:00,776.0510254
2022/11/5 13:00,781.9546509
2022/11/5 14:00,715.1400146
2022/11/5 15:00,581.2835693
2022/11/5 16:00,393.8661804
2022/11/5 17:00,181.9817047
2022/11/5 18:00,23.53885651
2022/11/5 19:00,0
2022/11/5 20:00,0
2022/11/5 21:00,0
2022/11/5 22:00,0
2022/11/5 23:00,0
2022/11/6 0:00,0
2022/11/6 1:00,0
2022/11/6 2:00,0
2022/11/6 3:00,0
2022/11/6 4:00,0
2022/11/6 5:00,0
2022/11/6 6:00,0
2022/11/6 7:00,9.272093773
2022/11/6 8:00,145.0411072
2022/11/6 9:00,357.5952454
2022/11/6 10:00,550.1638794
2022/11/6 11:00,692.520752
2022/11/6 12:00,770.6245117
2022/11/6 13:00,777.7436523
2022/11/6 14:00,712.9556274
2022/11/6 15:00,583.1994019
2022/11/6 16:00,401.5125122
2022/11/6 17:00,191.3652954
2022/11/6 18:00,24.90547943
2022/11/6 19:00,0
2022/11/6 20:00,0
2022/11/6 21:00,0
2022/11/6 22:00,0
2022/11/6 23:00,0
2022/11/7 0:00,0
2022/11/7 1:00,0
2022/11/7 2:00,0
2022/11/7 3:00,0
2022/11/7 4:00,0
2022/11/7 5:00,0
2022/11/7 6:00,0
2022/11/7 7:00,8.902143478
2022/11/7 8:00,145.6072693
2022/11/7 9:00,358.2461548
2022/11/7 10:00,548.6581421
2022/11/7 11:00,689.3639526
2022/11/7 12:00,766.852478
2022/11/7 13:00,774.1316528
2022/11/7 14:00,709.5952759
2022/11/7 15:00,579.8041992
2022/11/7 16:00,397.3783264
2022/11/7 17:00,186.8731537
2022/11/7 18:00,23.60786438
2022/11/7 19:00,0
2022/11/7 20:00,0
2022/11/7 21:00,0
2022/11/7 22:00,0
2022/11/7 23:00,0
2022/11/8 0:00,0
2022/11/8 1:00,0
2022/11/8 2:00,0
2022/11/8 3:00,0
2022/11/8 4:00,0
2022/11/8 5:00,0
2022/11/8 6:00,0
2022/11/8 7:00,8.358489037
2022/11/8 8:00,142.6096649
2022/11/8 9:00,355.9454346
2022/11/8 10:00,548.8276978
2022/11/8 11:00,691.8343506
2022/11/8 12:00,770.5722656
2022/11/8 13:00,778.3692627
2022/11/8 14:00,714.8693848
2022/11/8 15:00,585.3144531
2022/11/8 16:00,401.7828979
2022/11/8 17:00,189.0770264
2022/11/8 18:00,23.4405365
2022/11/8 19:00,0
2022/11/8 20:00,0
2022/11/8 21:00,0
2022/11/8 22:00,0
2022/11/8 23:00,0
2022/11/9 0:00,0
2022/11/9 1:00,0
2022/11/9 2:00,0
2022/11/9 3:00,0
2022/11/9 4:00,0
2022/11/9 5:00,0
2022/11/9 6:00,0
2022/11/9 7:00,8.480317116
2022/11/9 8:00,147.8596344
2022/11/9 9:00,361.9858093
2022/11/9 10:00,553.3057861
2022/11/9 11:00,694.7620239
2022/11/9 12:00,773.3112793
2022/11/9 13:00,781.9733887
2022/11/9 14:00,719.0010986
2022/11/9 15:00,589.8184814
2022/11/9 16:00,406.5776978
2022/11/9 17:00,193.0850525
2022/11/9 18:00,23.81912804
2022/11/9 19:00,0
2022/11/9 20:00,0
2022/11/9 21:00,0
2022/11/9 22:00,0
2022/11/9 23:00,0
2022/11/10 0:00,0
2022/11/10 1:00,0
2022/11/10 2:00,0
2022/11/10 3:00,0
2022/11/10 4:00,0
2022/11/10 5:00,0
2022/11/10 6:00,0
2022/11/10 7:00,7.58804512
2022/11/10 8:00,139.8279114
2022/11/10 9:00,351.7287598
2022/11/10 10:00,544.12677
2022/11/10 11:00,687.21698
2022/11/10 12:00,767.3135376
2022/11/10 13:00,777.3557129
2022/11/10 14:00,715.6853027
2022/11/10 15:00,588.1524048
2022/11/10 16:00,406.9639587
2022/11/10 17:00,194.8238831
2022/11/10 18:00,23.95848846
2022/11/10 19:00,0
2022/11/10 20:00,0
2022/11/10 21:00,0
2022/11/10 22:00,0
2022/11/10 23:00,0
2022/11/11 0:00,0
2022/11/11 1:00,0
2022/11/11 2:00,0
2022/11/11 3:00,0
2022/11/11 4:00,0
2022/11/11 5:00,0
2022/11/11 6:00,0
2022/11/11 7:00,7.206531525
2022/11/11 8:00,138.9279022
2022/11/11 9:00,354.2098694
2022/11/11 10:00,550.3756104
2022/11/11 11:00,696.4836426
2022/11/11 12:00,777.5294189
2022/11/11 13:00,786.6071167
2022/11/11 14:00,723.241272
2022/11/11 15:00,592.6443481
2022/11/11 16:00,407.2875061
2022/11/11 17:00,191.7862854
2022/11/11 18:00,22.83694839
2022/11/11 19:00,0
2022/11/11 20:00,0
2022/11/11 21:00,0
2022/11/11 22:00,0
2022/11/11 23:00,0
2022/11/12 0:00,0
2022/11/12 1:00,0
2022/11/12 2:00,0
2022/11/12 3:00,0
2022/11/12 4:00,0
2022/11/12 5:00,0
2022/11/12 6:00,0
2022/11/12 7:00,6.871897697
2022/11/12 8:00,136.7061615
2022/11/12 9:00,349.1355286
2022/11/12 10:00,544.1745605
2022/11/12 11:00,689.4001465
2022/11/12 12:00,769.2348633
2022/11/12 13:00,776.9467773
2022/11/12 14:00,712.8845215
2022/11/12 15:00,582.947937
2022/11/12 16:00,399.5088196
2022/11/12 17:00,186.7510681
2022/11/12 18:00,21.8392601
2022/11/12 19:00,0
2022/11/12 20:00,0
2022/11/12 21:00,0
2022/11/12 22:00,0
2022/11/12 23:00,0
2022/11/13 0:00,0
2022/11/13 1:00,0
2022/11/13 2:00,0
2022/11/13 3:00,0
2022/11/13 4:00,0
2022/11/13 5:00,0
2022/11/13 6:00,0
2022/11/13 7:00,6.397464275
2022/11/13 8:00,133.5181427
2022/11/13 9:00,341.8744812
2022/11/13 10:00,532.3757935
2022/11/13 11:00,674.1218872
2022/11/13 12:00,752.5291138
2022/11/13 13:00,760.6461792
2022/11/13 14:00,697.9752808
2022/11/13 15:00,571.53302
2022/11/13 16:00,393.5762939
2022/11/13 17:00,185.9158936
2022/11/13 18:00,21.73417664
2022/11/13 19:00,0
2022/11/13 20:00,0
2022/11/13 21:00,0
2022/11/13 22:00,0
2022/11/13 23:00,0
2022/11/14 0:00,0
2022/11/14 1:00,0
2022/11/14 2:00,0
2022/11/14 3:00,0
2022/11/14 4:00,0
2022/11/14 5:00,0
2022/11/14 6:00,0
2022/11/14 7:00,6.22016573
2022/11/14 8:00,137.0408783
2022/11/14 9:00,346.9439392
2022/11/14 10:00,533.5728149
2022/11/14 11:00,671.5958252
2022/11/14 12:00,747.7800903
2022/11/14 13:00,754.9165039
2022/11/14 14:00,690.7634277
2022/11/14 15:00,561.5787964
2022/11/14 16:00,380.0830383
2022/11/14 17:00,172.7553711
2022/11/14 18:00,19.4328289
2022/11/14 19:00,0
2022/11/14 20:00,0
2022/11/14 21:00,0
2022/11/14 22:00,0
2022/11/14 23:00,0
2022/11/15 0:00,0
2022/11/15 1:00,0
2022/11/15 2:00,0
2022/11/15 3:00,0
2022/11/15 4:00,0
2022/11/15 5:00,0
2022/11/15 6:00,0
2022/11/15 7:00,5.205862999
2022/11/15 8:00,120.2584
2022/11/15 9:00,322.3412781
2022/11/15 10:00,511.5072632
2022/11/15 11:00,652.8532104
2022/11/15 12:00,730.4581909
2022/11/15 13:00,737.2908936
2022/11/15 14:00,673.0575562
2022/11/15 15:00,544.9522705
2022/11/15 16:00,366.3850708
2022/11/15 17:00,164.45961
2022/11/15 18:00,18.1023159
2022/11/15 19:00,0
2022/11/15 20:00,0
2022/11/15 21:00,0
2022/11/15 22:00,0
2022/11/15 23:00,0
2022/11/16 0:00,0
2022/11/16 1:00,0
2022/11/16 2:00,0
2022/11/16 3:00,0
2022/11/16 4:00,0
2022/11/16 5:00,0
2022/11/16 6:00,0
2022/11/16 7:00,4.956783772
2022/11/16 8:00,120.6413193
2022/11/16 9:00,327.076355
2022/11/16 10:00,522.6918945
2022/11/16 11:00,669.5330811
2022/11/16 12:00,751.5427856
2022/11/16 13:00,762.3002319
2022/11/16 14:00,702.1969604
2022/11/16 15:00,575.9005737
2022/11/16 16:00,395.4775391
2022/11/16 17:00,185.0315094
2022/11/16 18:00,20.63544083
2022/11/16 19:00,0
2022/11/16 20:00,0
2022/11/16 21:00,0
2022/11/16 22:00,0
2022/11/16 23:00,0
2022/11/17 0:00,0
2022/11/17 1:00,0
2022/11/17 2:00,0
2022/11/17 3:00,0
2022/11/17 4:00,0
2022/11/17 5:00,0
2022/11/17 6:00,0
2022/11/17 7:00,4.590482235
2022/11/17 8:00,118.6983719
2022/11/17 9:00,326.2462158
2022/11/17 10:00,523.6394653
2022/11/17 11:00,671.9416504
2022/11/17 12:00,753.149353
2022/11/17 13:00,761.0076294
2022/11/17 14:00,698.1101685
2022/11/17 15:00,570.7140503
2022/11/17 16:00,390.9755859
2022/11/17 17:00,181.7467346
2022/11/17 18:00,20.0111351
2022/11/17 19:00,0
2022/11/17 20:00,0
2022/11/17 21:00,0
2022/11/17 22:00,0
2022/11/17 23:00,0
2022/11/18 0:00,0
2022/11/18 1:00,0
2022/11/18 2:00,0
2022/11/18 3:00,0
2022/11/18 4:00,0
2022/11/18 5:00,0
2022/11/18 6:00,0
2022/11/18 7:00,4.42548275
2022/11/18 8:00,122.058197
2022/11/18 9:00,329.5041199
2022/11/18 10:00,522.6538086
2022/11/18 11:00,667.7459717
2022/11/18 12:00,749.2271118
2022/11/18 13:00,759.9165649
2022/11/18 14:00,699.4627075
2022/11/18 15:00,573.0166626
2022/11/18 16:00,392.7879333
2022/11/18 17:00,182.6870728
2022/11/18 18:00,19.97632408
2022/11/18 19:00,0
2022/11/18 20:00,0
2022/11/18 21:00,0
2022/11/18 22:00,0
2022/11/18 23:00,0
2022/11/19 0:00,0
2022/11/19 1:00,0
2022/11/19 2:00,0
2022/11/19 3:00,0
2022/11/19 4:00,0
2022/11/19 5:00,0
2022/11/19 6:00,0
2022/11/19 7:00,4.037281513
2022/11/19 8:00,117.4574585
2022/11/19 9:00,322.1098328
2022/11/19 10:00,513.8497925
2022/11/19 11:00,657.5151978
2022/11/19 12:00,737.2525024
2022/11/19 13:00,746.0723267
2022/11/19 14:00,683.8575439
2022/11/19 15:00,555.4484863
2022/11/19 16:00,373.6359253
2022/11/19 17:00,166.7119751
2022/11/19 18:00,17.42777634
2022/11/19 19:00,0
2022/11/19 20:00,0
2022/11/19 21:00,0
2022/11/19 22:00,0
2022/11/19 23:00,0
2022/11/20 0:00,0
2022/11/20 1:00,0
2022/11/20 2:00,0
2022/11/20 3:00,0
2022/11/20 4:00,0
2022/11/20 5:00,0
2022/11/20 6:00,0
2022/11/20 7:00,3.502018452
2022/11/20 8:00,110.57444
2022/11/20 9:00,307.3945618
2022/11/20 10:00,487.5015869
2022/11/20 11:00,620.973877
2022/11/20 12:00,695.8826904
2022/11/20 13:00,704.6358032
2022/11/20 14:00,642.913147
2022/11/20 15:00,517.2322388
2022/11/20 16:00,341.7009583
2022/11/20 17:00,147.8360138
2022/11/20 18:00,15.4110527
2022/11/20 19:00,0
2022/11/20 20:00,0
2022/11/20 21:00,0
2022/11/20 22:00,0
2022/11/20 23:00,0
2022/11/21 0:00,0
2022/11/21 1:00,0
2022/11/21 2:00,0
2022/11/21 3:00,0
2022/11/21 4:00,0
2022/11/21 5:00,0
2022/11/21 6:00,0
2022/11/21 7:00,3.291915894
2022/11/21 8:00,109.5548325
2022/11/21 9:00,308.4417419
2022/11/21 10:00,495.7914734
2022/11/21 11:00,636.2037964
2022/11/21 12:00,715.1531372
2022/11/21 13:00,725.6550293
2022/11/21 14:00,666.4293213
2022/11/21 15:00,542.628479
2022/11/21 16:00,366.5146484
2022/11/21 17:00,164.4569092
2022/11/21 18:00,16.97177887
2022/11/21 19:00,0
2022/11/21 20:00,0
2022/11/21 21:00,0
2022/11/21 22:00,0
2022/11/21 23:00,0
2022/11/22 0:00,0
2022/11/22 1:00,0
2022/11/22 2:00,0
2022/11/22 3:00,0
2022/11/22 4:00,0
2022/11/22 5:00,0
2022/11/22 6:00,0
2022/11/22 7:00,3.024832726
2022/11/22 8:00,110.7089233
2022/11/22 9:00,311.3523254
2022/11/22 10:00,495.5265503
2022/11/22 11:00,632.9786987
2022/11/22 12:00,711.0210571
2022/11/22 13:00,722.5663452
2022/11/22 14:00,664.9966431
2022/11/22 15:00,542.0959473
2022/11/22 16:00,365.6500854
2022/11/22 17:00,163.1764832
2022/11/22 18:00,16.67135239
2022/11/22 19:00,0
2022/11/22 20:00,0
2022/11/22 21:00,0
2022/11/22 22:00,0
2022/11/22 23:00,0
2022/11/23 0:00,0
2022/11/23 1:00,0
2022/11/23 2:00,0
2022/11/23 3:00,0
2022/11/23 4:00,0
2022/11/23 5:00,0
2022/11/23 6:00,0
2022/11/23 7:00,2.700556517
2022/11/23 8:00,107.1070862
2022/11/23 9:00,305.7340698
2022/11/23 10:00,490.7359314
2022/11/23 11:00,630.0099487
2022/11/23 12:00,708.4213867
2022/11/23 13:00,718.7247925
2022/11/23 14:00,660.1791992
2022/11/23 15:00,538.2073975
2022/11/23 16:00,364.8821106
2022/11/23 17:00,164.6541748
2022/11/23 18:00,16.7969799
2022/11/23 19:00,0
2022/11/23 20:00,0
2022/11/23 21:00,0
2022/11/23 22:00,0
2022/11/23 23:00,0
2022/11/24 0:00,0
2022/11/24 1:00,0
2022/11/24 2:00,0
2022/11/24 3:00,0
2022/11/24 4:00,0
2022/11/24 5:00,0
2022/11/24 6:00,0
2022/11/24 7:00,2.505221605
2022/11/24 8:00,106.6026688
2022/11/24 9:00,306.2788391
2022/11/24 10:00,493.0913391
2022/11/24 11:00,632.894104
2022/11/24 12:00,711.0437622
2022/11/24 13:00,721.0006104
2022/11/24 14:00,662.5425415
2022/11/24 15:00,541.8302002
2022/11/24 16:00,370.4183044
2022/11/24 17:00,170.1694031
2022/11/24 18:00,17.57525826
2022/11/24 19:00,0
2022/11/24 20:00,0
2022/11/24 21:00,0
2022/11/24 22:00,0
2022/11/24 23:00,0
2022/11/25 0:00,0
2022/11/25 1:00,0
2022/11/25 2:00,0
2022/11/25 3:00,0
2022/11/25 4:00,0
2022/11/25 5:00,0
2022/11/25 6:00,0
2022/11/25 7:00,2.202310085
2022/11/25 8:00,100.509201
2022/11/25 9:00,296.4843445
2022/11/25 10:00,482.2220154
2022/11/25 11:00,622.0852661
2022/11/25 12:00,701.4474487
2022/11/25 13:00,713.1239014
2022/11/25 14:00,655.3643188
2022/11/25 15:00,532.3632202
2022/11/25 16:00,356.717041
2022/11/25 17:00,157.3342896
2022/11/25 18:00,15.85243034
2022/11/25 19:00,0
2022/11/25 20:00,0
2022/11/25 21:00,0
2022/11/25 22:00,0
2022/11/25 23:00,0
2022/11/26 0:00,0
2022/11/26 1:00,0
2022/11/26 2:00,0
2022/11/26 3:00,0
2022/11/26 4:00,0
2022/11/26 5:00,0
2022/11/26 6:00,0
2022/11/26 7:00,1.952522874
2022/11/26 8:00,99.18536377
2022/11/26 9:00,296.696228
2022/11/26 10:00,485.4003906
2022/11/26 11:00,628.7929688
2022/11/26 12:00,709.2889404
2022/11/26 13:00,719.6852417
2022/11/26 14:00,660.9868774
2022/11/26 15:00,538.4277954
2022/11/26 16:00,364.0275574
2022/11/26 17:00,163.1125793
2022/11/26 18:00,16.51615715
2022/11/26 19:00,0
2022/11/26 20:00,0
2022/11/26 21:00,0
2022/11/26 22:00,0
2022/11/26 23:00,0
2022/11/27 0:00,0
2022/11/27 1:00,0
2022/11/27 2:00,0
2022/11/27 3:00,0
2022/11/27 4:00,0
2022/11/27 5:00,0
2022/11/27 6:00,0
2022/11/27 7:00,1.766096592
2022/11/27 8:00,98.51068115
2022/11/27 9:00,297.3075256
2022/11/27 10:00,486.8013
2022/11/27 11:00,630.1975708
2022/11/27 12:00,710.7164307
2022/11/27 13:00,721.2848511
2022/11/27 14:00,662.487915
2022/11/27 15:00,540.3772583
2022/11/27 16:00,366.8104553
2022/11/27 17:00,165.5748444
2022/11/27 18:00,16.77735519
2022/11/27 19:00,0
2022/11/27 20:00,0
2022/11/27 21:00,0
2022/11/27 22:00,0
2022/11/27 23:00,0
2022/11/28 0:00,0
2022/11/28 1:00,0
2022/11/28 2:00,0
2022/11/28 3:00,0
2022/11/28 4:00,0
2022/11/28 5:00,0
2022/11/28 6:00,0
2022/11/28 7:00,1.611561298
2022/11/28 8:00,99.96354675
2022/11/28 9:00,301.4324341
2022/11/28 10:00,492.2434998
2022/11/28 11:00,636.5507202
2022/11/28 12:00,717.998291
2022/11/28 13:00,729.7730103
2022/11/28 14:00,672.5614624
2022/11/28 15:00,552.1889038
2022/11/28 16:00,379.9595947
2022/11/28 17:00,176.8297424
2022/11/28 18:00,18.44671059
2022/11/28 19:00,0
2022/11/28 20:00,0
2022/11/28 21:00,0
2022/11/28 22:00,0
2022/11/28 23:00,0
2022/11/29 0:00,0
2022/11/29 1:00,0
2022/11/29 2:00,0
2022/11/29 3:00,0
2022/11/29 4:00,0
2022/11/29 5:00,0
2022/11/29 6:00,0
2022/11/29 7:00,1.517835259
2022/11/29 8:00,105.2088776
2022/11/29 9:00,309.8877258
2022/11/29 10:00,498.3749084
2022/11/29 11:00,640.0160522
2022/11/29 12:00,721.208374
2022/11/29 13:00,734.8266602
2022/11/29 14:00,678.9051514
2022/11/29 15:00,558.5670166
2022/11/29 16:00,385.2738037
2022/11/29 17:00,180.5760345
2022/11/29 18:00,19.0566349
2022/11/29 19:00,0
2022/11/29 20:00,0
2022/11/29 21:00,0
2022/11/29 22:00,0
2022/11/29 23:00,0
2022/11/30 0:00,0
2022/11/30 1:00,0
2022/11/30 2:00,0
2022/11/30 3:00,0
2022/11/30 4:00,0
2022/11/30 5:00,0
2022/11/30 6:00,0
2022/11/30 7:00,1.229954958
2022/11/30 8:00,97.2721405
2022/11/30 9:00,298.8595276
2022/11/30 10:00,488.05896
2022/11/30 11:00,631.8513184
2022/11/30 12:00,713.460144
2022/11/30 13:00,725.3327637
2022/11/30 14:00,667.6148682
2022/11/30 15:00,545.1682129
2022/11/30 16:00,369.9768677
2022/11/30 17:00,166.9806976
2022/11/30 18:00,16.95721436
2022/11/30 19:00,0
2022/11/30 20:00,0
2022/11/30 21:00,0
2022/11/30 22:00,0
2022/11/30 23:00,0
2022/12/1 0:00,0
2022/12/1 1:00,0
2022/12/1 2:00,0
2022/12/1 3:00,0
2022/12/1 4:00,0
2022/12/1 5:00,0
2022/12/1 6:00,0
2022/12/1 7:00,1.114792228
2022/12/1 8:00,98.02748108
2022/12/1 9:00,298.6993713
2022/12/1 10:00,484.5856628
2022/12/1 11:00,624.9249268
2022/12/1 12:00,705.7286987
2022/12/1 13:00,719.133728
2022/12/1 14:00,662.4595337
2022/12/1 15:00,541.0720215
2022/12/1 16:00,367.2328186
2022/12/1 17:00,166.0117493
2022/12/1 18:00,17.04507065
2022/12/1 19:00,0
2022/12/1 20:00,0
2022/12/1 21:00,0
2022/12/1 22:00,0
2022/12/1 23:00,0
2022/12/2 0:00,0
2022/12/2 1:00,0
2022/12/2 2:00,0
2022/12/2 3:00,0
2022/12/2 4:00,0
2022/12/2 5:00,0
2022/12/2 6:00,0
2022/12/2 7:00,0.942314863
2022/12/2 8:00,95.11883545
2022/12/2 9:00,296.411499
2022/12/2 10:00,484.61203
2022/12/2 11:00,627.2612915
2022/12/2 12:00,709.0766602
2022/12/2 13:00,722.4418335
2022/12/2 14:00,666.0178223
2022/12/2 15:00,543.9874878
2022/12/2 16:00,368.6133118
2022/12/2 17:00,165.9943085
2022/12/2 18:00,16.90303802
2022/12/2 19:00,0
2022/12/2 20:00,0
2022/12/2 21:00,0
2022/12/2 22:00,0
2022/12/2 23:00,0
2022/12/3 0:00,0
2022/12/3 1:00,0
2022/12/3 2:00,0
2022/12/3 3:00,0
2022/12/3 4:00,0
2022/12/3 5:00,0
2022/12/3 6:00,0
2022/12/3 7:00,0.793109477
2022/12/3 8:00,91.36503601
2022/12/3 9:00,290.4442444
2022/12/3 10:00,479.1051025
2022/12/3 11:00,622.5830078
2022/12/3 12:00,704.9630737
2022/12/3 13:00,718.586792
2022/12/3 14:00,662.4584961
2022/12/3 15:00,541.4266968
2022/12/3 16:00,367.4383545
2022/12/3 17:00,165.8835144
2022/12/3 18:00,17.02569962
2022/12/3 19:00,0
2022/12/3 20:00,0
2022/12/3 21:00,0
2022/12/3 22:00,0
2022/12/3 23:00,0
2022/12/4 0:00,0
2022/12/4 1:00,0
2022/12/4 2:00,0
2022/12/4 3:00,0
2022/12/4 4:00,0
2022/12/4 5:00,0
2022/12/4 6:00,0
2022/12/4 7:00,0.662714064
2022/12/4 8:00,84.48717499
2022/12/4 9:00,282.1554565
2022/12/4 10:00,477.4079285
2022/12/4 11:00,627.6738892
2022/12/4 12:00,714.0198364
2022/12/4 13:00,729.2755127
2022/12/4 14:00,674.6396484
2022/12/4 15:00,553.553894
2022/12/4 16:00,377.391571
2022/12/4 17:00,172.0413666
2022/12/4 18:00,17.95839691
2022/12/4 19:00,0
2022/12/4 20:00,0
2022/12/4 21:00,0
2022/12/4 22:00,0
2022/12/4 23:00,0
2022/12/5 0:00,0
2022/12/5 1:00,0
2022/12/5 2:00,0
2022/12/5 3:00,0
2022/12/5 4:00,0
2022/12/5 5:00,0
2022/12/5 6:00,0
2022/12/5 7:00,0.558567226
2022/12/5 8:00,84.17948914
2022/12/5 9:00,281.0277405
2022/12/5 10:00,473.4049072
2022/12/5 11:00,620.7715454
2022/12/5 12:00,706.4923706
2022/12/5 13:00,723.0653687
2022/12/5 14:00,669.5493774
2022/12/5 15:00,550.5791016
2022/12/5 16:00,377.7502441
2022/12/5 17:00,174.7627411
2022/12/5 18:00,18.62239075
2022/12/5 19:00,0
2022/12/5 20:00,0
2022/12/5 21:00,0
2022/12/5 22:00,0
2022/12/5 23:00,0
2022/12/6 0:00,0
2022/12/6 1:00,0
2022/12/6 2:00,0
2022/12/6 3:00,0
2022/12/6 4:00,0
2022/12/6 5:00,0
2022/12/6 6:00,0
2022/12/6 7:00,0.461993337
2022/12/6 8:00,84.73930359
2022/12/6 9:00,286.0481567
2022/12/6 10:00,483.6767273
2022/12/6 11:00,635.9726563
2022/12/6 12:00,723.9517822
2022/12/6 13:00,739.8924561
2022/12/6 14:00,684.8528442
2022/12/6 15:00,562.7189331
2022/12/6 16:00,385.1969299
2022/12/6 17:00,177.2028198
2022/12/6 18:00,18.80697632
2022/12/6 19:00,0
2022/12/6 20:00,0
2022/12/6 21:00,0
2022/12/6 22:00,0
2022/12/6 23:00,0
2022/12/7 0:00,0
2022/12/7 1:00,0
2022/12/7 2:00,0
2022/12/7 3:00,0
2022/12/7 4:00,0
2022/12/7 5:00,0
2022/12/7 6:00,0
2022/12/7 7:00,0.385704279
2022/12/7 8:00,86.41189575
2022/12/7 9:00,287.573822
2022/12/7 10:00,479.8870239
2022/12/7 11:00,626.9441528
2022/12/7 12:00,712.4465332
2022/12/7 13:00,728.461853
2022/12/7 14:00,673.7987061
2022/12/7 15:00,552.5460815
2022/12/7 16:00,376.7729187
2022/12/7 17:00,172.1800995
2022/12/7 18:00,18.318964
2022/12/7 19:00,0
2022/12/7 20:00,0
2022/12/7 21:00,0
2022/12/7 22:00,0
2022/12/7 23:00,0
2022/12/8 0:00,0
2022/12/8 1:00,0
2022/12/8 2:00,0
2022/12/8 3:00,0
2022/12/8 4:00,0
2022/12/8 5:00,0
2022/12/8 6:00,0
2022/12/8 7:00,0.292879105
2022/12/8 8:00,77.65579987
2022/12/8 9:00,271.1521606
2022/12/8 10:00,463.5979004
2022/12/8 11:00,612.2197266
2022/12/8 12:00,698.7973022
2022/12/8 13:00,715.262207
2022/12/8 14:00,660.9584961
2022/12/8 15:00,540.3937378
2022/12/8 16:00,365.8021851
2022/12/8 17:00,164.4594269
2022/12/8 18:00,17.5557003
2022/12/8 19:00,0
2022/12/8 20:00,0
2022/12/8 21:00,0
2022/12/8 22:00,0
2022/12/8 23:00,0
2022/12/9 0:00,0
2022/12/9 1:00,0
2022/12/9 2:00,0
2022/12/9 3:00,0
2022/12/9 4:00,0
2022/12/9 5:00,0
2022/12/9 6:00,0
2022/12/9 7:00,0.220498502
2022/12/9 8:00,76.11474609
2022/12/9 9:00,270.9702759
2022/12/9 10:00,465.4908142
2022/12/9 11:00,616.5405884
2022/12/9 12:00,705.1343994
2022/12/9 13:00,722.8453979
2022/12/9 14:00,669.2972412
2022/12/9 15:00,548.5977783
2022/12/9 16:00,372.9816284
2022/12/9 17:00,169.4662781
2022/12/9 18:00,18.41529465
2022/12/9 19:00,0
2022/12/9 20:00,0
2022/12/9 21:00,0
2022/12/9 22:00,0
2022/12/9 23:00,0
2022/12/10 0:00,0
2022/12/10 1:00,0
2022/12/10 2:00,0
2022/12/10 3:00,0
2022/12/10 4:00,0
2022/12/10 5:00,0
2022/12/10 6:00,0
2022/12/10 7:00,0.1785741
2022/12/10 8:00,79.1186142
2022/12/10 9:00,278.3752441
2022/12/10 10:00,473.8964844
2022/12/10 11:00,624.4607544
2022/12/10 12:00,712.7069092
2022/12/10 13:00,730.3947754
2022/12/10 14:00,676.3097534
2022/12/10 15:00,554.6205444
2022/12/10 16:00,377.4707642
2022/12/10 17:00,171.9705048
2022/12/10 18:00,18.88258362
2022/12/10 19:00,0
2022/12/10 20:00,0
2022/12/10 21:00,0
2022/12/10 22:00,0
2022/12/10 23:00,0
2022/12/11 0:00,0
2022/12/11 1:00,0
2022/12/11 2:00,0
2022/12/11 3:00,0
2022/12/11 4:00,0
2022/12/11 5:00,0
2022/12/11 6:00,0
2022/12/11 7:00,0.122040771
2022/12/11 8:00,72.51043701
2022/12/11 9:00,261.0265198
2022/12/11 10:00,449.5819702
2022/12/11 11:00,595.0029297
2022/12/11 12:00,681.0288086
2022/12/11 13:00,699.1843872
2022/12/11 14:00,645.9484863
2022/12/11 15:00,524.598877
2022/12/11 16:00,348.9359131
2022/12/11 17:00,152.9376068
2022/12/11 18:00,16.91286278
2022/12/11 19:00,0
2022/12/11 20:00,0
2022/12/11 21:00,0
2022/12/11 22:00,0
2022/12/11 23:00,0
2022/12/12 0:00,0
2022/12/12 1:00,0
2022/12/12 2:00,0
2022/12/12 3:00,0
2022/12/12 4:00,0
2022/12/12 5:00,0
2022/12/12 6:00,0
2022/12/12 7:00,0.082836516
2022/12/12 8:00,68.33763885
2022/12/12 9:00,255.1828613
2022/12/12 10:00,445.6021423
2022/12/12 11:00,594.7651367
2022/12/12 12:00,685.4476929
2022/12/12 13:00,708.7131348
2022/12/12 14:00,661.086792
2022/12/12 15:00,545.7252808
2022/12/12 16:00,374.6202698
2022/12/12 17:00,174.0148163
2022/12/12 18:00,19.89214134
2022/12/12 19:00,0
2022/12/12 20:00,0
2022/12/12 21:00,0
2022/12/12 22:00,0
2022/12/12 23:00,0
2022/12/13 0:00,0
2022/12/13 1:00,0
2022/12/13 2:00,0
2022/12/13 3:00,0
2022/12/13 4:00,0
2022/12/13 5:00,0
2022/12/13 6:00,0
2022/12/13 7:00,0.051802561
2022/12/13 8:00,69.67686462
2022/12/13 9:00,259.6639099
2022/12/13 10:00,449.5277405
2022/12/13 11:00,596.6034546
2022/12/13 12:00,682.963562
2022/12/13 13:00,700.1767578
2022/12/13 14:00,647.0812378
2022/12/13 15:00,530.8864746
2022/12/13 16:00,363.8999023
2022/12/13 17:00,168.768219
2022/12/13 18:00,19.44021606
2022/12/13 19:00,0
2022/12/13 20:00,0
2022/12/13 21:00,0
2022/12/13 22:00,0
2022/12/13 23:00,0
2022/12/14 0:00,0
2022/12/14 1:00,0
2022/12/14 2:00,0
2022/12/14 3:00,0
2022/12/14 4:00,0
2022/12/14 5:00,0
2022/12/14 6:00,0
2022/12/14 7:00,0.022849828
2022/12/14 8:00,64.70787048
2022/12/14 9:00,249.6105194
2022/12/14 10:00,439.466217
2022/12/14 11:00,588.2907715
2022/12/14 12:00,677.692749
2022/12/14 13:00,699.0200806
2022/12/14 14:00,650.6564941
2022/12/14 15:00,537.5230713
2022/12/14 16:00,371.1970215
2022/12/14 17:00,174.6138458
2022/12/14 18:00,20.55572319
2022/12/14 19:00,0
2022/12/14 20:00,0
2022/12/14 21:00,0
2022/12/14 22:00,0
2022/12/14 23:00,0
2022/12/15 0:00,0
2022/12/15 1:00,0
2022/12/15 2:00,0
2022/12/15 3:00,0
2022/12/15 4:00,0
2022/12/15 5:00,0
2022/12/15 6:00,0
2022/12/15 7:00,0.013514763
2022/12/15 8:00,69.67081451
2022/12/15 9:00,262.4659424
2022/12/15 10:00,453.2922363
2022/12/15 11:00,601.185791
2022/12/15 12:00,688.8024292
2022/12/15 13:00,708.0223999
2022/12/15 14:00,657.6446533
2022/12/15 15:00,541.7894287
2022/12/15 16:00,371.7411194
2022/12/15 17:00,172.3981171
2022/12/15 18:00,20.36786461
2022/12/15 19:00,0
2022/12/15 20:00,0
2022/12/15 21:00,0
2022/12/15 22:00,0
2022/12/15 23:00,0
2022/12/16 0:00,0
2022/12/16 1:00,0
2022/12/16 2:00,0
2022/12/16 3:00,0
2022/12/16 4:00,0
2022/12/16 5:00,0
2022/12/16 6:00,0
2022/12/16 7:00,0
2022/12/16 8:00,68.32789612
2022/12/16 9:00,259.7825928
2022/12/16 10:00,447.8583984
2022/12/16 11:00,593.4281006
2022/12/16 12:00,679.7398071
2022/12/16 13:00,698.5341187
2022/12/16 14:00,648.3618774
2022/12/16 15:00,535.8930664
2022/12/16 16:00,372.2162781
2022/12/16 17:00,177.322525
2022/12/16 18:00,21.70793915
2022/12/16 19:00,0
2022/12/16 20:00,0
2022/12/16 21:00,0
2022/12/16 22:00,0
2022/12/16 23:00,0
2022/12/17 0:00,0
2022/12/17 1:00,0
2022/12/17 2:00,0
2022/12/17 3:00,0
2022/12/17 4:00,0
2022/12/17 5:00,0
2022/12/17 6:00,0
2022/12/17 7:00,0
2022/12/17 8:00,66.18097687
2022/12/17 9:00,257.3658142
2022/12/17 10:00,448.1097717
2022/12/17 11:00,597.368042
2022/12/17 12:00,687.5821533
2022/12/17 13:00,709.8829346
2022/12/17 14:00,662.1442871
2022/12/17 15:00,549.8033447
2022/12/17 16:00,383.7244873
2022/12/17 17:00,184.5174408
2022/12/17 18:00,23.19049072
2022/12/17 19:00,0
2022/12/17 20:00,0
2022/12/17 21:00,0
2022/12/17 22:00,0
2022/12/17 23:00,0
2022/12/18 0:00,0
2022/12/18 1:00,0
2022/12/18 2:00,0
2022/12/18 3:00,0
2022/12/18 4:00,0
2022/12/18 5:00,0
2022/12/18 6:00,0
2022/12/18 7:00,0
2022/12/18 8:00,73.03839874
2022/12/18 9:00,278.1086121
2022/12/18 10:00,476.3626709
2022/12/18 11:00,629.836853
2022/12/18 12:00,722.5273438
2022/12/18 13:00,746.0650635
2022/12/18 14:00,697.9577637
2022/12/18 15:00,581.8832397
2022/12/18 16:00,408.5017395
2022/12/18 17:00,199.6170654
2022/12/18 18:00,25.89832687
2022/12/18 19:00,0
2022/12/18 20:00,0
2022/12/18 21:00,0
2022/12/18 22:00,0
2022/12/18 23:00,0
2022/12/19 0:00,0
2022/12/19 1:00,0
2022/12/19 2:00,0
2022/12/19 3:00,0
2022/12/19 4:00,0
2022/12/19 5:00,0
2022/12/19 6:00,0
2022/12/19 7:00,0
2022/12/19 8:00,69.18489075
2022/12/19 9:00,267.5196838
2022/12/19 10:00,459.5379944
2022/12/19 11:00,607.5710449
2022/12/19 12:00,696.6702271
2022/12/19 13:00,718.2634888
2022/12/19 14:00,668.335083
2022/12/19 15:00,552.4766846
2022/12/19 16:00,382.0298767
2022/12/19 17:00,180.9526215
2022/12/19 18:00,23.13602257
2022/12/19 19:00,0
2022/12/19 20:00,0
2022/12/19 21:00,0
2022/12/19 22:00,0
2022/12/19 23:00,0
2022/12/20 0:00,0
2022/12/20 1:00,0
2022/12/20 2:00,0
2022/12/20 3:00,0
2022/12/20 4:00,0
2022/12/20 5:00,0
2022/12/20 6:00,0
2022/12/20 7:00,0
2022/12/20 8:00,63.97024536
2022/12/20 9:00,257.2289124
2022/12/20 10:00,450.3055725
2022/12/20 11:00,600.361084
2022/12/20 12:00,691.3025513
2022/12/20 13:00,714.6740723
2022/12/20 14:00,667.3095093
2022/12/20 15:00,553.5927734
2022/12/20 16:00,384.8504028
2022/12/20 17:00,184.5482178
2022/12/20 18:00,24.10426712
2022/12/20 19:00,0
2022/12/20 20:00,0
2022/12/20 21:00,0
2022/12/20 22:00,0
2022/12/20 23:00,0
2022/12/21 0:00,0
2022/12/21 1:00,0
2022/12/21 2:00,0
2022/12/21 3:00,0
2022/12/21 4:00,0
2022/12/21 5:00,0
2022/12/21 6:00,0
2022/12/21 7:00,0
2022/12/21 8:00,60.42097473
2022/12/21 9:00,249.9072571
2022/12/21 10:00,441.0487366
2022/12/21 11:00,590.9832153
2022/12/21 12:00,684.47229
2022/12/21 13:00,711.7531738
2022/12/21 14:00,667.2215576
2022/12/21 15:00,557.8261719
2022/12/21 16:00,393.9781799
2022/12/21 17:00,194.6964417
2022/12/21 18:00,26.871315
2022/12/21 19:00,0
2022/12/21 20:00,0
2022/12/21 21:00,0
2022/12/21 22:00,0
2022/12/21 23:00,0
2022/12/22 0:00,0
2022/12/22 1:00,0
2022/12/22 2:00,0
2022/12/22 3:00,0
2022/12/22 4:00,0
2022/12/22 5:00,0
2022/12/22 6:00,0
2022/12/22 7:00,0
2022/12/22 8:00,68.60954285
2022/12/22 9:00,275.3503113
2022/12/22 10:00,479.0947876
2022/12/22 11:00,637.4345093
2022/12/22 12:00,733.0413818
2022/12/22 13:00,757.4714966
2022/12/22 14:00,709.0928955
2022/12/22 15:00,592.1787109
2022/12/22 16:00,417.7298584
2022/12/22 17:00,207.3656158
2022/12/22 18:00,29.12696075
2022/12/22 19:00,0
2022/12/22 20:00,0
2022/12/22 21:00,0
2022/12/22 22:00,0
2022/12/22 23:00,0
2022/12/23 0:00,0
2022/12/23 1:00,0
2022/12/23 2:00,0
2022/12/23 3:00,0
2022/12/23 4:00,0
2022/12/23 5:00,0
2022/12/23 6:00,0
2022/12/23 7:00,0
2022/12/23 8:00,65.37854004
2022/12/23 9:00,268.8623657
2022/12/23 10:00,471.7382507
2022/12/23 11:00,630.5946655
2022/12/23 12:00,728.2669067
2022/12/23 13:00,755.7165527
2022/12/23 14:00,710.281189
2022/12/23 15:00,594.5913696
2022/12/23 16:00,419.753479
2022/12/23 17:00,209.0643616
2022/12/23 18:00,29.84653854
2022/12/23 19:00,0
2022/12/23 20:00,0
2022/12/23 21:00,0
2022/12/23 22:00,0
2022/12/23 23:00,0
2022/12/24 0:00,0
2022/12/24 1:00,0
2022/12/24 2:00,0
2022/12/24 3:00,0
2022/12/24 4:00,0
2022/12/24 5:00,0
2022/12/24 6:00,0
2022/12/24 7:00,0
2022/12/24 8:00,60.28756332
2022/12/24 9:00,254.7902069
2022/12/24 10:00,449.5541687
2022/12/24 11:00,601.4454956
2022/12/24 12:00,695.2960205
2022/12/24 13:00,722.0111694
2022/12/24 14:00,676.2761841
2022/12/24 15:00,562.1643677
2022/12/24 16:00,391.2260132
2022/12/24 17:00,188.4505768
2022/12/24 18:00,26.32463646
2022/12/24 19:00,0
2022/12/24 20:00,0
2022/12/24 21:00,0
2022/12/24 22:00,0
2022/12/24 23:00,0
2022/12/25 0:00,0
2022/12/25 1:00,0
2022/12/25 2:00,0
2022/12/25 3:00,0
2022/12/25 4:00,0
2022/12/25 5:00,0
2022/12/25 6:00,0
2022/12/25 7:00,0
2022/12/25 8:00,58.68801117
2022/12/25 9:00,256.2365112
2022/12/25 10:00,460.7910156
2022/12/25 11:00,622.8277588
2022/12/25 12:00,721.9006348
2022/12/25 13:00,748.9289551
2022/12/25 14:00,703.4440308
2022/12/25 15:00,589.6824951
2022/12/25 16:00,418.2836609
2022/12/25 17:00,210.2139435
2022/12/25 18:00,31.32426643
2022/12/25 19:00,0
2022/12/25 20:00,0
2022/12/25 21:00,0
2022/12/25 22:00,0
2022/12/25 23:00,0
2022/12/26 0:00,0
2022/12/26 1:00,0
2022/12/26 2:00,0
2022/12/26 3:00,0
2022/12/26 4:00,0
2022/12/26 5:00,0
2022/12/26 6:00,0
2022/12/26 7:00,0
2022/12/26 8:00,60.30367661
2022/12/26 9:00,256.6237183
2022/12/26 10:00,452.6766052
2022/12/26 11:00,605.942749
2022/12/26 12:00,699.9019165
2022/12/26 13:00,725.4688721
2022/12/26 14:00,679.1726685
2022/12/26 15:00,565.2870483
2022/12/26 16:00,395.0528259
2022/12/26 17:00,192.3658447
2022/12/26 18:00,28.07596779
2022/12/26 19:00,0
2022/12/26 20:00,0
2022/12/26 21:00,0
2022/12/26 22:00,0
2022/12/26 23:00,0
2022/12/27 0:00,0
2022/12/27 1:00,0
2022/12/27 2:00,0
2022/12/27 3:00,0
2022/12/27 4:00,0
2022/12/27 5:00,0
2022/12/27 6:00,0
2022/12/27 7:00,0
2022/12/27 8:00,51.59287643
2022/12/27 9:00,235.6919403
2022/12/27 10:00,433.6903076
2022/12/27 11:00,592.1676636
2022/12/27 12:00,689.7647095
2022/12/27 13:00,716.9646606
2022/12/27 14:00,672.4016724
2022/12/27 15:00,560.328064
2022/12/27 16:00,391.9083557
2022/12/27 17:00,191.3694
2022/12/27 18:00,28.54722786
2022/12/27 19:00,0
2022/12/27 20:00,0
2022/12/27 21:00,0
2022/12/27 22:00,0
2022/12/27 23:00,0
2022/12/28 0:00,0
2022/12/28 1:00,0
2022/12/28 2:00,0
2022/12/28 3:00,0
2022/12/28 4:00,0
2022/12/28 5:00,0
2022/12/28 6:00,0
2022/12/28 7:00,0
2022/12/28 8:00,52.38679123
2022/12/28 9:00,238.2831573
2022/12/28 10:00,433.7793274
2022/12/28 11:00,589.0377197
2022/12/28 12:00,685.1856689
2022/12/28 13:00,712.7650757
2022/12/28 14:00,668.8623657
2022/12/28 15:00,556.3359985
2022/12/28 16:00,386.7663574
2022/12/28 17:00,187.1333008
2022/12/28 18:00,28.0826664
2022/12/28 19:00,0
2022/12/28 20:00,0
2022/12/28 21:00,0
2022/12/28 22:00,0
2022/12/28 23:00,0
2022/12/29 0:00,0
2022/12/29 1:00,0
2022/12/29 2:00,0
2022/12/29 3:00,0
2022/12/29 4:00,0
2022/12/29 5:00,0
2022/12/29 6:00,0
2022/12/29 7:00,0
2022/12/29 8:00,45.05471039
2022/12/29 9:00,214.5754089
2022/12/29 10:00,406.5817261
2022/12/29 11:00,563.2858276
2022/12/29 12:00,663.0789185
2022/12/29 13:00,695.8285522
2022/12/29 14:00,657.4353027
2022/12/29 15:00,551.2354126
2022/12/29 16:00,388.3008728
2022/12/29 17:00,192.5577087
2022/12/29 18:00,30.01558495
2022/12/29 19:00,0
2022/12/29 20:00,0
2022/12/29 21:00,0
2022/12/29 22:00,0
2022/12/29 23:00,0
2022/12/30 0:00,0
2022/12/30 1:00,0
2022/12/30 2:00,0
2022/12/30 3:00,0
2022/12/30 4:00,0
2022/12/30 5:00,0
2022/12/30 6:00,0
2022/12/30 7:00,0
2022/12/30 8:00,47.35311508
2022/12/30 9:00,223.8592529
2022/12/30 10:00,416.6199036
2022/12/30 11:00,571.2910156
2022/12/30 12:00,669.5316162
2022/12/30 13:00,701.4584351
2022/12/30 14:00,661.6421509
2022/12/30 15:00,553.5469971
2022/12/30 16:00,388.5669556
2022/12/30 17:00,191.9143524
2022/12/30 18:00,30.45094299
2022/12/30 19:00,0
2022/12/30 20:00,0
2022/12/30 21:00,0
2022/12/30 22:00,0
2022/12/30 23:00,0
2022/12/31 0:00,0
2022/12/31 1:00,0
2022/12/31 2:00,0
2022/12/31 3:00,0
2022/12/31 4:00,0
2022/12/31 5:00,0
2022/12/31 6:00,0
2022/12/31 7:00,0
2022/12/31 8:00,48.46485901
2022/12/31 9:00,231.5225983
2022/12/31 10:00,430.3486023
2022/12/31 11:00,590.0440063
2022/12/31 12:00,689.9818115
2022/12/31 13:00,720.4854126
2022/12/31 14:00,679.0181885
2022/12/31 15:00,568.4089355
2022/12/31 16:00,399.9004211
2022/12/31 17:00,198.656601
2022/12/31 18:00,31.99018478
2022/12/31 19:00,0
2022/12/31 20:00,0
2022/12/31 21:00,0
2022/12/31 22:00,0
2022/12/31 23:00,0
2023/1/1 0:00,0
2023/1/1 1:00,0
2023/1/1 2:00,0
2023/1/1 3:00,0
2023/1/1 4:00,0
2023/1/1 5:00,0
2023/1/1 6:00,0
2023/1/1 7:00,0
2023/1/1 8:00,51.52314758
2023/1/1 9:00,238.7870789
2023/1/1 10:00,431.9961548
2023/1/1 11:00,585.2125244
2023/1/1 12:00,681.4730835
2023/1/1 13:00,711.5146484
2023/1/1 14:00,671.6123657
2023/1/1 15:00,565.7734985
2023/1/1 16:00,404.4055786
2023/1/1 17:00,207.7049103
2023/1/1 18:00,35.06502533
2023/1/1 19:00,0
2023/1/1 20:00,0
2023/1/1 21:00,0
2023/1/1 22:00,0
2023/1/1 23:00,0
2023/1/2 0:00,0
2023/1/2 1:00,0
2023/1/2 2:00,0
2023/1/2 3:00,0
2023/1/2 4:00,0
2023/1/2 5:00,0
2023/1/2 6:00,0
2023/1/2 7:00,0
2023/1/2 8:00,46.88183594
